permutation_id	mean_difference	at_least_observed
1	0.3939276267434195	0
2	0.3873397781453195	0
3	0.10659106112916512	0
4	-0.27235548270761123	0
5	0.1484418812627519	0
6	-0.20401757836707482	0
7	-0.1588248523664735	0
8	-0.7255323191481358	0
9	0.06010990091863906	0
10	0.2492335388280961	0
11	-0.11716647644624353	0
12	-0.19793632978168635	0
13	-0.2446944215590902	0
14	-0.08758016030619264	0
15	0.06013757520147045	0
16	-0.10303307104856321	0
17	0.1187657083980347	0
18	0.10312670926624518	0
19	0.060749787259609854	0
20	0.04594249410289962	0
21	0.34074588147688983	0
22	-0.012427206869246274	0
23	0.38009192076001097	0
24	0.21049324289678345	0
25	0.36916225016676085	0
26	-0.4294892029787791	0
27	0.07893463401648723	0
28	-0.024575410044322597	0
29	0.2041405584243901	0
30	0.14555638760166503	0
31	-0.21913444109438474	0
32	-0.31206770864470224	0
33	-0.14577698749121162	0
34	-0.029393388051023463	0
35	-0.08512704401622037	0
36	0.15495367711950647	0
37	0.16692787795993752	0
38	0.1275196080547133	0
39	0.0026455589910469833	0
40	-0.11348114063981968	0
41	0.20193130575596488	0
42	-0.013458471190804356	0
43	0.22396307538253354	0
44	-0.24914082490801884	0
45	0.07129628495687514	0
46	0.3725669099107737	0
47	-0.13634696235336186	0
48	-0.015758087007666968	0
49	0.04261181496000245	0
50	0.01704017287297732	0
51	-0.1906285299299087	0
52	-0.2436158755677429	0
53	0.17056424755810842	0
54	-0.252329786726075	0
55	-0.15516186944956234	0
56	0.10022509967844664	0
57	0.2046345193299979	0
58	-0.3244363988640845	0
59	0.2917476614073969	0
60	-0.23964157314636542	0
61	0.21860944165220703	0
62	0.32016981782169396	0
63	0.4291042987717738	0
64	0.011043833473518054	0
65	-0.30786217585749553	0
66	-0.04385421247167173	0
67	0.14667554105603792	0
68	-0.18816995047098528	0
69	-0.15787673078686948	0
70	-0.32490974920972715	0
71	0.1693749043065256	0
72	-0.3487382792447653	0
73	0.1817655630532389	0
74	-0.119404224508282	0
75	0.00727822574272694	0
76	0.2822469035380847	0
77	0.04118577097364973	0
78	-0.183810351537614	0
79	0.19124774872432096	0
80	0.08913946308936493	0
81	0.1792488842625341	0
82	-0.37703776523648236	0
83	0.11256705326997317	0
84	0.2536073204402251	0
85	-0.2955537072560824	0
86	-0.1820738157837813	0
87	0.1556861031684167	0
88	0.015199366337702141	0
89	-0.06679234027418461	0
90	-0.250817229751725	0
91	-0.22483376210318673	0
92	-0.22353869615483746	0
93	0.09075506055963663	0
94	0.3048120537361043	0
95	-0.217639482658146	0
96	0.008220590146074458	0
97	0.21799545953797056	0
98	-0.22998787088350423	0
99	-0.3682807350179982	0
100	0.48769960144063085	0
101	0.2904446934920472	0
102	0.24823857591294884	0
103	-0.0005771277522021631	0
104	0.10395152910069728	0
105	-0.22783430975498653	0
106	-0.5143462611638845	0
107	0.5782091766227379	0
108	-0.026191882422218458	0
109	-0.1397108922940603	0
110	-0.3596146697663729	0
111	-0.200087935568935	0
112	0.6478921404275481	1
113	0.23203930940182385	0
114	0.3855062748084639	0
115	0.33279702694016244	0
116	0.06878727001818913	0
117	0.4181189392417458	0
118	0.12816076593106032	0
119	-0.18302084754569914	0
120	-0.761280461046448	0
121	0.08998475367640721	0
122	0.2483971808700972	0
123	-0.38118718039201915	0
124	-0.08943243084243567	0
125	-0.04391973509981785	0
126	-0.4990385215482148	0
127	-0.19471406727994017	0
128	-0.17574116073354223	0
129	-0.33462195622961094	0
130	0.40992086548743867	0
131	-0.3024976223245124	0
132	-0.014984019545802911	0
133	0.18192836576926502	0
134	-0.11431384142771919	0
135	0.25119640582734715	0
136	-0.42765989046325903	0
137	-0.29602522479397453	0
138	0.432027222547679	0
139	0.42143037537764605	0
140	-0.03307059549656209	0
141	0.04806147523753653	0
142	-0.20453118931447448	0
143	-0.13534367668096894	0
144	0.1785490022629675	0
145	0.38445977577346513	0
146	0.09032044425248022	0
147	-0.24645248985105564	0
148	-0.25153863359441964	0
149	0.004676077921907601	0
150	0.25224222439073574	0
151	0.31295661699346006	0
152	0.3284274674433778	0
153	-0.10911792993680774	0
154	-0.1334273661383811	0
155	0.10895604843612665	0
156	0.239987449549663	0
157	0.3636669309143975	0
158	0.23751607484266737	0
159	-0.22632073942145886	0
160	0.4397613193221266	0
161	-0.19640337557223544	0
162	0.16756313597961303	0
163	0.4203899230190382	0
164	0.16806895937119581	0
165	0.1881983146622671	0
166	0.04566514390277927	0
167	-0.18974983729428485	0
168	-0.02448099207310408	0
169	0.00282782475631566	0
170	-0.16830887435833744	0
171	-0.15434347447169774	0
172	0.3026249303045018	0
173	-0.0046673404929425105	0
174	-0.30410558994575165	0
175	-0.4043332102653199	0
176	-0.22667381449603757	0
177	0.07278101265055652	0
178	0.11418804664283126	0
179	-0.005626041864951004	0
180	0.3172103584178077	0
181	-0.41289687382208434	0
182	0.21285805059348262	0
183	0.12530771900321785	0
184	0.06345203422140329	0
185	-0.3895502907278293	0
186	0.27984177078919187	0
187	-0.3013229309092752	0
188	-0.06366747725059481	0
189	-0.08382460245944845	0
190	-0.30595106638889846	0
191	0.10195129786494472	0
192	0.11174639582564783	0
193	0.3549680208755761	0
194	0.1148289212569211	0
195	-0.2617455734490318	0
196	-0.07389378123006464	0
197	-0.1720776142516778	0
198	-0.10873459320075066	0
199	0.16886093127234003	0
200	0.30547127441443583	0
201	0.26683054899179043	0
202	0.2678944529799966	0
203	0.1794866408478231	0
204	0.06882115232962506	0
205	-0.038532127528851386	0
206	0.3995594090273459	0
207	-0.23259250859116107	0
208	0.1902806140578476	0
209	-0.013601479507688263	0
210	-0.09152359714449247	0
211	0.027801819014229633	0
212	-0.3510413815362941	0
213	-0.2564710044350883	0
214	0.5551664161651082	0
215	-0.02224916144123562	0
216	-0.1363415978910984	0
217	0.2821336600503815	0
218	0.14055610355403197	0
219	0.09684744106161687	0
220	-0.21517891203489187	0
221	0.18716734574645907	0
222	0.09603643068398875	0
223	0.26726902966865124	0
224	0.09876377867370831	0
225	-0.26320284250476944	0
226	-0.36130671178066887	0
227	0.13684958060435692	0
228	-0.22336185132463163	0
229	-0.32739891073325345	0
230	-0.04853643004323992	0
231	-0.01939657612505003	0
232	-0.2823607548228006	0
233	-0.11926627047004187	0
234	0.00931944780859528	0
235	0.4722460448709093	0
236	-0.26186368683137673	0
237	-0.018644138162392652	0
238	0.5627747242902759	0
239	0.45409246281518245	0
240	0.13203723306804488	0
241	-0.3011916576051512	0
242	0.319731335887783	0
243	-0.5063570064412894	0
244	-0.06634113081614385	0
245	-0.12064977239119534	0
246	0.08380283127823057	0
247	0.020931346798409488	0
248	-0.18065138194586522	0
249	0.20266266967545532	0
250	-0.08611235034142964	0
251	-0.054096923443027314	0
252	-0.2109260359992241	0
253	-0.21938310290733298	0
254	0.2616307107758168	0
255	-0.023274399442104757	0
256	-0.19548348103721766	0
257	0.2827354830319731	0
258	-0.23016853902932624	0
259	-0.3001378265369582	0
260	0.10566101748570592	0
261	0.17272843735153376	0
262	0.11621282039512563	0
263	0.10095924795181781	0
264	-0.3437550960922532	0
265	-0.17168814777993935	0
266	-0.1287371103808365	0
267	-0.03962245941402148	0
268	-0.19603845009647886	0
269	-0.04985472439804276	0
270	0.39489672314523283	0
271	-0.1427115414465907	0
272	0.14003394820854423	0
273	0.023790992133759133	0
274	-0.01318511451124964	0
275	-0.2459873814321619	0
276	-0.3250519939568056	0
277	-0.17011524323760496	0
278	-0.41357369746938155	0
279	-0.3172173541722574	0
280	-0.09180450759261582	0
281	-0.2350544686225394	0
282	-0.21458340783053095	0
283	0.14444029528244917	0
284	0.1609889890645465	0
285	-0.18333977767292836	0
286	0.23224764813316434	0
287	-0.19976749707292202	0
288	-0.28690756507703674	0
289	-0.0370503967886784	0
290	0.2346259834185312	0
291	-0.4072091652844501	0
292	-0.19953067167724103	0
293	0.07471649581730629	0
294	0.101737933949193	0
295	0.2776183072609093	0
296	-0.028976467839589792	0
297	0.27540504782377856	0
298	-0.05324160542541051	0
299	-0.004345533223413756	0
300	0.12325370015633295	0
301	0.32310617804933106	0
302	0.07424912765466637	0
303	0.0685706443914393	0
304	0.49606156863986595	0
305	0.2158755233868253	0
306	0.2570506580038764	0
307	-0.104380269133809	0
308	0.1042565231686779	0
309	0.12107938012150915	0
310	-0.24952707231421034	0
311	0.3299473884319214	0
312	-0.5885733463247895	0
313	-0.0983265220727263	0
314	-0.043835941140803386	0
315	0.18070612698013697	0
316	-0.19619778866691423	0
317	0.2615407531336072	0
318	0.16571140295973696	0
319	0.29555731737420476	0
320	0.04838015636675376	0
321	0.2266764392223189	0
322	0.05657344760999436	0
323	0.3022402364220357	0
324	0.20382069579229434	0
325	-0.25075883280402084	0
326	-0.05262403604788764	0
327	0.015938456131052152	0
328	-0.26239266343647305	0
329	-0.3761282380562054	0
330	0.319822216134233	0
331	-0.14407335211070768	0
332	-0.16173889382883494	0
333	-0.2349702944785534	0
334	0.2144127849041847	0
335	0.07471000381371534	0
336	0.03687342811520843	0
337	-0.28901869643473826	0
338	0.3974851930397839	0
339	-0.10440320564640262	0
340	0.15166546278148418	0
341	-0.6292829048740034	0
342	0.10659836734828719	0
343	-0.07339159396659294	0
344	-0.10577468066199469	0
345	0.5137945900792562	0
346	-0.08759868473559079	0
347	0.20768732722935412	0
348	-0.19160825424042427	0
349	0.14464192806056805	0
350	-0.06004752144504669	0
351	0.08268155720520559	0
352	0.32249696859128996	0
353	0.2570336821783009	0
354	-0.14468056497933962	0
355	-0.06401224690553499	0
356	-0.16158635375857172	0
357	-0.0053674064350692045	0
358	-0.04097040403573039	0
359	-0.2109073537354153	0
360	-0.22364282038720862	0
361	-0.098660046366036	0
362	0.14873145985775243	0
363	0.18107082023297338	0
364	0.23790283858839104	0
365	-0.27026201303328057	0
366	-0.5413836359069492	0
367	-0.4239711958126934	0
368	-0.2025806286976673	0
369	0.39906126845045153	0
370	-0.30547421794898594	0
371	-0.12022605385188907	0
372	-0.19512719398484	0
373	-0.039348305015615745	0
374	-0.06659679646770367	0
375	0.4160320564259308	0
376	0.05443323238326586	0
377	0.48411884386057835	0
378	-0.0341764677331553	0
379	0.030471337135021506	0
380	-0.37603892250417426	0
381	0.29954278329816764	0
382	-0.3488955478445738	0
383	-0.02439000901007659	0
384	0.10911379893163921	0
385	0.5002676790126019	0
386	-0.21508163599321367	0
387	-0.19573431685707154	0
388	0.0011741599806473618	0
389	-0.2069173623142165	0
390	0.2249153264615532	0
391	-0.18356633837996816	0
392	-0.14782683193060522	0
393	-0.507193211627137	0
394	0.11488469402697765	0
395	-0.7426872182510547	0
396	0.2166298747466357	0
397	-0.2869112093672459	0
398	0.07252586582932248	0
399	-0.10916542447020786	0
400	-0.05220468956470327	0
401	0.06280768556236277	0
402	0.1576632759678331	0
403	0.20587377112036992	0
404	-0.020432342523070468	0
405	0.36876084211647675	0
406	0.34671173171034236	0
407	-0.49962808029437644	0
408	0.22288493141360727	0
409	0.041261471239008196	0
410	0.3499695846676807	0
411	0.010959656427377795	0
412	-0.2520600907489097	0
413	-0.4078547989838358	0
414	-0.0361345281054966	0
415	0.31551762175145537	0
416	0.06865480725312183	0
417	0.1753133670541574	0
418	-0.10378998419324992	0
419	-0.20719687131020975	0
420	0.03302755661055911	0
421	0.1960940443051264	0
422	0.32026420480026574	0
423	0.1832816317088411	0
424	-0.022606877948189472	0
425	0.15769432440931735	0
426	0.7812363557670585	1
427	0.2024699896015173	0
428	0.014825293352127837	0
429	0.45217397442602314	0
430	-0.38536457844926475	0
431	-0.17257703316669198	0
432	0.32131903262022365	0
433	0.1496802586342209	0
434	-0.07566753355657325	0
435	-0.11123856794559125	0
436	0.18937631690912446	0
437	0.1622354358799744	0
438	0.5166405467929697	0
439	0.16450496091813066	0
440	-0.3059091687672401	0
441	0.13872097152509702	0
442	0.05513282660296008	0
443	0.2632903121868788	0
444	0.05220054771899881	0
445	-0.46156045850203864	0
446	-0.4176449702007665	0
447	-0.07461497719547769	0
448	0.151594994222777	0
449	-0.028848297516303467	0
450	0.19005397338824218	0
451	0.04652942734395815	0
452	-0.4572433599319904	0
453	0.14806429554422973	0
454	-0.2306273833613595	0
455	-0.13076624387420907	0
456	0.12956809659276353	0
457	-0.1616365798581948	0
458	-0.2861693512343457	0
459	0.18338571508585597	0
460	0.10604588664735048	0
461	-0.12022401863558829	0
462	-0.20822184246818198	0
463	-0.38891616216063946	0
464	0.16799280964758978	0
465	0.17100317339212084	0
466	-0.0730354314542837	0
467	-0.26706094334635133	0
468	-0.3645159846884675	0
469	0.597905680943009	1
470	0.569102043443718	0
471	0.24170015205954035	0
472	0.3162913922930828	0
473	0.07634038995745429	0
474	0.14989884170619472	0
475	0.02490454720780025	0
476	0.26730114395591653	0
477	-0.012465590264469681	0
478	0.004606190037840217	0
479	-0.15225333377784656	0
480	0.014751417408342963	0
481	-0.06004679869336877	0
482	0.5426769330005862	0
483	0.03307993180568606	0
484	0.06301712479040072	0
485	0.16280556908869714	0
486	0.039380746379952175	0
487	0.301388599943298	0
488	-0.13571775712627682	0
489	-0.020083101385204232	0
490	0.12050504843531998	0
491	-0.47162748229483614	0
492	0.1181214255858008	0
493	0.5612971685292285	0
494	-0.23706905032544762	0
495	-0.1644391967895652	0
496	-0.34822549125306523	0
497	0.5870125051363766	0
498	-0.026091267453838808	0
499	0.1122300640937936	0
500	-0.6013780922659973	0
501	0.3050378394803161	0
502	0.0444903240787706	0
503	0.3773008388930311	0
504	0.18759198041197533	0
505	-0.15523950627171546	0
506	0.5547912984110326	0
507	0.03906578973794762	0
508	-0.0800872368025442	0
509	0.13993592717032344	0
510	-0.05591649713829326	0
511	0.06413281550541505	0
512	0.23160666326240573	0
513	0.20019204530273402	0
514	0.47312424572823875	0
515	0.3099155716264922	0
516	0.16798287414169488	0
517	0.23822568278488376	0
518	-0.5822540261905287	0
519	0.11815706405286368	0
520	0.15798491866284442	0
521	-0.2642134547496032	0
522	0.06681325629207854	0
523	0.14416469590648198	0
524	-0.07156373677319867	0
525	0.11537786265874325	0
526	0.3497299734520083	0
527	0.2656318244517031	0
528	0.5829329866016523	0
529	-0.08648443777162995	0
530	0.16682682134586244	0
531	0.0031673893417477486	0
532	-0.32260193618105704	0
533	0.05202527013686766	0
534	0.07318346050697354	0
535	0.09815997525704265	0
536	-0.19804012242842814	0
537	0.3525995351598492	0
538	0.4091779359901909	0
539	0.04233024663136099	0
540	0.0695755572158051	0
541	0.06791247419939064	0
542	0.30426667186079426	0
543	0.39249021501311787	0
544	-0.0402817089107111	0
545	0.3489820445236865	0
546	0.12292102198904795	0
547	0.3388997778586111	0
548	-0.2030592320090216	0
549	0.1810849509732714	0
550	0.24037221862117195	0
551	-0.44680804215861447	0
552	0.05627533173880788	0
553	0.13477446801258045	0
554	0.08011648121814012	0
555	-0.3669548089360684	0
556	0.0801914194371808	0
557	-0.48305460376905884	0
558	0.06866881958336953	0
559	-0.3968925853868954	0
560	0.03180533118764946	0
561	0.17631744921858516	0
562	0.26422400152931436	0
563	0.23953791666737276	0
564	-0.08297029553001409	0
565	-0.18551780274400093	0
566	-0.6131175870066967	0
567	-0.3997786468928297	0
568	-0.19877865335857006	0
569	-0.09142681879715372	0
570	-0.06666969115688204	0
571	0.040231998174329875	0
572	0.4506690850422712	0
573	-0.007174855169765515	0
574	-0.20432742641589607	0
575	-0.02162239366764676	0
576	-0.24460159177220367	0
577	0.024392506674668878	0
578	0.21385278235677654	0
579	-0.008081540709902663	0
580	0.28304916217003573	0
581	0.02687167558165307	0
582	0.2279008692660341	0
583	0.09306901785423768	0
584	0.2469441866257706	0
585	0.2121714467603137	0
586	-0.3143956645182383	0
587	-0.023114449295211614	0
588	0.15202155150742053	0
589	0.005877548873686903	0
590	-0.32594673425469367	0
591	-0.4459129883039995	0
592	0.2252027841995961	0
593	0.06428577723214006	0
594	0.2598699854640827	0
595	0.07246217448084954	0
596	0.15195129356727294	0
597	0.10474603317402278	0
598	-0.03790709909266914	0
599	-0.24589813768794994	0
600	0.10759244826462044	0
601	0.17677084128139192	0
602	-0.2052711365896313	0
603	0.08091646969924735	0
604	-0.12017171972794222	0
605	0.12544587642493704	0
606	-0.6148628194803374	0
607	0.13901650350434747	0
608	0.4402322956901362	0
609	-0.027682636714004	0
610	-0.42282850549798445	0
611	-0.24592063278731716	0
612	0.10845312342928835	0
613	-0.2822959077743905	0
614	0.12126007823522843	0
615	-0.09199555848248347	0
616	0.15213346283819562	0
617	0.20264593607089365	0
618	-0.08265681907710092	0
619	0.01704642643174776	0
620	0.3526440492187358	0
621	-0.26027220687137603	0
622	0.26886860220406444	0
623	0.0954358164037436	0
624	-0.15819843313668389	0
625	-0.05043058118136999	0
626	-0.14381501239391206	0
627	-0.2240939481905458	0
628	-0.05562493637166385	0
629	0.06931053882786971	0
630	-0.009529507746823897	0
631	0.16199601525556276	0
632	-0.614879973281186	0
633	-0.18053004187033617	0
634	-0.30546498163880764	0
635	-0.2579486011325629	0
636	-0.3550222696196619	0
637	0.008723897984601582	0
638	-0.060267840084750196	0
639	0.1386592132386835	0
640	-0.0680974736345578	0
641	-0.10463904789044906	0
642	-0.007782021416161698	0
643	-0.30704499085864106	0
644	-0.6702034875935796	0
645	0.18763299031707648	0
646	0.4502205438544195	0
647	0.2244980666369388	0
648	-0.19421820456720376	0
649	-0.0019716772035210453	0
650	0.026723651568572697	0
651	-0.24025828450450207	0
652	0.10881964470189975	0
653	-0.2663875432733742	0
654	0.4236794773615519	0
655	-0.32477372205626315	0
656	-0.515324582869471	0
657	-0.32008766332820215	0
658	0.1981388331651258	0
659	-0.0819606809312303	0
660	0.005279080961936929	0
661	0.19262973297225627	0
662	0.4986706574502156	0
663	0.13195431214301293	0
664	-0.06615869653565651	0
665	-0.030538668358870404	0
666	0.09008938268995967	0
667	-0.09551322185424213	0
668	-0.4724818475552933	0
669	-0.06525539867869798	0
670	-0.03503352834997206	0
671	-0.10248196756423064	0
672	0.1260548523748193	0
673	-0.12098843151571988	0
674	0.0784580748352374	0
675	0.33520236924298297	0
676	0.3168678070200165	0
677	0.2832987081181881	0
678	0.29772225685199727	0
679	-0.35171044590523015	0
680	-0.5851290220619615	0
681	-0.0872952696495694	0
682	-0.3780783473242354	0
683	0.08508029272394793	0
684	0.2287825560079974	0
685	-0.28495806720595684	0
686	-0.10347023579931022	0
687	-0.310964312130585	0
688	0.07870390018454008	0
689	-0.01490745294977585	0
690	-0.549001964714934	0
691	-0.30754445134351993	0
692	0.45354660518703793	0
693	0.4147345775922597	0
694	-0.3901233615121895	0
695	-0.07281569562809759	0
696	-0.27268241282781625	0
697	0.27140926155401746	0
698	0.21267707325047153	0
699	0.0018159011355691002	0
700	-0.06869266948906931	0
701	0.2583278565751929	0
702	0.3472139940677148	0
703	-0.09134101679711859	0
704	0.46105771284795205	0
705	0.28990873615184276	0
706	-0.07779763900970818	0
707	-0.28143842986236395	0
708	0.2618169486969401	0
709	0.26341476004991976	0
710	-0.11607202348623485	0
711	0.07230105486524505	0
712	-0.004237354338673301	0
713	0.25611971163722524	0
714	-0.1916575586715287	0
715	-0.3369078932235905	0
716	-0.32101800900252986	0
717	0.7193352515669219	1
718	-0.034001929555696905	0
719	0.054613047736602555	0
720	-0.2750411632861967	0
721	0.20098242411818792	0
722	0.08306163890565105	0
723	-0.15786069805061304	0
724	0.24597810867860226	0
725	-0.5161271402946067	0
726	0.17391575201511908	0
727	0.3615045022355651	0
728	-0.16208179612425191	0
729	0.019841167717763557	0
730	0.01047587803054383	0
731	0.4015226880711853	0
732	0.021492702802376966	0
733	-0.009736502355402259	0
734	0.15807101891249203	0
735	0.2244274969146718	0
736	0.2851264269758106	0
737	-0.19917767036714426	0
738	-0.05193886202467468	0
739	0.26084937749494513	0
740	0.13414633607091575	0
741	-0.0800128920515163	0
742	0.19967353426770235	0
743	-0.19051249765031747	0
744	-0.07229106434173396	0
745	0.11716553097346163	0
746	-0.07008518866965233	0
747	0.04625145808524754	0
748	0.18791371287148875	0
749	0.1379409533455942	0
750	0.16126517618800792	0
751	-0.5254272335635222	0
752	0.36359427447049075	0
753	0.12372279063835016	0
754	0.21723634688699234	0
755	0.1576227620709743	0
756	-0.03355942854974861	0
757	0.3251038539195017	0
758	-0.09456832155523326	0
759	0.10701307877113113	0
760	0.2279983025995196	0
761	0.25628799086908444	0
762	-0.014646383848522819	0
763	-0.21538392944738494	0
764	-0.09021026504998411	0
765	-0.08816533536740048	0
766	-0.12594804324532408	0
767	-0.09882830963550154	0
768	0.19633845397112676	0
769	-0.15481515432123827	0
770	-0.1162087232719386	0
771	-0.0965017416994555	0
772	0.21925734612018877	0
773	0.10306793521554758	0
774	-0.03949175177186938	0
775	0.03529261195958257	0
776	-0.3031038281317129	0
777	0.2967431818327006	0
778	0.26276538954986833	0
779	0.3821085766152278	0
780	0.3648277660388606	0
781	0.3588060309270342	0
782	0.32620208071414386	0
783	0.05215416510913615	0
784	-0.10968511128888796	0
785	0.12742863158322176	0
786	0.6426258933920679	1
787	0.1710109577266032	0
788	0.06037858176014492	0
789	-0.4812536236359227	0
790	-0.07402185238218383	0
791	-0.3665487091665758	0
792	0.41231258833296025	0
793	0.30631331354848645	0
794	-0.08257506995153399	0
795	-0.14788382612511786	0
796	-0.010917695358297702	0
797	0.30606026947795967	0
798	0.07962362065249562	0
799	-0.13332330044748505	0
800	-0.18750472138403834	0
801	-0.07732972156974854	0
802	0.0762856424866284	0
803	0.28108026098349514	0
804	0.20603370338354626	0
805	0.1879356859916592	0
806	-0.09232856295958346	0
807	0.0022735166448496916	0
808	0.2501003472970222	0
809	-0.0713903583041582	0
810	0.2848619319852125	0
811	-0.2778668228904749	0
812	0.05730213616664179	0
813	0.016843917611779884	0
814	-0.03094375488791714	0
815	-0.07527009715326283	0
816	-0.07471443350727364	0
817	0.05375683009738853	0
818	0.2995886264521902	0
819	-0.051253042688752026	0
820	0.24600572330158976	0
821	0.5106491992887375	0
822	-0.21779146547170097	0
823	0.4352298343526196	0
824	0.06012042304546851	0
825	-0.17881061622719385	0
826	-0.3400409741140459	0
827	0.2037382312607804	0
828	0.1899056989617479	0
829	-0.21290073895260514	0
830	-0.1435032406035055	0
831	-0.7770534471552997	0
832	0.45758766020141506	0
833	-0.3582683735990071	0
834	-0.5074189740626823	0
835	-0.3377991804786101	0
836	-0.013585262400750888	0
837	0.5603472602529793	0
838	-0.12618836801441946	0
839	-0.3246144544659491	0
840	-0.019882148508170334	0
841	0.5755052332526299	0
842	0.0893892779922476	0
843	0.2414824779734253	0
844	0.046885698201619794	0
845	-0.003732579141790913	0
846	-0.3288875902954018	0
847	-0.0053957762129103505	0
848	0.08410420949022018	0
849	-0.013635638982888734	0
850	-0.1154263916864638	0
851	0.22380189684893845	0
852	-0.13292569040735777	0
853	0.32324461583050923	0
854	0.2851199229616818	0
855	0.33772230148573457	0
856	0.5585412206578676	0
857	0.11097743826365045	0
858	-0.25389786820169363	0
859	-0.5917140589334238	0
860	0.4402524347385863	0
861	0.08760462587884893	0
862	0.2785895899998641	0
863	0.3073011527932738	0
864	-0.3663650745451399	0
865	0.29647328375862514	0
866	-0.29304810212856786	0
867	0.022299734265844195	0
868	-0.27607080469694084	0
869	-0.3294796762741604	0
870	-0.19609845498230805	0
871	-0.3460389502726294	0
872	-0.13336348539530088	0
873	0.21290669148389035	0
874	0.44150137133489464	0
875	0.053770365522850756	0
876	-0.009350201300507902	0
877	0.06784109452082429	0
878	0.03315593693857874	0
879	-0.3009546804162206	0
880	0.0504999425612934	0
881	0.27640967070746436	0
882	0.053325229736709265	0
883	0.06065562306866894	0
884	0.3782586646052356	0
885	-0.16216604387217579	0
886	0.028483142470013822	0
887	-0.016704809603948087	0
888	-0.2366084920843179	0
889	0.09816046478408119	0
890	0.13302199269143408	0
891	-0.08390434774031916	0
892	-0.0023473165851290345	0
893	-0.2637078502504533	0
894	0.10767401841633137	0
895	0.21627212142623242	0
896	-0.11934314921462848	0
897	0.049410697999332676	0
898	-0.07891828402948502	0
899	0.39458336669620037	0
900	0.18879944621702477	0
901	-0.041971955025990944	0
902	-0.21972053594557567	0
903	0.5428197116134943	0
904	-0.039465103798583145	0
905	-0.483385096266248	0
906	0.044299968838126313	0
907	0.06841620243874845	0
908	0.32691055019879534	0
909	-0.07543784235288963	0
910	0.09517228206088917	0
911	-0.39373598773699214	0
912	-0.0009157500477879204	0
913	-0.2527754894629699	0
914	-0.4585079354225851	0
915	-0.12984462926291962	0
916	-0.23255170742862558	0
917	-0.23132446155774972	0
918	-0.010700725314856467	0
919	-0.028011823409253914	0
920	-0.04605856175901238	0
921	-0.04276282459513224	0
922	0.001488802511805037	0
923	-0.08913417385697342	0
924	0.18573690657697445	0
925	0.43437750130297104	0
926	0.06074987794750281	0
927	-0.08232387386364345	0
928	-0.2329546375386154	0
929	-0.23883121407366115	0
930	-0.35388885441783086	0
931	0.07511211225963546	0
932	-0.17846070019208143	0
933	0.07657677635962562	0
934	0.10484101204595847	0
935	-0.10464241431276408	0
936	0.20590752718204153	0
937	-0.16228744307273277	0
938	0.06746377646475567	0
939	0.13207068952949047	0
940	0.30160372232798494	0
941	0.29935921988152814	0
942	0.020496927378276006	0
943	0.37792854439680956	0
944	-0.3468918629584999	0
945	-0.029391128517931173	0
946	0.175226934700362	0
947	-0.19779729608713564	0
948	-0.08970713278154446	0
949	-0.16378149167262263	0
950	-0.1768449332876784	0
951	-0.22768444931521686	0
952	0.3756021640976185	0
953	-0.24405607474173857	0
954	0.15536626055165992	0
955	0.05226788682100722	0
956	-0.28011587312992703	0
957	0.0740276228493358	0
958	-0.3272457847014144	0
959	0.1259488465856243	0
960	0.10902002323427705	0
961	0.06130585832337007	0
962	0.2876338313753122	0
963	0.23054708119287282	0
964	0.13471890879568257	0
965	-0.2531134614994585	0
966	-0.18236543384260356	0
967	-0.38940160934441836	0
968	0.19848758886895518	0
969	0.17317055710535556	0
970	-0.193893478565699	0
971	-0.012497965231347274	0
972	-0.35243294648576945	0
973	0.2610797421402421	0
974	-0.22786473534266677	0
975	0.06562583233322952	0
976	0.21147844140110755	0
977	-0.032663577942945915	0
978	-0.07953777256633623	0
979	-0.04379862810624966	0
980	-0.3438913797898455	0
981	0.1269626470805962	0
982	0.050668175324756246	0
983	-0.17443772971904536	0
984	-0.16264272719984507	0
985	-0.21250695257597518	0
986	0.3645189939207123	0
987	0.3436550828102086	0
988	0.11275221034025448	0
989	0.0600777026009503	0
990	-0.35235483833830344	0
991	-0.0378345294879512	0
992	-0.006645139397824122	0
993	-0.2034161627834462	0
994	0.1986278320693839	0
995	0.14062742563003205	0
996	-0.01035526945088363	0
997	-0.20290432511404155	0
998	0.08459546380492482	0
999	-0.2232566381100158	0
1000	0.17036626397297644	0
1001	-0.26613999412760925	0
1002	0.036469653105477236	0
1003	0.1827220991688968	0
1004	-0.2542207283208271	0
1005	0.05460605467397803	0
1006	0.1476228273817128	0
1007	0.28997099861780606	0
1008	-0.11888670561556129	0
1009	-0.13386077991862655	0
1010	0.5062260234792273	0
1011	-0.46989733897379904	0
1012	-0.006889325968796374	0
1013	0.022211974712509755	0
1014	0.02109977188841001	0
1015	-0.4630042399847855	0
1016	0.2194259241875609	0
1017	-0.1012015824772102	0
1018	-0.039535783946719846	0
1019	-0.5256350715641565	0
1020	-0.2739115201716207	0
1021	0.5290234397376491	0
1022	-0.2091288644671916	0
1023	0.28913350876796967	0
1024	0.7947270287779364	1
1025	-0.07388763385347441	0
1026	0.0030232204946672005	0
1027	-0.4153554927484113	0
1028	-0.1543709020882103	0
1029	0.14020159669778143	0
1030	0.48370632560798255	0
1031	-0.06475659237283687	0
1032	-0.0019760462718479365	0
1033	-0.1963382645220944	0
1034	0.004276998672436587	0
1035	-0.27583262489343874	0
1036	0.23271772806664442	0
1037	-0.19430893272876193	0
1038	-0.11147561287803591	0
1039	0.1573714309529772	0
1040	-0.14209263993237758	0
1041	0.177756139161858	0
1042	0.03200419348453393	0
1043	-0.07679264218231933	0
1044	0.1221780816472271	0
1045	-0.18963213327240613	0
1046	-0.010865700016127806	0
1047	-0.008259394065171585	0
1048	-0.012025010303794676	0
1049	0.16971144039324593	0
1050	-0.1706382477966974	0
1051	-0.03598759177405062	0
1052	-0.04789463694139391	0
1053	-0.1108641374389618	0
1054	-0.17850842806563527	0
1055	-0.10456159697207525	0
1056	0.11170127265286905	0
1057	0.0839512577179161	0
1058	0.021545248471493788	0
1059	-0.18021845404433107	0
1060	0.33472888804891665	0
1061	0.18561170785170025	0
1062	-0.031015889048875596	0
1063	0.022424479873530433	0
1064	0.3262905286706629	0
1065	-0.25146944941177984	0
1066	0.1860818022476265	0
1067	0.4344323492080324	0
1068	0.24257431035578256	0
1069	-0.06010060293809314	0
1070	-0.06206823925794655	0
1071	-0.011010602914567019	0
1072	0.39399112155775584	0
1073	-0.09040306052811449	0
1074	-0.26901904848596625	0
1075	0.41028429232213126	0
1076	0.08182797892212146	0
1077	-0.23302215163328938	0
1078	-0.10454751816489795	0
1079	-0.09464760292132957	0
1080	0.27029056045414	0
1081	0.26306241489922616	0
1082	0.11769455549832897	0
1083	-0.2845818130552575	0
1084	-0.29485356686600117	0
1085	0.3640522342091702	0
1086	0.06957120567902345	0
1087	-0.2797991119973143	0
1088	-0.16457108381964758	0
1089	0.08804115707570977	0
1090	0.5619573734362362	0
1091	0.04872206935118803	0
1092	-0.0340219924860492	0
1093	-0.176279983595012	0
1094	0.4357282703448319	0
1095	-0.18662952003946387	0
1096	0.5106050196547267	0
1097	-0.28420943578821806	0
1098	0.20305079623067424	0
1099	0.0732769394536871	0
1100	0.15154296783857282	0
1101	-0.131520904596878	0
1102	-0.45710359954276825	0
1103	0.012151755359891641	0
1104	0.09406764827430306	0
1105	0.0213730586860093	0
1106	-0.15052188063550456	0
1107	-0.47367112668547684	0
1108	0.3385631315154859	0
1109	0.22436642142274296	0
1110	-0.30360685485028027	0
1111	0.052077067723207776	0
1112	0.05531946898479387	0
1113	-0.058353921639941984	0
1114	0.0011879704407970894	0
1115	0.0687376990310698	0
1116	0.13414999522281462	0
1117	-0.29773702528732976	0
1118	0.05061417551263901	0
1119	-0.0385479207244465	0
1120	0.3963332000174733	0
1121	0.33784337730750397	0
1122	-0.07744706708760604	0
1123	0.26346111896447166	0
1124	0.5116705329174804	0
1125	0.02877953096481678	0
1126	-0.11997992879642758	0
1127	-0.09231167870283119	0
1128	0.02117794880044667	0
1129	-0.39927449646231783	0
1130	0.006844432480918665	0
1131	0.02622670259063656	0
1132	0.19682465371630553	0
1133	-0.10461851682269932	0
1134	-0.08858605910954437	0
1135	0.15559759789950062	0
1136	0.07731997605171864	0
1137	0.08450487652016206	0
1138	-0.03642446299279347	0
1139	-0.18013684523589202	0
1140	0.19477099783643165	0
1141	-0.2247234251770806	0
1142	0.2510565548632716	0
1143	0.21501591430425843	0
1144	-0.13915118615759825	0
1145	-0.26615213100488216	0
1146	-0.4483250368659012	0
1147	-0.11460329382716725	0
1148	-0.4384121623530408	0
1149	-0.12038692166423201	0
1150	0.4243319994434458	0
1151	0.11241187795784555	0
1152	-0.3333365764165646	0
1153	0.1199358460125598	0
1154	-0.11771743342930585	0
1155	0.2138689670662674	0
1156	0.4392110497257161	0
1157	-0.06991895636173384	0
1158	-0.10436160534914685	0
1159	-0.0709194412336804	0
1160	0.0029763629487901235	0
1161	0.016719495838923123	0
1162	0.2903515638502995	0
1163	-0.10967969290677465	0
1164	-0.16409662415422394	0
1165	-0.01816093470246353	0
1166	-0.0953040032399298	0
1167	-0.13051010179361242	0
1168	0.028787291299308244	0
1169	-0.19352223342201008	0
1170	0.13339422927945283	0
1171	-0.15323706856737068	0
1172	0.24046944295185974	0
1173	0.30473688085773165	0
1174	-0.12148204155069642	0
1175	-0.047398573406962005	0
1176	-0.022537111159497965	0
1177	-0.3241123212662495	0
1178	-0.08180922942970653	0
1179	0.13487037727749507	0
1180	-0.03674597513112285	0
1181	0.0081510844634961	0
1182	0.04605686844740002	0
1183	0.6613598932740054	1
1184	0.07587543230307062	0
1185	-0.4240435238847027	0
1186	0.18796075593678468	0
1187	-0.3109070469349415	0
1188	0.45564992174924746	0
1189	0.1554184397718284	0
1190	-0.07938312927168438	0
1191	0.2927707389454621	0
1192	-0.1255214223798575	0
1193	-0.039429461491396936	0
1194	0.08289908995864353	0
1195	-0.20779761572750532	0
1196	-0.23708824476376003	0
1197	0.2872910195660987	0
1198	0.10709521069559473	0
1199	0.27678283949627774	0
1200	-0.30825075982231315	0
1201	-0.35480507157629065	0
1202	0.2932370213532247	0
1203	0.08151324817742711	0
1204	0.05465706576851598	0
1205	-0.04857926587915028	0
1206	0.056553530999849326	0
1207	0.15042754939379194	0
1208	0.36244289869458957	0
1209	-0.03478843014370474	0
1210	0.3849689480036269	0
1211	0.14654189279424273	0
1212	0.4748686706044169	0
1213	-0.23129104931896682	0
1214	0.019310559786087145	0
1215	-0.06320502703264934	0
1216	0.34223764582353927	0
1217	-0.2692898516583738	0
1218	0.22626045734704642	0
1219	-0.2889085733936822	0
1220	0.07755331448012226	0
1221	-0.46705568475410664	0
1222	-0.07765887994257559	0
1223	0.07602855593424443	0
1224	-0.12158833623997639	0
1225	0.07301908668880581	0
1226	-0.2956469195081315	0
1227	0.2332681980179695	0
1228	0.06460702133998346	0
1229	0.10388688963829587	0
1230	-0.07292178740082503	0
1231	-0.29881496668556407	0
1232	-0.2972526307385114	0
1233	0.2528086825980044	0
1234	-0.0010684850334052238	0
1235	0.03610078938345008	0
1236	0.30628050489030423	0
1237	-0.30616452452519904	0
1238	-0.31550706842449905	0
1239	-0.12631348659501976	0
1240	0.1928877660427546	0
1241	-0.15292390525252586	0
1242	0.4367363125264664	0
1243	-0.042318372019998635	0
1244	0.26294412978335974	0
1245	0.047642576491571303	0
1246	0.02974208385953514	0
1247	0.07843895303629025	0
1248	0.3477285527792789	0
1249	0.29910182570961497	0
1250	0.5416696478476228	0
1251	-0.03743539127485643	0
1252	-0.013615334060207866	0
1253	-0.5458414415887518	0
1254	0.07617243117060964	0
1255	-0.07711819189041347	0
1256	0.18109518044879802	0
1257	0.20985211033721748	0
1258	-0.5345396284837906	0
1259	-0.06483058469363343	0
1260	0.3638344677087058	0
1261	0.2596311424367389	0
1262	0.11491665598333217	0
1263	-0.038807381061253296	0
1264	-0.09944859364091477	0
1265	-0.04477012796109461	0
1266	-0.27616704178695417	0
1267	0.9410356412667933	1
1268	-0.18761411601471112	0
1269	0.0010820373731568133	0
1270	-0.07079981892504024	0
1271	-0.5811839169951448	0
1272	-0.31698130927968854	0
1273	0.11993239660355155	0
1274	0.1882969385966352	0
1275	0.27726530168298447	0
1276	-0.012689247783306578	0
1277	-0.03508809948297636	0
1278	-0.06361984710825883	0
1279	-0.3725079000365985	0
1280	0.2669391933654661	0
1281	-0.005597080654506894	0
1282	-0.1228262406164648	0
1283	-0.19038128453305317	0
1284	-0.021964484891086468	0
1285	-0.22198614552882862	0
1286	0.24310257898128623	0
1287	0.29989949101421315	0
1288	0.18978374458362274	0
1289	0.26996495838136736	0
1290	0.15274109354864107	0
1291	-0.037631830348691525	0
1292	0.08355399258149537	0
1293	0.2755133457256086	0
1294	0.12586159407805397	0
1295	0.1445015387619708	0
1296	-0.27644891910424574	0
1297	-0.2567309528341649	0
1298	0.022418158094803332	0
1299	0.15214631725118244	0
1300	0.10836807425382036	0
1301	-0.05040009066351929	0
1302	-0.15329163309499044	0
1303	0.17489902502186316	0
1304	0.35852314303425026	0
1305	-0.21578577540467303	0
1306	0.19050413508841912	0
1307	-0.5182695334306451	0
1308	0.02153219147482078	0
1309	-0.20827549577938692	0
1310	-0.09220213295025462	0
1311	0.3366602722168516	0
1312	-0.20206060141016713	0
1313	-0.5445873524178644	0
1314	-0.195032293816985	0
1315	0.014430858808460522	0
1316	0.10411529343732358	0
1317	-0.0462040249337967	0
1318	-0.19441879466763345	0
1319	-0.16357566331808246	0
1320	0.11809691197816952	0
1321	-0.06677875279865363	0
1322	0.4503085010951955	0
1323	-0.2771587802000555	0
1324	0.07325751340744434	0
1325	0.13154044468663906	0
1326	-0.1309734641748139	0
1327	-0.1337742753814392	0
1328	-0.11076323443248236	0
1329	0.4537600773572098	0
1330	-0.45201144230507545	0
1331	0.5981758108631375	1
1332	0.07840038121855865	0
1333	-0.21882788433030642	0
1334	-0.15767808901525737	0
1335	-0.13416518980051548	0
1336	-0.25801906894582416	0
1337	0.12285395549866532	0
1338	0.14716646593960941	0
1339	-0.6198551612627368	0
1340	0.2777452128978085	0
1341	0.12121388288820337	0
1342	-0.1943427175931292	0
1343	0.2027226548983868	0
1344	0.5198362116620809	0
1345	-0.015024772567670446	0
1346	0.04209316308555855	0
1347	0.03815200853171292	0
1348	-0.31871292759647096	0
1349	-0.07663410830555321	0
1350	-0.22894271529053078	0
1351	0.24949741063881914	0
1352	0.037600768119710984	0
1353	0.13012898514514404	0
1354	-0.1357050012853766	0
1355	-0.20872762669865996	0
1356	0.3966337874720479	0
1357	0.09969115984563667	0
1358	0.3466390325417579	0
1359	-0.2249888088017108	0
1360	-0.40320395246181256	0
1361	-0.15216130256294258	0
1362	0.1139132644780318	0
1363	-0.060634783067748735	0
1364	0.15641519658348343	0
1365	0.10054522531234063	0
1366	0.044027688387590413	0
1367	-0.32683050018445997	0
1368	0.2041283100766179	0
1369	0.229654755869997	0
1370	-0.051305781720027976	0
1371	-0.04219134583647506	0
1372	-0.024742552254350035	0
1373	0.24526435785250267	0
1374	-0.34622249522788895	0
1375	-0.15814096966097063	0
1376	-0.2789991401747299	0
1377	0.26169726504999236	0
1378	-0.05201617059317612	0
1379	0.2368916285833399	0
1380	0.1442733795608755	0
1381	-0.04630876469369069	0
1382	0.13293230756971186	0
1383	-0.06401976138237397	0
1384	-0.06281860761751908	0
1385	-0.2172012701670819	0
1386	0.07190800999459665	0
1387	-0.1309637397594222	0
1388	0.1551000076696126	0
1389	0.3667441450481864	0
1390	0.4057993075779751	0
1391	0.12390596158589567	0
1392	0.014292747843432117	0
1393	-0.11754019529514034	0
1394	-0.035391524815200956	0
1395	-0.4687961235509729	0
1396	-0.2816627505116782	0
1397	0.27100537079084547	0
1398	-0.3772417881479183	0
1399	-0.045282978743251656	0
1400	0.14467641919598778	0
1401	0.04942367065317789	0
1402	0.2809564613983629	0
1403	-0.038011336024298834	0
1404	-0.15777721605669814	0
1405	-0.04386291427521469	0
1406	0.4032159699095851	0
1407	-0.5001841590840312	0
1408	-0.11473721577895402	0
1409	-0.12918338333735865	0
1410	-0.03148189265564418	0
1411	-0.21549483122110522	0
1412	-0.004815744865763608	0
1413	-0.19841785167778409	0
1414	0.08325938612888287	0
1415	0.16338944960676888	0
1416	0.24935354882955005	0
1417	0.12388892484051355	0
1418	0.44933315292289944	0
1419	0.27201589337862053	0
1420	0.08818573712276963	0
1421	0.3789789413325923	0
1422	0.07290148662153015	0
1423	0.0705851882217764	0
1424	0.20882563198222615	0
1425	-0.20290899104337823	0
1426	0.4391234590392291	0
1427	-0.02156589282024525	0
1428	-0.19021013599529737	0
1429	0.08042866711545174	0
1430	-0.2722376988924575	0
1431	0.06871807265261001	0
1432	-0.09139922628695321	0
1433	-0.295591057025125	0
1434	0.4267975499858602	0
1435	-0.5384863300278765	0
1436	0.009184393756868681	0
1437	0.05882566449193018	0
1438	-0.2938891156712927	0
1439	0.10386351999629995	0
1440	0.6729283875089893	1
1441	-0.4916126439663412	0
1442	-0.18327540512431711	0
1443	-0.20945108960270914	0
1444	0.012935156246500384	0
1445	0.42120131560887836	0
1446	0.10219419148461675	0
1447	0.582280617529573	0
1448	-0.20829204679547672	0
1449	0.12272922691178098	0
1450	-0.3554881007749495	0
1451	0.2574617095051821	0
1452	-0.08561199525389071	0
1453	0.11067713350290281	0
1454	0.13055440658009418	0
1455	0.13262541648840884	0
1456	-0.20165805526803457	0
1457	0.03434615597747202	0
1458	-0.6663933279183563	0
1459	-0.14907737540693003	0
1460	0.10803790017801901	0
1461	0.017652918037946337	0
1462	0.18519016083575596	0
1463	-0.07640395028859846	0
1464	-0.08141571545361644	0
1465	0.21571380572399712	0
1466	0.12504481865751474	0
1467	0.3183387867805153	0
1468	0.0876021055700217	0
1469	-0.16797213270749728	0
1470	-0.07695137306029484	0
1471	0.08542773950592653	0
1472	-0.00639527135786637	0
1473	0.22422316747488727	0
1474	-0.13508176442048828	0
1475	-0.28031693996099066	0
1476	-0.25968653067643294	0
1477	0.3053765384881935	0
1478	-0.3718276849058704	0
1479	-0.030046613891157238	0
1480	0.1978208614215266	0
1481	-0.13377736850920263	0
1482	0.2235752814472865	0
1483	0.19735881275016565	0
1484	0.052230175880870276	0
1485	0.031140358415947735	0
1486	0.1966089607644837	0
1487	-0.3849756466570307	0
1488	-0.2687477910267102	0
1489	0.027808751374643788	0
1490	0.15031763157690642	0
1491	-0.019499519887550967	0
1492	0.46676740740432454	0
1493	-0.1912719529581834	0
1494	-0.13174356181816035	0
1495	-0.021557809728945672	0
1496	0.11009034393104664	0
1497	-0.17681659835274616	0
1498	-0.07376616354454833	0
1499	-0.7304301976454055	0
1500	0.22705448295989258	0
1501	0.3405895217017802	0
1502	0.3278922007630649	0
1503	-0.12718268039020492	0
1504	0.02854212986187716	0
1505	0.10645453902638707	0
1506	0.12316487964941691	0
1507	0.1254996906977474	0
1508	0.2671538408281655	0
1509	0.45529689811644514	0
1510	-0.20084910796002162	0
1511	0.23613548622391278	0
1512	0.18641293842129597	0
1513	0.052243250701460756	0
1514	0.2437681374336666	0
1515	0.1277492037861267	0
1516	-0.35779059766393506	0
1517	0.2573710008989908	0
1518	0.2774550455512566	0
1519	-0.2205130086588557	0
1520	0.05481739962856687	0
1521	-0.5076501736180346	0
1522	0.378293837845192	0
1523	0.12358175442125871	0
1524	0.6037203666152194	1
1525	0.057832369519139934	0
1526	-0.02382688820404462	0
1527	-0.011188928616067188	0
1528	-0.2804966479049392	0
1529	-0.17550885539450684	0
1530	0.30095562687139693	0
1531	0.12461576572477318	0
1532	0.2673384371115954	0
1533	-0.050051835849425554	0
1534	-0.21330409819018345	0
1535	0.536257521297367	0
1536	-0.16070088728965343	0
1537	0.0732789572897744	0
1538	0.04646248532103964	0
1539	0.1424529627057799	0
1540	-0.20711232874844093	0
1541	-0.16536414314049402	0
1542	-0.3135259414628869	0
1543	-0.2851960152729033	0
1544	0.17567143304253766	0
1545	-0.06226971587118685	0
1546	-0.1676385668318467	0
1547	-0.19962762863220623	0
1548	-0.11880325662430335	0
1549	0.2630831593159543	0
1550	-0.3378164880252799	0
1551	-0.2861481970973723	0
1552	0.5094745004932423	0
1553	-0.011396509457050608	0
1554	-0.49788598331829104	0
1555	0.1750211580987645	0
1556	0.2778302423485597	0
1557	-0.23789091588888323	0
1558	0.07968576451512932	0
1559	0.22849755416741818	0
1560	0.00660686434864962	0
1561	-0.11618631686249967	0
1562	-0.04455920872171855	0
1563	0.283658950735056	0
1564	0.06696667371074023	0
1565	0.138885018059306	0
1566	0.09501469761286341	0
1567	-0.19482224876478363	0
1568	0.3086965183842214	0
1569	0.10185094712861181	0
1570	-0.27134363849012527	0
1571	0.08581790325260949	0
1572	-0.4110198676209097	0
1573	-0.17165812557046373	0
1574	0.24149607832865888	0
1575	-0.23760180824649826	0
1576	0.30110026101956566	0
1577	0.21132459216359598	0
1578	0.19389109280101446	0
1579	-0.39809109637496165	0
1580	0.016684507162193697	0
1581	0.058946892126960686	0
1582	-0.28448457118953285	0
1583	0.3167926192088726	0
1584	0.29867410326834115	0
1585	-0.08933933040767783	0
1586	-0.04819460735658623	0
1587	-0.07583644643270862	0
1588	-0.08435306786389307	0
1589	-0.2755102354334654	0
1590	-0.1510099289929308	0
1591	0.01952181988110457	0
1592	0.2880660138189178	0
1593	-0.17641116396468137	0
1594	-0.41692721198607746	0
1595	-0.12138693978491782	0
1596	-0.5888461853791036	0
1597	0.08587569628947814	0
1598	-0.46711678747928	0
1599	-0.18414484408176784	0
1600	-0.5880534196823743	0
1601	0.003247440411535061	0
1602	-0.1020651963097715	0
1603	0.15445553377594928	0
1604	-0.24526131770576118	0
1605	-0.30428975766697497	0
1606	-0.249103855442117	0
1607	-0.0015721062053132085	0
1608	-0.3330273143492696	0
1609	-0.17042189911023853	0
1610	-0.30714252904790385	0
1611	-0.14205735045430026	0
1612	0.2656715137136477	0
1613	0.02350974902447483	0
1614	-0.17222665394362968	0
1615	0.265839306510831	0
1616	0.20362694071256937	0
1617	-0.4409773024181525	0
1618	0.2040273539768291	0
1619	0.11626910995269112	0
1620	0.5180302004257276	0
1621	-0.05721387055383598	0
1622	-0.25822363307071206	0
1623	-0.03098965632400829	0
1624	-0.3112783233459262	0
1625	-0.4180562069916989	0
1626	-0.19170239629012326	0
1627	-0.06144945419478959	0
1628	0.34484751199948377	0
1629	-0.13188826003443557	0
1630	0.10278612756087496	0
1631	-0.16702941649864778	0
1632	0.26153425774820527	0
1633	0.1702271523222431	0
1634	-0.28859205643728914	0
1635	0.2733316623113923	0
1636	0.15942118685269724	0
1637	-0.40459809500525035	0
1638	-0.022922031235560518	0
1639	0.4703134920573733	0
1640	-0.18818586474514987	0
1641	-0.09674628961299375	0
1642	-0.2950631158180546	0
1643	-0.015056201127084196	0
1644	-0.5685570196860895	0
1645	0.45957569587600944	0
1646	-0.049433179205614436	0
1647	-0.16988746809826577	0
1648	-0.006969326956246892	0
1649	0.052555816302365346	0
1650	-0.18790381661039518	0
1651	0.08530410881073959	0
1652	-0.1524003905691372	0
1653	0.11679738045706604	0
1654	0.11516839139322528	0
1655	0.2641469686707406	0
1656	0.08350947292887047	0
1657	0.2804037152748809	0
1658	0.01825033951614957	0
1659	-0.3229196972570126	0
1660	-0.36333863867634186	0
1661	0.2394305703649322	0
1662	0.08826987717884288	0
1663	0.10342505840894199	0
1664	0.3676055716399035	0
1665	0.0718906105044591	0
1666	-0.11501050297552737	0
1667	-0.2782297135483035	0
1668	0.4357640137803598	0
1669	0.39896981199078485	0
1670	-0.013112797048268968	0
1671	-0.1119515948555381	0
1672	-0.17840718095261826	0
1673	0.38498853784375875	0
1674	0.0907842093521036	0
1675	-0.3212208712644633	0
1676	-0.04226183564010509	0
1677	-0.04566828429705645	0
1678	-0.1908778615843853	0
1679	-0.07149056850951076	0
1680	0.10751630851041999	0
1681	0.06917100664884546	0
1682	-0.17190097765478207	0
1683	0.07110918123852861	0
1684	-0.24435431764635757	0
1685	0.30932734885279123	0
1686	-0.14329196645147935	0
1687	-0.20943302261771413	0
1688	-0.1645524356642859	0
1689	-0.5503530048140268	0
1690	0.1985646503467995	0
1691	0.02599879340109333	0
1692	0.1182572289212679	0
1693	0.018544917446142985	0
1694	0.0851426198301907	0
1695	0.06988477760541506	0
1696	-0.19038002388401082	0
1697	0.05380713725654829	0
1698	0.05109848699446792	0
1699	0.21137313371021044	0
1700	-0.4966455195283339	0
1701	0.11258199614115662	0
1702	-0.32804645419981426	0
1703	-0.07111730702812125	0
1704	-0.4535967362964601	0
1705	-0.08493939751625124	0
1706	0.0059333208977089755	0
1707	0.14865885666696432	0
1708	-0.6473212892746387	0
1709	0.1428933380673657	0
1710	0.16284776461641381	0
1711	-0.09708642579122764	0
1712	-0.1587918049069175	0
1713	-0.25198746515311005	0
1714	-0.15151080460947064	0
1715	0.013756155772323274	0
1716	0.5147765490070686	0
1717	-0.04458870609851563	0
1718	0.05629014218428506	0
1719	0.03490007481589402	0
1720	-0.19834524349401172	0
1721	0.065315803150454	0
1722	0.3165833899261711	0
1723	-0.04741333354942116	0
1724	0.18064516112892803	0
1725	0.20613582886263776	0
1726	-0.38261143358930105	0
1727	0.311351317360991	0
1728	-0.318113791946205	0
1729	0.4190124012053359	0
1730	-0.21095480093764302	0
1731	-0.41662618343545244	0
1732	0.18227030374915504	0
1733	0.2046623499266521	0
1734	0.5126659093365179	0
1735	-0.22178615206861307	0
1736	-0.04414858244287846	0
1737	-0.08763947458644548	0
1738	-0.03745343248545448	0
1739	-0.3746916335417516	0
1740	-0.16215148725692308	0
1741	0.42266492178980275	0
1742	-0.058069423377613394	0
1743	0.10141489530959003	0
1744	-0.1071478363749847	0
1745	-0.40713406446006184	0
1746	0.2955887537089154	0
1747	0.14951329776051941	0
1748	0.03393994668970137	0
1749	0.29048463035302696	0
1750	-0.08683910723837132	0
1751	0.28317746567537	0
1752	0.16464288473318167	0
1753	0.11225499891587229	0
1754	-0.2653066349566994	0
1755	0.2937743109490327	0
1756	-0.07447294712962875	0
1757	-0.227070267417946	0
1758	-0.04098988050234743	0
1759	0.7627944173042721	1
1760	0.4350120568051464	0
1761	-0.17900747651861176	0
1762	0.37437543407117563	0
1763	-0.23964311304241898	0
1764	-0.06892001449716348	0
1765	0.07996392209065126	0
1766	-0.018130600584096226	0
1767	-0.33541025945683167	0
1768	-0.08791506172113848	0
1769	0.20148766120129188	0
1770	-0.3295325442015811	0
1771	-0.2933332160493628	0
1772	-0.17759334763910256	0
1773	-0.12709866425703012	0
1774	-0.46494444933866996	0
1775	-0.009243067879523191	0
1776	-0.30790445089827956	0
1777	-0.33750197108318003	0
1778	0.1400632398567313	0
1779	-0.20670916758481328	0
1780	-0.17003921364217564	0
1781	-0.16745944560045534	0
1782	0.5528423642002839	0
1783	0.2574138166543589	0
1784	0.24506684098541007	0
1785	0.03161089569479702	0
1786	0.12993828331644933	0
1787	-0.3331911307068113	0
1788	-0.3056962572338892	0
1789	-0.25634619121214275	0
1790	-0.11573988635516994	0
1791	0.21971181831877276	0
1792	-0.06489509166883158	0
1793	0.12162057880570123	0
1794	-0.01276237155266195	0
1795	-0.20140722759359272	0
1796	0.15062018515849146	0
1797	-0.00041197243367265023	0
1798	0.06936119440999203	0
1799	0.08796422981255878	0
1800	0.42753038355799394	0
1801	-0.018087337555202698	0
1802	0.007213245677810178	0
1803	0.055644791726780995	0
1804	-0.10077915126446593	0
1805	-0.2559198972050759	0
1806	0.09023454236109968	0
1807	0.14979195911211854	0
1808	0.13744956932240046	0
1809	0.10960922597109644	0
1810	0.2073904612222226	0
1811	-0.24826813671653236	0
1812	-0.2545794356023675	0
1813	0.1877663107625423	0
1814	-0.09015752399172647	0
1815	0.1930203586037635	0
1816	-0.38143575493506326	0
1817	0.4674310746160397	0
1818	0.320451783177672	0
1819	0.16121152903830133	0
1820	0.09519880316282862	0
1821	0.06753527183519295	0
1822	-0.020147691866224497	0
1823	0.4616702260220185	0
1824	0.24158736274103526	0
1825	0.2136747529769144	0
1826	-0.3799453769852203	0
1827	-0.06305175462999404	0
1828	0.06870594614690087	0
1829	-0.021279185089211665	0
1830	-0.2435813646870893	0
1831	0.10958401256412445	0
1832	0.013925079697911714	0
1833	0.2003850101672215	0
1834	0.034920427215546154	0
1835	-0.08753704793956874	0
1836	-0.007620539853818897	0
1837	0.12833938533783038	0
1838	-0.48896443361548175	0
1839	-0.24303743419875196	0
1840	0.03504553581472546	0
1841	0.18953143359412628	0
1842	-0.3199861090164057	0
1843	0.1488130076054796	0
1844	-0.22767145667538935	0
1845	0.0701334044320739	0
1846	0.2250578290548671	0
1847	0.28647778982627714	0
1848	-0.2941227659524513	0
1849	-0.14032376780628236	0
1850	-0.1133011016274913	0
1851	-0.21351274701218592	0
1852	0.45851803113227724	0
1853	0.13602290799536843	0
1854	0.2754888605974999	0
1855	-0.15580393037332865	0
1856	-0.10560567666818615	0
1857	-0.21153183806428072	0
1858	0.09818479800545774	0
1859	0.25580807151880813	0
1860	-0.021207155219435756	0
1861	-0.07757015667831581	0
1862	0.18659893764315869	0
1863	-0.2829112224289843	0
1864	0.18378413867619908	0
1865	-0.13983961287866686	0
1866	-0.02741895158452415	0
1867	0.10172753371282527	0
1868	0.03338322243141627	0
1869	-0.5594638359235186	0
1870	-0.01033930591027023	0
1871	-0.18647554484564355	0
1872	0.20309313403965024	0
1873	0.08529663254738688	0
1874	0.19375730979103417	0
1875	0.18932084213412265	0
1876	0.5543938008629413	0
1877	-0.09864601043779464	0
1878	0.28772732339763496	0
1879	-0.1015473412854794	0
1880	0.20935146353261672	0
1881	-0.22546001487486608	0
1882	0.44019061733681353	0
1883	0.16870255709973192	0
1884	0.09767364469533074	0
1885	0.07722116999897792	0
1886	-0.035125817122041936	0
1887	0.014963719933842965	0
1888	0.6014528651451784	1
1889	-0.22941446752302236	0
1890	-0.0023029330977794825	0
1891	0.29916867451244333	0
1892	-0.16270834716753535	0
1893	-0.0033765160045940617	0
1894	0.29431259301717494	0
1895	0.18699833472201755	0
1896	-0.1550992046333181	0
1897	0.12874281683177216	0
1898	0.03632001980767427	0
1899	-0.09799178353987867	0
1900	-0.20086499641890906	0
1901	-0.2018686257988232	0
1902	-0.06203811795100469	0
1903	0.17147962612970125	0
1904	0.06667300187485618	0
1905	0.08622729259285462	0
1906	0.07699898128280311	0
1907	-0.36942317436213035	0
1908	0.07515731566206056	0
1909	0.15040037100985595	0
1910	0.5801829317660413	0
1911	-0.14866619882581936	0
1912	-0.03571632077085393	0
1913	-0.18844996619466423	0
1914	0.012431008749718656	0
1915	-0.20260341571440557	0
1916	0.06230969358718669	0
1917	0.14280975722454006	0
1918	-0.22286345464957247	0
1919	0.1341584395027088	0
1920	-0.2728470354647514	0
1921	0.2189882545530923	0
1922	0.0709684454316568	0
1923	0.3902119373398427	0
1924	-0.018467040112409187	0
1925	-0.22319750960298435	0
1926	0.3471318727866798	0
1927	0.09844408182272049	0
1928	0.09307059521339653	0
1929	0.2326147890429796	0
1930	0.09647491586055104	0
1931	-0.18256575940112482	0
1932	0.29058354263069014	0
1933	-0.19645795802283492	0
1934	-0.19560104153070534	0
1935	-0.1827505536757253	0
1936	-0.17263265022208174	0
1937	0.0553947926877915	0
1938	0.13958157584926378	0
1939	0.2929254393513239	0
1940	0.16671622383042378	0
1941	-0.007910953978839532	0
1942	0.12339276469087071	0
1943	-0.16939759811462346	0
1944	0.5943295974854746	0
1945	0.26791312833383096	0
1946	0.6628799892378853	1
1947	-0.37247135027201306	0
1948	0.11165605630687919	0
1949	0.2522415358481564	0
1950	0.10853741751984133	0
1951	-0.06360319305884768	0
1952	-0.15485287042253587	0
1953	0.21188936874764897	0
1954	0.28744065215210846	0
1955	0.037867440365863744	0
1956	0.16977992959830757	0
1957	0.25713699934365764	0
1958	0.5245191918555414	0
1959	-0.7020673230503782	0
1960	0.22137270365248898	0
1961	-0.2911813603878762	0
1962	0.31558022633242233	0
1963	-0.3275018806323056	0
1964	0.2393215874435621	0
1965	0.2425669252122769	0
1966	-0.14033469259301357	0
1967	0.006004067278090771	0
1968	-0.01460574267010678	0
1969	0.25141783571195225	0
1970	0.06239985520683579	0
1971	0.14500993719970462	0
1972	-0.030991123346199086	0
1973	0.19887980999581067	0
1974	0.23316679583081418	0
1975	0.4277920040090549	0
1976	-0.05200905496018597	0
1977	-0.12353742439464423	0
1978	-0.2817103228969498	0
1979	0.3195566986782386	0
1980	0.2927157134195631	0
1981	0.15757775879275632	0
1982	-0.0659852984148446	0
1983	-0.01916865856446524	0
1984	0.43553710773438425	0
1985	-0.4332776751533898	0
1986	0.15952708112844988	0
1987	0.23572528140398874	0
1988	0.012424490365714806	0
1989	0.07288708900252884	0
1990	0.30892048926520144	0
1991	-0.06601636128107918	0
1992	-0.4801598303345289	0
1993	-0.2744228770239872	0
1994	-0.40385208363120395	0
1995	0.19568182644478588	0
1996	-0.17278096858291125	0
1997	0.09338021165027685	0
1998	-0.16246541719489263	0
1999	0.11251596919007228	0
2000	0.050054424603636814	0
2001	-0.05388628146207171	0
2002	-0.12652127271957125	0
2003	-0.291269576340066	0
2004	-0.12982335933004716	0
2005	-0.03566516470233991	0
2006	0.2246593246809817	0
2007	0.15548535900742572	0
2008	-0.07122143211116255	0
2009	0.268015281944649	0
2010	0.027167753632795714	0
2011	0.17484728088019635	0
2012	-0.1553432418172503	0
2013	0.3382959059830186	0
2014	-0.028289908776135138	0
2015	0.2009910686517123	0
2016	-0.3204529319764966	0
2017	-0.3957661177257615	0
2018	0.43956913401034875	0
2019	0.2899801995698026	0
2020	-0.33730235793984586	0
2021	-0.20288246148179148	0
2022	0.4339214900404629	0
2023	0.02885979687875445	0
2024	0.4550148115326461	0
2025	0.20191816223623046	0
2026	0.1440438062785432	0
2027	0.19073506116286854	0
2028	-0.10973242255587409	0
2029	0.4426077658097333	0
2030	0.14845522981890066	0
2031	-0.005709327949949474	0
2032	-0.5396586680217508	0
2033	0.1591712758671434	0
2034	-0.11679808272111102	0
2035	0.3723544190511979	0
2036	-0.004569894005781461	0
2037	-0.3141258897727599	0
2038	-0.1879576102753473	0
2039	0.13993359194424745	0
2040	-0.37928236771809876	0
2041	0.015516351802225322	0
2042	0.017062532025243604	0
2043	-0.44238628076226594	0
2044	0.1754252132025242	0
2045	0.042177793360185054	0
2046	-0.014969076859234029	0
2047	-0.24196262463019652	0
2048	0.2268403005581251	0
2049	0.29519155876325165	0
2050	-0.02147222190442445	0
2051	0.16593879208094323	0
2052	0.10387401793424497	0
2053	0.20184024336731377	0
2054	0.2412278235800197	0
2055	-0.14142363814970937	0
2056	0.059724904557191	0
2057	0.3305782226746086	0
2058	0.019256237102314132	0
2059	0.159219262779332	0
2060	0.005522328887713767	0
2061	-0.1136377917514323	0
2062	0.2699011632828462	0
2063	-0.04101396620730772	0
2064	0.18214586325337231	0
2065	0.38447480464492884	0
2066	-0.10229064932325135	0
2067	-0.04432920243055187	0
2068	0.3919500849218838	0
2069	-0.3602128696550987	0
2070	-0.04684736783690801	0
2071	-0.34506358220555755	0
2072	0.16271256250874494	0
2073	0.030084505674052783	0
2074	0.22982721912869436	0
2075	-0.11826168101199529	0
2076	0.03353349333758485	0
2077	-0.005512749680493404	0
2078	0.0782363426864889	0
2079	-0.2751014553654511	0
2080	0.13733589458655293	0
2081	-0.008134741694927675	0
2082	-0.08385363665171455	0
2083	-0.03826511131305716	0
2084	0.08720124233395782	0
2085	-0.13733470035231504	0
2086	0.1438752265967832	0
2087	0.10090333509353831	0
2088	-0.4112339908859364	0
2089	-0.017641743886435357	0
2090	-0.31606797138674214	0
2091	0.6115606352431356	1
2092	0.20296220845599344	0
2093	0.4089246001689909	0
2094	0.3032600774927335	0
2095	0.01322642779747777	0
2096	-0.04572080483949609	0
2097	-0.1450214415364068	0
2098	0.021180670014640732	0
2099	0.19027188176065318	0
2100	0.014181237330447663	0
2101	-0.5017440676697302	0
2102	0.32861702192387354	0
2103	-0.052857992685729875	0
2104	0.1293587310937056	0
2105	-0.28544067866758044	0
2106	-0.4912905236801557	0
2107	0.0048454674468330836	0
2108	0.0629825153738589	0
2109	0.3252556286800592	0
2110	0.059934001174684906	0
2111	-0.24628270020037096	0
2112	-0.12877305144124157	0
2113	0.09114740313512892	0
2114	-0.1230413479621211	0
2115	0.2006214724483795	0
2116	0.4318042697921153	0
2117	0.36567586725363105	0
2118	-0.15687038974220102	0
2119	-0.2792241541984	0
2120	0.061652381084328245	0
2121	0.12910167316242438	0
2122	0.083327855871808	0
2123	0.05126197583007794	0
2124	0.14675638897174131	0
2125	0.2671999384911958	0
2126	0.14125937782802023	0
2127	0.34693096288523173	0
2128	0.09398700095949439	0
2129	0.2598570865824849	0
2130	-0.0956120306904164	0
2131	0.27645303122113196	0
2132	0.3796760101727219	0
2133	-0.07510664535482844	0
2134	0.03555180336067476	0
2135	0.34731820018486503	0
2136	0.16644619708522332	0
2137	0.01963569599948073	0
2138	-0.21290247679081414	0
2139	0.17029969658920696	0
2140	0.08649409224310436	0
2141	0.011739248716827345	0
2142	-0.17068385149096643	0
2143	0.1222165730905983	0
2144	0.04349025291057031	0
2145	-0.2802953087118838	0
2146	0.554098348067522	0
2147	-0.029028138432262512	0
2148	0.18206975792512026	0
2149	-0.4040241653481094	0
2150	0.12774850769691906	0
2151	0.22586305937186435	0
2152	-0.4110648327625599	0
2153	-0.010342350557401962	0
2154	0.31128829911128747	0
2155	-0.30977826818553394	0
2156	0.3116255364959333	0
2157	0.161211876329482	0
2158	-0.020310307115299957	0
2159	0.49126242449760266	0
2160	0.6315253758840076	1
2161	-0.039260423480952475	0
2162	0.10085387928508548	0
2163	0.1795341392316092	0
2164	0.29146449865025387	0
2165	-0.22742758760933368	0
2166	0.025785241903186873	0
2167	-0.20392326624490775	0
2168	0.20000923378562857	0
2169	-0.6822272272036358	0
2170	0.25999873376816746	0
2171	0.2682450107860374	0
2172	-0.26543088575555923	0
2173	-0.7366156863565934	0
2174	0.07863198254853743	0
2175	-0.18883443657011872	0
2176	-0.09380126829715868	0
2177	-0.10439638069811323	0
2178	0.0394027453128835	0
2179	0.002753003426536855	0
2180	-0.07050281761665927	0
2181	0.03017988414411024	0
2182	-0.43574262209434333	0
2183	-0.013792605592238875	0
2184	-0.11610365710082451	0
2185	-0.21524506594664072	0
2186	0.3050463111125405	0
2187	0.044812395538336366	0
2188	-0.09000951375652705	0
2189	0.13298193138528766	0
2190	0.42295798894743064	0
2191	-0.17345149821699454	0
2192	-0.39290858583326493	0
2193	-0.2805886993234009	0
2194	0.20031285120630454	0
2195	-0.07853499686429208	0
2196	0.04294834664850862	0
2197	0.5186222346265268	0
2198	-0.22931676528471884	0
2199	-0.05099353146785039	0
2200	-0.038066882473371436	0
2201	0.08186397478174667	0
2202	-0.25643367350164914	0
2203	0.05869066098287444	0
2204	-0.3516756157667229	0
2205	0.25700591118140803	0
2206	-0.08385750419258521	0
2207	0.11161473210173674	0
2208	-0.015011328291132452	0
2209	0.46905793460728673	0
2210	0.016103648921523737	0
2211	-0.37460832067235095	0
2212	-0.23577575059917577	0
2213	-0.36772429141118457	0
2214	0.5401932911200702	0
2215	-0.4730513882915961	0
2216	-0.09392969687505515	0
2217	-0.39168856787202716	0
2218	-0.07919160568671157	0
2219	0.6529592788909964	1
2220	-0.28139550979042	0
2221	0.42046265389996473	0
2222	0.12018789180415451	0
2223	0.3036469946647622	0
2224	0.3976024172868459	0
2225	0.039224211867864685	0
2226	-0.04108603117229692	0
2227	-0.22516071721077444	0
2228	-0.19887879400565817	0
2229	0.40190802060688635	0
2230	-0.34201162961192266	0
2231	0.008613344384608266	0
2232	-0.14000921039779995	0
2233	0.356992028659312	0
2234	0.16858625757835205	0
2235	-0.022894978763163185	0
2236	0.24904971281131882	0
2237	0.21138712173121377	0
2238	0.08997308995738956	0
2239	0.028282035479907347	0
2240	0.2785523281642665	0
2241	0.08320452595803651	0
2242	0.112136400120561	0
2243	-0.1301408018395519	0
2244	-0.2333793703025024	0
2245	0.1430597285040598	0
2246	-0.19109011853812594	0
2247	-0.134913407259535	0
2248	0.24845568407414786	0
2249	-0.2575819035032475	0
2250	0.1086219186610074	0
2251	-0.09926548409858096	0
2252	-0.3052238662812905	0
2253	0.22626888683473012	0
2254	-0.04279400206864549	0
2255	0.6386190825250799	1
2256	0.07453105340543881	0
2257	-0.13290387449181645	0
2258	0.14095701262758709	0
2259	-0.21668144989723837	0
2260	0.2588856618181759	0
2261	-0.37816680332114727	0
2262	-0.17371039456828277	0
2263	-0.24810612927146275	0
2264	0.42339161027186767	0
2265	-0.2803659562202119	0
2266	0.4870409579654872	0
2267	0.0028872885148696946	0
2268	-0.23496050353238343	0
2269	-0.04490502643712058	0
2270	-0.053174264747313904	0
2271	-0.05448615971341496	0
2272	0.16796477506295848	0
2273	-0.1478455347628607	0
2274	-0.3992450059258381	0
2275	0.33793344268471925	0
2276	0.4143105312012455	0
2277	0.24897036222797023	0
2278	-0.05686075216573386	0
2279	-0.35391726539513024	0
2280	-0.16616054253275817	0
2281	0.38292542393669016	0
2282	0.3747679669245578	0
2283	0.1602907904632847	0
2284	0.006247100024907729	0
2285	0.18947737564916867	0
2286	-0.18926956489392355	0
2287	-0.046167392706587415	0
2288	-0.13167703504746084	0
2289	-0.10279441404611547	0
2290	-0.09425713388651066	0
2291	-0.21332352511025593	0
2292	-0.07563792528698415	0
2293	0.23341374824745076	0
2294	-0.2703176584694045	0
2295	-0.25804672952026103	0
2296	0.12885115829394161	0
2297	0.30487898445035444	0
2298	0.28846429401571383	0
2299	-0.03186840149558935	0
2300	-0.021866016886648187	0
2301	0.20380384220017062	0
2302	0.32908229220802687	0
2303	0.030837444873707112	0
2304	0.0698119314023628	0
2305	0.21501025143478353	0
2306	0.09198372374907676	0
2307	0.21132092715219625	0
2308	0.7576404031973798	1
2309	0.06405839397600219	0
2310	0.20518805038884164	0
2311	0.02063142926223359	0
2312	0.36858366174238705	0
2313	0.2213761337657711	0
2314	0.14527493804266314	0
2315	0.2405222760196361	0
2316	-0.2867641689362892	0
2317	-0.030440839055955272	0
2318	0.12559800885353206	0
2319	0.2593199288802933	0
2320	-0.2465608860193404	0
2321	-0.11396785347033564	0
2322	-0.12105986292333681	0
2323	-0.19339118104138392	0
2324	0.16888444440523737	0
2325	0.1710707586875833	0
2326	0.5693751423753016	0
2327	0.28169390476041145	0
2328	0.5002948569218851	0
2329	-0.23918446106154959	0
2330	0.31667134312573547	0
2331	0.03126050939659577	0
2332	-0.12230675037493713	0
2333	-0.06664562169978895	0
2334	0.13729001443552674	0
2335	-0.09712099729755092	0
2336	0.23754340087983888	0
2337	0.26804176090378423	0
2338	0.23153265806637574	0
2339	0.37615199565823915	0
2340	-0.22577375810308228	0
2341	0.40158345625167813	0
2342	0.09866770450198964	0
2343	-0.1027556611130497	0
2344	-0.0031201072463158397	0
2345	-0.0654530566320226	0
2346	-0.058530469292016454	0
2347	-0.10773592084951192	0
2348	-0.0799205785412063	0
2349	0.1224797960760258	0
2350	-0.4718568262880988	0
2351	-0.21943276172200438	0
2352	0.1624374628492558	0
2353	0.1985806523617085	0
2354	-0.26528060321752495	0
2355	0.151654386093554	0
2356	-0.31824556876779064	0
2357	-0.32062893810011284	0
2358	0.30399595872681084	0
2359	0.028230682756214827	0
2360	0.32643966111093425	0
2361	-0.1376028617980948	0
2362	-0.007491437663981649	0
2363	0.09940665225212095	0
2364	0.10636140144173903	0
2365	0.3081390641252197	0
2366	-0.049847317557048965	0
2367	0.1684883400186458	0
2368	-0.1585733768556587	0
2369	-0.5382298009099968	0
2370	0.08947785019638166	0
2371	-0.309244288381261	0
2372	-0.365111971945588	0
2373	0.11134064623329688	0
2374	0.11031620294049058	0
2375	0.008926428819345264	0
2376	-0.17989728917991532	0
2377	0.1344108379702296	0
2378	0.3092067681799283	0
2379	0.04619492006891755	0
2380	0.5098495570203241	0
2381	-0.3428577258266139	0
2382	0.1841622180148153	0
2383	-0.05984995920407739	0
2384	-0.19369526491905917	0
2385	0.006523602863597608	0
2386	0.005102003143802161	0
2387	-0.3715331209246495	0
2388	0.19230200532382308	0
2389	0.2018274032722449	0
2390	-0.21003987466813367	0
2391	0.31962049702409556	0
2392	0.379381098259405	0
2393	0.08812051775617681	0
2394	0.4647109442634923	0
2395	-0.2498903540708805	0
2396	-0.09822625978569738	0
2397	-0.2990091522059465	0
2398	0.21977757332133863	0
2399	-0.020030569159428063	0
2400	0.21935409696182506	0
2401	0.2089686836644085	0
2402	-0.32481907499207363	0
2403	0.18351468617492184	0
2404	-0.44005791878683165	0
2405	0.02915085501472682	0
2406	-0.08180570842984447	0
2407	-0.05392708024784783	0
2408	-0.4710221845737369	0
2409	0.3900146874832933	0
2410	0.4639890623800176	0
2411	-0.059546133125725084	0
2412	0.15216353310059613	0
2413	0.16793392213900044	0
2414	0.0027610131838703323	0
2415	0.14019816612085484	0
2416	0.3180210331887668	0
2417	0.477514969978679	0
2418	0.2242774725998508	0
2419	0.33299267574828995	0
2420	-0.04911537609464853	0
2421	0.026510024044481918	0
2422	-0.03223218113861965	0
2423	-0.12786245634776622	0
2424	-0.4402219797843433	0
2425	-0.37729765071679666	0
2426	0.323973082447676	0
2427	0.026947794091060545	0
2428	0.3461223009214391	0
2429	0.399599100606131	0
2430	-0.6405212522315811	0
2431	-0.5826996047361467	0
2432	-0.1735367794288803	0
2433	0.2996027555174385	0
2434	-0.2954739067728043	0
2435	0.019002455761014513	0
2436	0.2995773880559458	0
2437	0.17593454550137927	0
2438	-0.04916511643309929	0
2439	0.035601105769334736	0
2440	0.0842966736180393	0
2441	-0.12383374621242207	0
2442	0.0472893620220432	0
2443	0.12051101930359778	0
2444	0.023131621709078357	0
2445	-0.2607742035453736	0
2446	0.10680552552186075	0
2447	-0.13893169010234754	0
2448	0.0840169906610446	0
2449	0.4190369694352946	0
2450	0.2613622707242766	0
2451	0.4918476542014082	0
2452	0.21273289100792575	0
2453	0.03274471508666579	0
2454	0.27390087884463754	0
2455	0.26697243844245894	0
2456	-0.6056842256671753	0
2457	-0.34895822691973855	0
2458	-0.24278703728354437	0
2459	0.41017741331804813	0
2460	0.055511488755426	0
2461	-0.08198086545702006	0
2462	0.05692174693258566	0
2463	-0.3373739380786035	0
2464	0.10674236992501909	0
2465	-0.004069459621297074	0
2466	-0.2549732949094009	0
2467	-0.08566389529777683	0
2468	-0.19295688269785616	0
2469	0.1206170143679936	0
2470	-0.22541811951493124	0
2471	0.294569803465364	0
2472	-0.41292989668378016	0
2473	-0.045946742752923486	0
2474	0.08781492684700071	0
2475	-0.042467869154302756	0
2476	0.29952959016457004	0
2477	0.20393218490525203	0
2478	-0.0089772188014388	0
2479	-0.3593787631577564	0
2480	-0.06045917569024108	0
2481	-0.08147982158671324	0
2482	0.25009740829151694	0
2483	0.12633095752165394	0
2484	0.23711290696674334	0
2485	-0.5596099401049526	0
2486	0.3338517754446353	0
2487	0.012657158396526822	0
2488	0.03937209563824154	0
2489	0.18647961270474422	0
2490	-0.2319600497807821	0
2491	-0.19612780979999997	0
2492	-0.38084260768158074	0
2493	0.25330648408930134	0
2494	-0.23537468990581034	0
2495	0.20581961155041956	0
2496	-0.08733558460280069	0
2497	0.6220401501568777	1
2498	-0.328352744568117	0
2499	0.3819841007862151	0
2500	0.24007176704366376	0
2501	-0.03361674647932619	0
2502	0.33107296929045815	0
2503	-0.4568684921476466	0
2504	-0.4310227131802986	0
2505	0.18265242627786238	0
2506	0.32349249089215104	0
2507	-0.2157653587338747	0
2508	0.33966980546450404	0
2509	0.041238609721146235	0
2510	-0.13625589772310792	0
2511	-0.23008922398430254	0
2512	0.38841706598221926	0
2513	0.026460054129757708	0
2514	0.2461496007511736	0
2515	0.36503147644344236	0
2516	-0.05647649232329165	0
2517	-0.48580868481770884	0
2518	0.03472273120687852	0
2519	0.12463928888588978	0
2520	-0.7733658110502266	0
2521	0.1254896525951679	0
2522	-0.29928931175978485	0
2523	-0.10255070598960753	0
2524	0.11592825666769024	0
2525	0.038674746478809904	0
2526	-0.3545942108801089	0
2527	-0.24593979518632622	0
2528	-0.04643244173429431	0
2529	-0.059160642168322994	0
2530	0.2008402608354487	0
2531	0.37950695791866285	0
2532	0.14270522408253425	0
2533	-0.05341550429894436	0
2534	-0.09259276640932446	0
2535	0.33769115522716	0
2536	0.18365125194825477	0
2537	0.1367475112456788	0
2538	-0.12995499324127566	0
2539	0.14373479871332276	0
2540	-0.222643690805089	0
2541	0.1887592106922773	0
2542	-0.18613642913161949	0
2543	-0.10683943122432399	0
2544	-0.24805028182132471	0
2545	0.3488365360186671	0
2546	-0.3653134216135845	0
2547	0.08772993871325838	0
2548	-0.18991665367643573	0
2549	-0.26746992173090073	0
2550	0.143024030519067	0
2551	0.398653998010662	0
2552	-0.2688515815393556	0
2553	-0.07315907641628948	0
2554	-0.10362977726803722	0
2555	-0.09637423595360534	0
2556	0.004682856345204099	0
2557	0.13129503656024202	0
2558	-0.2816655403559488	0
2559	0.12072787984327824	0
2560	0.11903695337899231	0
2561	-0.033439857525279705	0
2562	0.10632539928813345	0
2563	0.25598146694539947	0
2564	-0.24812344333274444	0
2565	-0.4721824603343838	0
2566	-0.10732046240403945	0
2567	-0.39844163503195607	0
2568	-0.1697683971260847	0
2569	-0.020706952037000445	0
2570	0.08661891984038787	0
2571	0.0972402606045045	0
2572	-0.16003353930863368	0
2573	0.072762073998334	0
2574	-0.5537525156074357	0
2575	-0.2454234182587932	0
2576	0.15010681919247668	0
2577	0.02921601853715975	0
2578	-0.2890880010977262	0
2579	-0.1082150290154718	0
2580	-0.038677323816127505	0
2581	-0.08353776263952367	0
2582	0.18721167806398245	0
2583	0.032228236934295176	0
2584	0.4201808694495437	0
2585	-0.23043278190198818	0
2586	-0.06455320200166242	0
2587	-0.23044414023031495	0
2588	-0.0382723889773201	0
2589	0.16924029138538263	0
2590	-0.5196875344793166	0
2591	0.23412639134488916	0
2592	-0.5483800128899226	0
2593	0.05323453620055972	0
2594	0.2965893699244605	0
2595	0.18837622981609137	0
2596	-0.22591573108368135	0
2597	0.26170170416945937	0
2598	-0.055873077047000466	0
2599	-0.10210062565318394	0
2600	0.5391066595849049	0
2601	-0.004829675006608623	0
2602	0.4318461496575733	0
2603	0.24489857951227967	0
2604	-0.21549791895630932	0
2605	0.08227611121038073	0
2606	0.437865529273859	0
2607	0.1795282651923455	0
2608	-0.281196780221208	0
2609	-0.2056550881456929	0
2610	0.13496506229675967	0
2611	-0.12092289177292323	0
2612	0.25100477923655884	0
2613	0.4362795936125071	0
2614	0.3855921027691307	0
2615	-0.00132153031560195	0
2616	-0.4817141307323578	0
2617	-0.028015431609773538	0
2618	-0.16772351604075464	0
2619	-0.09028252550708359	0
2620	0.13648354761648962	0
2621	-0.32669848034138393	0
2622	0.13497107799548125	0
2623	0.2974998125333097	0
2624	0.2989609225644192	0
2625	-0.16699424797914864	0
2626	-0.09204717148192026	0
2627	0.396551256150408	0
2628	-0.039134031838857344	0
2629	0.010579051053257828	0
2630	0.17907440310923967	0
2631	-0.3203661718592578	0
2632	-0.3462386845259	0
2633	-0.09469046737348441	0
2634	-0.24065815316753653	0
2635	0.21720090564987077	0
2636	0.13212692396688822	0
2637	-0.025989981070713392	0
2638	0.13440388054958763	0
2639	-0.27598403514704106	0
2640	-0.5542964051389314	0
2641	-0.004628281400176098	0
2642	-0.30305637162609256	0
2643	0.13425737924189374	0
2644	0.27582712345149546	0
2645	-0.3242674109032466	0
2646	-0.36362461562650705	0
2647	-0.00762741737269188	0
2648	0.3077750755944159	0
2649	-0.582424273770377	0
2650	0.3777030964207059	0
2651	0.3088161963995462	0
2652	-0.013556977816003655	0
2653	-0.06613359763376495	0
2654	0.12467875467420797	0
2655	0.3124216041630273	0
2656	-0.27861328735440427	0
2657	-0.18409094997956124	0
2658	0.358364601859807	0
2659	0.007122596385945031	0
2660	0.3258067330822948	0
2661	-0.2659165490911446	0
2662	0.14410882006706863	0
2663	0.3206803067221884	0
2664	0.15071416894889728	0
2665	0.30116133817202045	0
2666	-0.08851711938689613	0
2667	-0.38458380870219777	0
2668	-0.4443525552785734	0
2669	-0.10356218249909575	0
2670	0.26756785458831095	0
2671	0.025511334874089055	0
2672	0.40873640472124373	0
2673	0.1742322973023853	0
2674	-0.28688006644094244	0
2675	-0.38611282321340096	0
2676	0.5153619567008166	0
2677	0.35342037539498034	0
2678	0.17224793678971578	0
2679	0.003662609608258349	0
2680	-0.038260203252577174	0
2681	-0.03437921877982225	0
2682	-0.031769583824289446	0
2683	-0.15808022668008354	0
2684	0.33667663447950336	0
2685	0.22571607453685402	0
2686	0.26306159503164595	0
2687	0.3203513273780946	0
2688	-0.1957685242358546	0
2689	0.21890392809985826	0
2690	-0.028019944656761952	0
2691	-0.15112485475264895	0
2692	0.2322892512003033	0
2693	-0.0261207088324208	0
2694	-0.26567078673588485	0
2695	-0.33335158224567807	0
2696	-0.29794833669608256	0
2697	0.2688298801345098	0
2698	0.08717618323168447	0
2699	0.3133343523251738	0
2700	-0.2761656939167466	0
2701	0.010613040196457812	0
2702	0.3392867960943854	0
2703	-0.06013336878818272	0
2704	-0.21365864668773732	0
2705	-0.3730035132003116	0
2706	0.2407231543484687	0
2707	0.10062795517781128	0
2708	-0.20192752310224452	0
2709	-0.18353640452326322	0
2710	0.06909254499810608	0
2711	-0.10451653550299574	0
2712	0.06368102525829497	0
2713	0.0827170309016629	0
2714	0.3187126531577845	0
2715	-0.610534530915621	0
2716	-0.3090635877095418	0
2717	-0.05005022429216495	0
2718	0.2655727205068936	0
2719	-0.10530373768348722	0
2720	-0.2902586634484417	0
2721	-0.40680651026576786	0
2722	0.38079573792464316	0
2723	0.08014605169035383	0
2724	-0.01580187462618262	0
2725	-0.03566859490212499	0
2726	-0.5116232854791931	0
2727	0.161094727017497	0
2728	0.1846934158200565	0
2729	-0.16146067843914785	0
2730	-0.2143319902024018	0
2731	0.017935651754033267	0
2732	0.2708159519191122	0
2733	0.26627388498724214	0
2734	-0.1341334625103286	0
2735	-0.31557191718664007	0
2736	0.29497056044718517	0
2737	0.19771667050949948	0
2738	-0.19810396711863276	0
2739	-0.13464683442347086	0
2740	0.322034921113185	0
2741	0.40233511977053754	0
2742	-0.18395351207607213	0
2743	0.20363705373208166	0
2744	0.3015362827856001	0
2745	-0.17522036267062469	0
2746	0.1028379391570377	0
2747	-0.13441653665312817	0
2748	0.230393493119206	0
2749	0.37456109071573573	0
2750	0.10250272211918153	0
2751	-0.00028067609859941606	0
2752	0.02920826656044894	0
2753	0.09604395086753241	0
2754	-0.4057175769232756	0
2755	0.024461999557023682	0
2756	0.2392180975149336	0
2757	0.3079237294634719	0
2758	0.13240287430364056	0
2759	-0.11343047802669479	0
2760	-0.14860849529551287	0
2761	-0.04529169462606288	0
2762	0.5174272621136687	0
2763	-0.23128016453732642	0
2764	-0.03928478973121652	0
2765	0.12397181201839723	0
2766	-0.20028324350058355	0
2767	0.1515589272666984	0
2768	-0.04621335072174476	0
2769	0.081852862936372	0
2770	-0.11489748058051708	0
2771	-0.32558081805136374	0
2772	-0.14817758184546514	0
2773	0.029876312881024422	0
2774	-0.09288840353645945	0
2775	-0.13108614186247944	0
2776	0.3373385832712502	0
2777	-0.17295918274630617	0
2778	0.37997242164482325	0
2779	-0.7610382355261074	0
2780	0.05845954846048178	0
2781	-0.12096533115080979	0
2782	-0.03374754728789629	0
2783	-0.4827025775588613	0
2784	-0.42622168491935175	0
2785	-0.04991070118731608	0
2786	0.040320497257045854	0
2787	-0.3060300091222239	0
2788	0.25571797662104484	0
2789	-0.006865455096685297	0
2790	-0.14917322366229216	0
2791	0.21581034147359926	0
2792	-0.1613862574763754	0
2793	-0.07221911378912652	0
2794	-0.07177139700883534	0
2795	-0.006564149098197806	0
2796	-0.2671715244435212	0
2797	0.11192086825946095	0
2798	0.33281568668032263	0
2799	0.30717993618570505	0
2800	-0.6179487071692547	0
2801	-0.05707764070388063	0
2802	-0.2584699185061812	0
2803	-0.08814754331708324	0
2804	0.11520594404381913	0
2805	-0.028280858329875397	0
2806	-0.25168520826493157	0
2807	0.0848944864692128	0
2808	0.03217081903002225	0
2809	0.06445805554137932	0
2810	0.0522793852112086	0
2811	0.20054661749770794	0
2812	0.10464016718506111	0
2813	-0.13133999403669733	0
2814	0.4594387001432364	0
2815	-0.2314065419555506	0
2816	0.2571181547098691	0
2817	0.23507759418555826	0
2818	0.26392352923355245	0
2819	-0.0037113124235398937	0
2820	-0.15484553577064003	0
2821	-0.0816115874310098	0
2822	-0.11286596564989972	0
2823	0.08856348574940726	0
2824	-0.4683542016311749	0
2825	-0.040632908176368845	0
2826	-0.09959595999472531	0
2827	-0.11524487211957862	0
2828	0.21783486780150474	0
2829	-0.24549619213606716	0
2830	-0.4450183668455187	0
2831	0.46407034977066575	0
2832	0.029284441146186575	0
2833	0.13219814720131978	0
2834	0.037345599055882785	0
2835	-0.08484687004678822	0
2836	-0.0695955344255925	0
2837	-0.16172687156708493	0
2838	0.274367272070535	0
2839	-0.025208401770467466	0
2840	-0.017722301775489037	0
2841	-0.3300760136344144	0
2842	-0.37261228580363137	0
2843	0.1739818052251827	0
2844	0.05253513591136871	0
2845	-0.006875063669617611	0
2846	0.4999657598152665	0
2847	0.2862142006316111	0
2848	0.2604327995425633	0
2849	0.08941916261101332	0
2850	0.012376996586963937	0
2851	0.255266402648472	0
2852	-0.11364573180743684	0
2853	0.37043694206169564	0
2854	-0.015834334814224225	0
2855	0.07566468511136662	0
2856	-0.5329320238675137	0
2857	0.011474214592584216	0
2858	0.29760204910186716	0
2859	0.19256845944018974	0
2860	-0.0738967496310942	0
2861	0.09149787098699218	0
2862	0.22146424186858563	0
2863	0.6870630991654707	1
2864	0.05337733417293089	0
2865	-0.2902728150681519	0
2866	-0.7129705290885088	0
2867	-0.25548362201761277	0
2868	-0.032671179422418005	0
2869	-0.009930816756588667	0
2870	-0.033709407749565296	0
2871	-0.5423282032399249	0
2872	0.39331011642122626	0
2873	-0.20041063503564105	0
2874	0.16357560534268156	0
2875	-0.09037224942927394	0
2876	-0.018994055475285678	0
2877	0.274652561878276	0
2878	-0.3682941831422201	0
2879	0.08343214815959435	0
2880	0.07777269426640182	0
2881	-0.020395661324102105	0
2882	-0.4070555760733583	0
2883	-0.09342991158272101	0
2884	-0.13800234427920288	0
2885	-0.31964875176986823	0
2886	-0.21533041295043706	0
2887	-0.4554825924344915	0
2888	0.14531442029424074	0
2889	0.09456091456828374	0
2890	-0.04310409109025576	0
2891	-0.13591962882518457	0
2892	0.2965639818878324	0
2893	0.028570551161549163	0
2894	0.30601826986194725	0
2895	-0.24798437622017022	0
2896	-0.037760438080006335	0
2897	-0.013145497785821029	0
2898	-0.4849531053881739	0
2899	0.17802912561192274	0
2900	0.1431327792104503	0
2901	0.5213119491653426	0
2902	0.09600577506560919	0
2903	-0.09392951495786184	0
2904	0.1053738142949098	0
2905	0.10926659869208047	0
2906	-0.16161554972115655	0
2907	0.3083131104084397	0
2908	-0.24983840467637103	0
2909	-0.08897868702804114	0
2910	-0.007173116325841226	0
2911	0.2120178860583672	0
2912	-0.13049457595940234	0
2913	0.11816202072936995	0
2914	-0.16610765509148134	0
2915	0.10930839962881604	0
2916	-0.0885846425593608	0
2917	0.24712488994656887	0
2918	0.4224499280756444	0
2919	-0.09733866682350356	0
2920	0.45067736023201543	0
2921	0.0756163414345282	0
2922	0.4070276387667693	0
2923	0.13138366245528715	0
2924	0.07813330575091784	0
2925	-0.07627926003532054	0
2926	0.2801919010267139	0
2927	0.24336477540995527	0
2928	0.03343363703328098	0
2929	-0.09074747114116413	0
2930	-0.03045595417813168	0
2931	0.30481147782556517	0
2932	-0.10218812092541632	0
2933	-0.3866329622141301	0
2934	0.4961826396925355	0
2935	0.2677570227974725	0
2936	-0.03571045558342969	0
2937	-0.13399369379818327	0
2938	-0.03534697359133768	0
2939	0.16709840731639788	0
2940	0.1750538909208284	0
2941	-0.5125354960853351	0
2942	0.28444130832474424	0
2943	-0.0597860515323345	0
2944	0.27241981581954583	0
2945	-0.18953462364059903	0
2946	-0.12067821038310964	0
2947	-0.04932195380171471	0
2948	-0.10678543757368311	0
2949	0.1588209328129096	0
2950	0.3100662376763218	0
2951	-0.08192687147286196	0
2952	0.01899920173754768	0
2953	-0.09618863805645028	0
2954	-0.07375462577873504	0
2955	0.15026965777008064	0
2956	0.39206181460623635	0
2957	-0.12133128737019994	0
2958	-0.3579457231185496	0
2959	-0.22119747164856562	0
2960	-0.1576124086023248	0
2961	0.6524429536128602	1
2962	-0.098378228549789	0
2963	-0.09942928982724916	0
2964	0.21818096276911741	0
2965	0.022201144143511934	0
2966	0.03490008208612676	0
2967	0.139167670230343	0
2968	-0.18646827459403098	0
2969	-0.2890794080704203	0
2970	-0.051034246727033356	0
2971	0.2652519152380084	0
2972	0.47966306046612045	0
2973	-0.3254371449269845	0
2974	-0.0639144060041984	0
2975	0.33304180750642176	0
2976	-0.1332818336898089	0
2977	0.11175439313837061	0
2978	0.06299729246080671	0
2979	0.12834103985549164	0
2980	-0.23188075185103035	0
2981	-0.05395596355102599	0
2982	-0.08371013845474326	0
2983	0.37296345457809	0
2984	0.11392686509014305	0
2985	-0.20599471648481607	0
2986	0.04361204656067535	0
2987	-0.21510896631429	0
2988	-0.10456417177288085	0
2989	-0.21872131548652102	0
2990	-0.13495708381256413	0
2991	0.166818449644202	0
2992	0.5239286155481375	0
2993	-0.13337345236432374	0
2994	-0.44197530357465753	0
2995	-0.058253109337258455	0
2996	0.2145194261898789	0
2997	-0.1163393070584548	0
2998	0.04887125660323147	0
2999	0.44652521396585176	0
3000	0.008485588226800504	0
3001	0.4758197280909925	0
3002	0.18125908882975597	0
3003	-0.07936139266216183	0
3004	-0.1531079407514751	0
3005	-0.26851931534460594	0
3006	0.1644705461082738	0
3007	-0.12229383465426766	0
3008	-0.10820908002557536	0
3009	0.31612512152699557	0
3010	-0.12595617805176684	0
3011	0.10289334422327524	0
3012	-0.2299067229161708	0
3013	0.11840283600404389	0
3014	-0.36639987405479746	0
3015	-0.13514511146709912	0
3016	0.13948723157313025	0
3017	0.0919383517594245	0
3018	0.2914951833240653	0
3019	-0.0815149040959409	0
3020	0.07500737663642579	0
3021	0.21535329710489187	0
3022	-0.6227361589122881	0
3023	0.017979173940603884	0
3024	-0.256076343545815	0
3025	-0.2944772171270814	0
3026	0.0855248435899919	0
3027	-0.21491396271080115	0
3028	-0.12069031577166114	0
3029	0.23014737182069625	0
3030	0.2574997779294597	0
3031	-0.10178780561496803	0
3032	-0.1923519399599988	0
3033	0.11813986808820176	0
3034	0.17898050464922188	0
3035	-0.13956375431700338	0
3036	0.856863309613769	1
3037	0.07506353210119418	0
3038	0.04731105200862618	0
3039	0.1548088053409096	0
3040	-0.3340252487864064	0
3041	-0.1332612641317671	0
3042	-0.0469196170244901	0
3043	0.14603616416763282	0
3044	-0.08524935118657907	0
3045	0.3708792559637529	0
3046	0.6064767714575384	1
3047	-0.048382529693668325	0
3048	0.010430659542879268	0
3049	-0.2036193976381784	0
3050	-0.33563656369616984	0
3051	0.11444436494548235	0
3052	0.27390038078100315	0
3053	0.20592004537507488	0
3054	-0.26825713235972437	0
3055	-0.2696324106550936	0
3056	0.20748394003639625	0
3057	0.13924661857413673	0
3058	-0.4002674450170437	0
3059	0.0417022911842759	0
3060	0.35896604902120277	0
3061	-0.18151228704912675	0
3062	0.22535946865940767	0
3063	-0.1653496314650063	0
3064	-0.18284042740300083	0
3065	0.16730106249420645	0
3066	-0.4007687436582572	0
3067	0.32948725013999913	0
3068	0.43146635942382205	0
3069	-0.2909657942425111	0
3070	-0.22083549869190683	0
3071	0.6331372566400979	1
3072	0.34753014564709744	0
3073	0.21947859920791357	0
3074	0.22691316032842362	0
3075	0.2465837753394376	0
3076	0.2023076932927862	0
3077	0.13720674285153303	0
3078	-0.25125008636050405	0
3079	0.23567929524559836	0
3080	0.1866512309773053	0
3081	0.47479350622409683	0
3082	0.41630812620051927	0
3083	-0.4398874749965387	0
3084	-0.04452016597094294	0
3085	-0.03288904119345637	0
3086	-0.3358725683446223	0
3087	0.3835541628298267	0
3088	0.6121668336780888	1
3089	-0.2743531682068661	0
3090	-0.08194148528796202	0
3091	0.04465697984110543	0
3092	-0.15387474068388055	0
3093	-0.14038007454082285	0
3094	0.13531822273417066	0
3095	0.024181662716553136	0
3096	0.04008875653367612	0
3097	0.041789496815568705	0
3098	-0.21404172605179972	0
3099	-0.46892880904275086	0
3100	-0.08999234207846664	0
3101	0.14628252258949645	0
3102	-0.07152311581739007	0
3103	0.0782384580314752	0
3104	-0.5035698148788927	0
3105	0.18906287435750457	0
3106	-0.004101885747441363	0
3107	-0.011318248622562048	0
3108	-0.18385456536452377	0
3109	0.019856420133710036	0
3110	0.5903683226370336	0
3111	0.508982478774716	0
3112	0.030671659090109556	0
3113	0.06436778366323631	0
3114	0.5054157066395875	0
3115	-0.08351209185392613	0
3116	-0.05877515441026729	0
3117	-0.39332818606750325	0
3118	0.018722043479514314	0
3119	0.0012598623330584901	0
3120	-0.3871120808404884	0
3121	-0.2707404558513504	0
3122	-0.27033988606888976	0
3123	-0.22197793599651278	0
3124	-0.15091715384919085	0
3125	0.021983715217516596	0
3126	-0.1555745489378807	0
3127	0.3310442672575634	0
3128	0.04613122583997721	0
3129	-0.0007660552688150754	0
3130	0.4329371339408575	0
3131	-0.15412207527931165	0
3132	-0.3787765739101753	0
3133	0.16782067634448222	0
3134	0.004390374952537019	0
3135	-0.3323159742549172	0
3136	0.008753434413330544	0
3137	-0.19433128801377675	0
3138	0.10900038881272889	0
3139	0.36627282862658606	0
3140	0.07798403089723957	0
3141	0.11997996765757568	0
3142	0.3407657381605885	0
3143	0.12325422593532767	0
3144	-0.21334151079223843	0
3145	-0.4615530702134617	0
3146	-0.37737081640105163	0
3147	0.017762680416690983	0
3148	-0.2581896701628689	0
3149	0.3590294824940884	0
3150	-0.04771610415518828	0
3151	-0.327396545710415	0
3152	-0.2598807624056147	0
3153	0.03998833955672901	0
3154	0.15512586730908856	0
3155	0.026742746984806828	0
3156	0.07484505580734133	0
3157	0.5838586494515594	0
3158	-0.19299416946864845	0
3159	0.3498439370974473	0
3160	-0.003938995232493662	0
3161	-0.12207294020666024	0
3162	-0.3313579658463254	0
3163	-0.036705034720848295	0
3164	-0.0871173899785953	0
3165	0.3287269949133179	0
3166	0.388660487076981	0
3167	-0.1545122818701709	0
3168	-0.15774151072164955	0
3169	0.1826587468889102	0
3170	-0.2599889116607724	0
3171	0.06241295663147152	0
3172	-0.249488673584439	0
3173	0.14142245911093168	0
3174	-0.23403751175507925	0
3175	-0.4388181695883613	0
3176	-0.10898655599256638	0
3177	-0.0818328425247481	0
3178	-0.020357640420229917	0
3179	-0.019279685719276556	0
3180	-0.2569776846608962	0
3181	0.32139349452008764	0
3182	0.10198740202243636	0
3183	0.18673001401121703	0
3184	-0.3597364104803522	0
3185	-0.19933626808213026	0
3186	0.012360568509155453	0
3187	0.15894953715170673	0
3188	-0.06552523273011646	0
3189	-0.17372111593694856	0
3190	0.015861109972971653	0
3191	-0.13801494435536757	0
3192	0.4224485081400082	0
3193	0.010704354452777837	0
3194	-0.053846601253370374	0
3195	-0.25077399234373565	0
3196	-0.2886788469172518	0
3197	-0.1832387112347022	0
3198	0.15433035303836867	0
3199	-0.29587150994147116	0
3200	0.007433089099050685	0
3201	-0.13481752186302515	0
3202	-0.04581326325251274	0
3203	-0.01685919468882572	0
3204	0.08987470682029407	0
3205	-0.4767121811753171	0
3206	-0.2415694180106585	0
3207	0.21729430862641133	0
3208	0.18446062053288487	0
3209	0.14457940059920021	0
3210	0.48002401383414284	0
3211	0.607344728458916	1
3212	-0.03266789481724058	0
3213	0.29741913999863256	0
3214	-0.5247701618355846	0
3215	0.0007606999844922441	0
3216	0.29706758293078495	0
3217	0.199399307873196	0
3218	-0.0749059492029485	0
3219	0.3003463674864647	0
3220	-0.2272200476272616	0
3221	0.04057926466528216	0
3222	-0.12192205430886174	0
3223	0.08968044883970328	0
3224	0.06519423704585028	0
3225	-0.0881836604077137	0
3226	-0.45754705656820804	0
3227	-0.36759608809452937	0
3228	0.27364849192550156	0
3229	-0.16582173791164745	0
3230	-0.049120331212322524	0
3231	-0.08286055615984775	0
3232	-0.13590435713794763	0
3233	0.1614497915317917	0
3234	0.3412528432693264	0
3235	0.5256173255462412	0
3236	-0.09995800097209159	0
3237	-0.3660304052910692	0
3238	0.32181884000483774	0
3239	-0.12074338871413332	0
3240	0.012044550693672034	0
3241	-0.03154076892336561	0
3242	-0.030942713048650004	0
3243	-0.18286288568627523	0
3244	0.2928594709589816	0
3245	-0.1512310339709957	0
3246	-0.23844773770294697	0
3247	-0.14333449696643677	0
3248	0.2411507353002672	0
3249	-0.18532683249875076	0
3250	-0.12716507099608912	0
3251	-0.1567769984965154	0
3252	-0.07613888761894315	0
3253	0.1173471393963243	0
3254	0.3525344849290246	0
3255	0.20714159125534146	0
3256	-0.31473108339556016	0
3257	-0.17719963729910743	0
3258	0.5098951324395207	0
3259	0.19232339339599186	0
3260	0.5599961621625194	0
3261	-0.3192244107197625	0
3262	0.02060532494550822	0
3263	-0.17151687939427956	0
3264	0.3186877164907076	0
3265	0.08672594118880611	0
3266	-0.024471292385377902	0
3267	-0.16354030497727223	0
3268	-0.23456889760558855	0
3269	-0.40110243271796453	0
3270	0.46296233079330873	0
3271	0.25442326673386684	0
3272	-0.4173862716292681	0
3273	-0.03144845017926416	0
3274	-0.20673350405228647	0
3275	-0.14943624717762605	0
3276	0.09939579645532172	0
3277	-0.19882558568680936	0
3278	0.20886615880765755	0
3279	0.3271862263716142	0
3280	-0.0881368119836628	0
3281	-0.14275490741628666	0
3282	-0.10973929119735795	0
3283	0.22382898543427504	0
3284	-0.2297174092981745	0
3285	-0.13925234482255258	0
3286	0.19006158183867	0
3287	0.40731251395288776	0
3288	-0.15276575088586383	0
3289	-0.042299508040000385	0
3290	0.16348011150311265	0
3291	0.004021295696598631	0
3292	-0.24882332599808665	0
3293	0.2071514543013337	0
3294	-0.18578476860039106	0
3295	-0.2681522817168096	0
3296	0.1911662549219168	0
3297	0.2401966628314699	0
3298	0.11839427970543334	0
3299	0.12738878677122875	0
3300	0.259044155190714	0
3301	0.4005458672804293	0
3302	-0.07614326036226855	0
3303	0.008568927860941562	0
3304	-0.19026370505061985	0
3305	-0.034249867866535694	0
3306	0.3746988392424089	0
3307	0.07425287312943227	0
3308	-0.13508207202175665	0
3309	-0.1667012214420832	0
3310	-0.11008422515716734	0
3311	-0.27010432915208565	0
3312	0.5185013671016394	0
3313	0.3586564053586608	0
3314	-0.017146571681973494	0
3315	-0.05898107357610957	0
3316	-0.032874450312970545	0
3317	0.4241730154485398	0
3318	-0.4653382203289582	0
3319	-0.06021194679942882	0
3320	0.13555531911234422	0
3321	-0.13468960798479973	0
3322	-0.5466584971390797	0
3323	0.009099890414278267	0
3324	0.061637649025268845	0
3325	0.0383405577138894	0
3326	-0.48205243648772067	0
3327	0.20563182089885595	0
3328	-0.001968200902287636	0
3329	0.142576185715673	0
3330	0.28571722834287716	0
3331	-0.1953176203109253	0
3332	-0.28659646337604683	0
3333	0.22376840021982253	0
3334	0.3169980803842342	0
3335	-0.08228857226387937	0
3336	0.09787501887598238	0
3337	0.3752374244358567	0
3338	-0.08583213371699998	0
3339	-0.5559977855725352	0
3340	0.2732403729702624	0
3341	-0.020481523176983422	0
3342	0.22979858205547699	0
3343	0.09832014891615046	0
3344	-0.24043255526149448	0
3345	0.3132726912539406	0
3346	-0.4199444900024271	0
3347	0.02828878852606997	0
3348	-0.043485586414866245	0
3349	0.20740732618335925	0
3350	-0.4112740796026677	0
3351	-0.17417097452438876	0
3352	0.2881058865957088	0
3353	-0.38747300513663974	0
3354	-0.016890766973343047	0
3355	-0.09899556330250828	0
3356	-0.27060672627544013	0
3357	-0.054348039506362265	0
3358	-0.04739154898762544	0
3359	-0.16427044962036488	0
3360	-0.20823180490182716	0
3361	-0.2704393144932494	0
3362	-0.3994922745872474	0
3363	-0.3635532655715935	0
3364	-0.2757409678461079	0
3365	-0.47470866991106553	0
3366	-0.6555852807423355	0
3367	-0.2871220923257539	0
3368	-0.22552744352252463	0
3369	0.21821020638428648	0
3370	-0.11199834142892551	0
3371	0.4167122235509731	0
3372	-0.26572184406289945	0
3373	-0.24667937924186503	0
3374	-0.24610540051333774	0
3375	0.09910780447460635	0
3376	0.4862630527702749	0
3377	-0.08792056505352028	0
3378	-0.17340436158170058	0
3379	0.005828447136811358	0
3380	0.26406071977896056	0
3381	-0.05055636318923959	0
3382	0.14982889414624512	0
3383	0.126776658502545	0
3384	-0.011778319418631358	0
3385	0.06817764493837349	0
3386	-0.3505395057978993	0
3387	0.009498718661438272	0
3388	0.37485583153959134	0
3389	-0.3136245205489633	0
3390	0.17158631914699746	0
3391	-0.0731086121986795	0
3392	-0.3071364525116321	0
3393	0.0612607754320523	0
3394	-0.2122224265272031	0
3395	0.06833652410508402	0
3396	-0.16779605247570795	0
3397	0.09175078312256041	0
3398	0.20592563513714088	0
3399	-0.12497909502499495	0
3400	0.522852626866812	0
3401	-0.0024619632713704675	0
3402	-0.290327319755237	0
3403	0.1367511868964273	0
3404	0.0864486316363367	0
3405	0.3156186459483688	0
3406	-0.3312694068068999	0
3407	0.16057131539160507	0
3408	0.26976574907562745	0
3409	-0.13190613174759558	0
3410	0.07212986770565392	0
3411	-0.21116840125053987	0
3412	0.04800862909931429	0
3413	0.12105950362218229	0
3414	0.15766919680733815	0
3415	-0.3693645436167934	0
3416	0.19794548523087013	0
3417	-0.03487206200329138	0
3418	0.0793591223590584	0
3419	-0.3226298334340098	0
3420	0.01384452495483655	0
3421	-0.20252998951802878	0
3422	0.07300887696793006	0
3423	0.0015228063037429928	0
3424	-0.1433574978590278	0
3425	0.2701550560267959	0
3426	0.34048875476984186	0
3427	-0.2401923482694735	0
3428	0.7192615413760142	1
3429	0.2522411891823192	0
3430	-0.060767471134122744	0
3431	-0.24546793809198936	0
3432	0.030797357789875045	0
3433	-0.055755895221972385	0
3434	-0.707486417584905	0
3435	0.3460544598949473	0
3436	-0.05466416499377598	0
3437	-0.4002641686717152	0
3438	0.08549601680847399	0
3439	0.1818126630202525	0
3440	-0.37589006820244186	0
3441	-0.35478742586626655	0
3442	0.3649764646349023	0
3443	0.09840047376021036	0
3444	0.1612086012435877	0
3445	0.04134930493139143	0
3446	0.045801538979622115	0
3447	-0.2008603833313633	0
3448	-0.3420216924235765	0
3449	0.37569381937355045	0
3450	0.0013753544256211916	0
3451	0.5113591978363021	0
3452	0.12962335054424146	0
3453	-0.06221385523347747	0
3454	0.33196321598805534	0
3455	-0.11302569735345383	0
3456	0.2983452229830646	0
3457	0.051279261440456816	0
3458	0.32494774394641435	0
3459	0.01904888710763032	0
3460	0.08031543258704651	0
3461	-0.332686242651165	0
3462	-0.09114740686073597	0
3463	-0.3526706804675858	0
3464	0.5671663318247315	0
3465	-0.11941982922514705	0
3466	-0.2587004996068425	0
3467	0.08729930155224824	0
3468	-0.012050000688896187	0
3469	-0.29296510622970184	0
3470	0.11684210128639072	0
3471	-0.1451016972890201	0
3472	-0.1700287773804534	0
3473	-0.44661037290642286	0
3474	-0.0004864546741618525	0
3475	-0.04240451304224134	0
3476	-0.022104206751783644	0
3477	0.03181185063656376	0
3478	0.4985326632618265	0
3479	0.02099759277163716	0
3480	0.3490704535152217	0
3481	0.15820952581032666	0
3482	-0.3417294646205731	0
3483	-0.11542509356901995	0
3484	-0.30615406991934124	0
3485	-0.381213642462811	0
3486	0.04524186236141303	0
3487	0.12556356117310624	0
3488	-0.021274591262843298	0
3489	0.019339735278566188	0
3490	0.3200523877848882	0
3491	-0.31944832620761954	0
3492	0.2379687835714494	0
3493	0.09725890695378521	0
3494	-0.05041889350450403	0
3495	-0.5425864489610154	0
3496	-0.2913029831711449	0
3497	-0.31155290914307754	0
3498	-0.09177923829979943	0
3499	0.47669416609973025	0
3500	-0.4147535616902791	0
3501	-0.03444048408903092	0
3502	0.2801281700395233	0
3503	0.12367318277898932	0
3504	0.16824753914739005	0
3505	-0.2372140293684466	0
3506	0.23308367278372427	0
3507	0.05106056706588566	0
3508	-0.31842697153729516	0
3509	-0.14568602323420332	0
3510	-0.250036920656034	0
3511	0.15919747184782737	0
3512	0.07129969492552982	0
3513	-0.22727416383532895	0
3514	0.22059053244685156	0
3515	0.06300488219427876	0
3516	-0.34953227682756954	0
3517	0.13407641197154446	0
3518	0.16070544420871358	0
3519	0.03129033702446722	0
3520	0.36637103094049683	0
3521	0.016023677491067895	0
3522	-0.07200640931482546	0
3523	-0.2005691028413612	0
3524	0.06996423793819515	0
3525	-0.16414948789072462	0
3526	-0.08868328829086021	0
3527	0.22289749078774207	0
3528	0.2336877396791877	0
3529	0.07584009351605708	0
3530	0.10087566530908701	0
3531	-0.23469566702706082	0
3532	-0.22721729395109463	0
3533	-0.013213888423764367	0
3534	-0.045865118340795465	0
3535	-0.1262399142666627	0
3536	0.18925753235834314	0
3537	-0.16562319825416597	0
3538	-0.24474628018897732	0
3539	-0.1824570295909126	0
3540	-0.2371569798081003	0
3541	-0.4793956604233997	0
3542	0.46018846573370564	0
3543	0.08387328668857848	0
3544	0.10026785368221437	0
3545	-0.09507089549190602	0
3546	-0.1321530546703889	0
3547	-0.13115961843627552	0
3548	0.0776035182797552	0
3549	0.5551755647491772	0
3550	-0.44623050524511765	0
3551	0.22234656954234214	0
3552	-0.4334921658202253	0
3553	0.15729276644777812	0
3554	0.42320331485358753	0
3555	0.10748998952556368	0
3556	-0.04827463653093359	0
3557	-0.4605544351722862	0
3558	-0.18984180285488284	0
3559	0.3146344707511001	0
3560	-0.040512110173655067	0
3561	-0.03301418486888943	0
3562	-0.40967436221418135	0
3563	-0.5343548455327288	0
3564	-0.11181056246739618	0
3565	0.05614581420584512	0
3566	0.12045071955023184	0
3567	-0.3099034029096014	0
3568	-0.23903723017829587	0
3569	-0.14613282872175487	0
3570	-0.46877206276438	0
3571	0.10667251586148493	0
3572	0.04363250455867029	0
3573	0.18296755210012133	0
3574	0.3834358066993936	0
3575	-0.0642576288699116	0
3576	0.11526489068421494	0
3577	-0.12641699830648687	0
3578	0.037659650879216994	0
3579	-0.18242669518995144	0
3580	0.3611611244060757	0
3581	-0.15274312221849926	0
3582	0.10338099973650144	0
3583	0.13130241882842478	0
3584	0.01676548871331636	0
3585	0.018521632065606183	0
3586	0.16794128607195588	0
3587	0.07308420199335437	0
3588	-0.10367283831637208	0
3589	-0.16890260465646906	0
3590	0.20961275648577557	0
3591	-0.15633713243767772	0
3592	-0.2660884029733359	0
3593	-0.42377341101466076	0
3594	-0.2682484233440154	0
3595	-0.08863952714759306	0
3596	-0.4604568588253636	0
3597	0.3190264736574907	0
3598	0.17298517028157406	0
3599	0.06261032497432042	0
3600	0.276679534355419	0
3601	0.08144287898968885	0
3602	0.0022157591766909226	0
3603	-0.07286555560448306	0
3604	-0.42629001227693675	0
3605	0.13264780010288163	0
3606	-0.17578646397442715	0
3607	0.17523163297034017	0
3608	0.10245710252593931	0
3609	-0.490134564453201	0
3610	0.3380498071777398	0
3611	0.27588253649161126	0
3612	-0.044459635043416545	0
3613	0.0749080073044503	0
3614	-0.050604202725093805	0
3615	-0.20468764233599676	0
3616	-0.1351416110398548	0
3617	-0.012738817692252553	0
3618	0.10980454468384981	0
3619	0.23006391947375973	0
3620	-0.08771229100018595	0
3621	0.5134321352847703	0
3622	-0.14501505517069993	0
3623	-0.01847420302483513	0
3624	0.060064021037717664	0
3625	-0.1522011996051651	0
3626	-0.1537719498778486	0
3627	-0.029900599841773026	0
3628	-0.058413791970713086	0
3629	-0.6204988866029277	0
3630	0.05767407849868252	0
3631	-0.2800601571152026	0
3632	-0.27588269930738907	0
3633	-0.5594845660107	0
3634	-0.06072756674071139	0
3635	0.06440840565232753	0
3636	0.2847857726803641	0
3637	-0.23871790563284195	0
3638	0.21635074332080675	0
3639	-0.5591190927832893	0
3640	0.04533319935666699	0
3641	0.17837763303579618	0
3642	-0.019037067540466263	0
3643	0.16610487849098637	0
3644	-0.14229940783994183	0
3645	-0.26972344257896785	0
3646	-0.3383646134639209	0
3647	-0.04168116707800354	0
3648	-0.1376342303190913	0
3649	-0.13777455324078208	0
3650	0.4775176755316267	0
3651	-0.008627706349946203	0
3652	0.13066393942722643	0
3653	-0.21106759979769818	0
3654	0.46119385530294466	0
3655	0.06280538364403432	0
3656	-0.022452445994407273	0
3657	0.06471794830561235	0
3658	-0.13322408553469994	0
3659	0.5718864870577941	0
3660	0.03280591643544349	0
3661	0.07805867504256658	0
3662	-0.06396406750285138	0
3663	0.15119757479783363	0
3664	0.6023586549603358	1
3665	-0.3837953748514996	0
3666	0.22861428817723056	0
3667	0.1254621819788536	0
3668	-0.15557748978157232	0
3669	0.19255568358462044	0
3670	0.32083216623105604	0
3671	-0.07815598799490675	0
3672	0.2249724405326724	0
3673	0.11792593109302713	0
3674	-0.4466568532996082	0
3675	-0.4028118761786489	0
3676	-0.3681285956097974	0
3677	-0.10457404472826534	0
3678	0.023701833260876604	0
3679	0.0835180111785099	0
3680	-0.598373406860153	0
3681	-0.10627958170867259	0
3682	0.18191949898127568	0
3683	-0.7113673387369805	0
3684	-0.03371521446218356	0
3685	0.12849259306852245	0
3686	0.0624812610603155	0
3687	0.06398940700802136	0
3688	0.2571727665415039	0
3689	-0.3974631430896608	0
3690	0.11463631738024935	0
3691	-0.2190851520031678	0
3692	0.3155256678131675	0
3693	-0.26479719426006915	0
3694	0.33581825432700935	0
3695	-0.2850799304000893	0
3696	-0.289875659733294	0
3697	-0.541496958358303	0
3698	0.16106382630476332	0
3699	-0.26382601418816287	0
3700	-0.022765637750421182	0
3701	0.13589780652147926	0
3702	0.03442088755255798	0
3703	0.0667379291145833	0
3704	0.3727002054746057	0
3705	0.1669571226353394	0
3706	-0.042818860975373345	0
3707	-0.19529312140099858	0
3708	-0.4820743796802247	0
3709	0.1553023838216053	0
3710	0.2012416846786717	0
3711	-0.4214552035737117	0
3712	-0.11279885486476698	0
3713	-0.10970987779922606	0
3714	0.3474333538664112	0
3715	0.01123444921965612	0
3716	-0.16870703791693875	0
3717	-0.07163446160149367	0
3718	0.05130323562808642	0
3719	-0.3197436902073635	0
3720	0.142166566900368	0
3721	0.4766813207541074	0
3722	-0.04010354484030923	0
3723	-0.021994370434272388	0
3724	0.3148372683874515	0
3725	-0.07641919489864633	0
3726	0.09989896363903383	0
3727	0.21398236765332268	0
3728	-0.04319832890046656	0
3729	0.25844680489342964	0
3730	0.32193158364880037	0
3731	-0.020546440198467644	0
3732	0.09636208985269581	0
3733	0.22745438072611773	0
3734	-0.2174912996647071	0
3735	-0.27750206622904616	0
3736	-0.1309772115405128	0
3737	-0.16740603107956484	0
3738	0.5020547063417573	0
3739	-0.16929073638876352	0
3740	-0.1300256166506648	0
3741	0.20704141464886927	0
3742	0.3043995479680696	0
3743	-0.09380828917682356	0
3744	0.035222249548356496	0
3745	0.0727100544137568	0
3746	0.20606632696455407	0
3747	-0.2287579147180217	0
3748	0.09688692846921537	0
3749	-0.14359121172233158	0
3750	-0.44357848779050923	0
3751	0.09544293435609302	0
3752	-0.05188722100713526	0
3753	-0.05084861988214856	0
3754	-0.007811107643302314	0
3755	-0.26393670395896107	0
3756	-0.2979251528276304	0
3757	-0.2798275736467596	0
3758	-0.38201117863408074	0
3759	0.10614859463381127	0
3760	-0.02322665422034409	0
3761	0.14986439601400903	0
3762	-0.31464333980743414	0
3763	0.0028228827452165105	0
3764	-0.12345880012932127	0
3765	-0.4026479322139397	0
3766	-0.17551373005615917	0
3767	0.16970185533304682	0
3768	0.15043580753970592	0
3769	0.34705870465542005	0
3770	0.15109596244025852	0
3771	0.1385344089473719	0
3772	0.08476940368107574	0
3773	0.18378075214847955	0
3774	-0.07170900057920979	0
3775	-0.24205774501066954	0
3776	-0.20237269401266356	0
3777	0.3546539045197053	0
3778	-0.09026354475442175	0
3779	-0.23951103076618674	0
3780	0.24578255245680158	0
3781	0.09408674213433224	0
3782	-0.1378349369808433	0
3783	0.38424478358012104	0
3784	-0.11582953021572275	0
3785	0.01992266181489686	0
3786	-0.1315534001058256	0
3787	0.43440317517018107	0
3788	0.16259089610347768	0
3789	-0.05046566312650036	0
3790	0.11231622279319683	0
3791	0.2949680821962912	0
3792	-0.15149521354309817	0
3793	0.4405490529193731	0
3794	0.010031494143477041	0
3795	-0.11630314857888457	0
3796	0.3586342331199404	0
3797	0.1583383245693945	0
3798	0.09273644363644908	0
3799	0.5475917024045919	0
3800	0.22851221066037708	0
3801	0.01769014725155415	0
3802	0.4024471251800393	0
3803	-0.25432232558088935	0
3804	0.056645914753791334	0
3805	0.056090860681048245	0
3806	0.5751773423600316	0
3807	0.07413188007230637	0
3808	0.042550999720429666	0
3809	0.05289702731045284	0
3810	-0.14620956594892887	0
3811	0.08331245965520151	0
3812	-0.5320343100773272	0
3813	-0.23386200534160223	0
3814	0.49812509892278256	0
3815	-0.21972917538550765	0
3816	-0.33672864987996015	0
3817	-0.13642104680099254	0
3818	0.5053758847522217	0
3819	0.14789636298150355	0
3820	0.26993547201405466	0
3821	0.17394217663198464	0
3822	-0.31820968332608934	0
3823	0.13822513000014225	0
3824	-0.21676027700214007	0
3825	0.05458869454291883	0
3826	0.00562951788278587	0
3827	-0.018498259975019974	0
3828	-0.22718402389779452	0
3829	0.30919659011963846	0
3830	-0.08086887101618256	0
3831	0.39395910108618437	0
3832	-0.13539386640842807	0
3833	0.2447697855572949	0
3834	-0.0704065317320457	0
3835	0.329121537544665	0
3836	-0.29999608227953445	0
3837	-0.005931307361569419	0
3838	0.4689612482767458	0
3839	-0.14031693469135126	0
3840	0.0027561618018432116	0
3841	-0.6519803406249551	0
3842	-0.03996479532035778	0
3843	-0.2757512613941757	0
3844	-0.1277796761595677	0
3845	-0.029647395732437246	0
3846	0.2211953014611116	0
3847	-0.40708864032413294	0
3848	0.05911529233824646	0
3849	-0.27143686912969106	0
3850	-0.05347801603173704	0
3851	0.14986520718017365	0
3852	0.5089571589763686	0
3853	0.029767979143466704	0
3854	0.47717745538865214	0
3855	0.3916190997916562	0
3856	0.07411437574148529	0
3857	-0.022047145842235986	0
3858	-0.301268739650027	0
3859	-0.21013721757108333	0
3860	0.12429832221606651	0
3861	0.2870515931313978	0
3862	-0.15084139354597395	0
3863	-0.08938784885287286	0
3864	0.059181559993767646	0
3865	-0.2535855273371682	0
3866	-0.15959282783383255	0
3867	0.0354326916191827	0
3868	0.04208270597083018	0
3869	-0.10810038139049352	0
3870	0.07480928061395653	0
3871	-0.0848230058633406	0
3872	0.5021274426457987	0
3873	-0.05789017507484053	0
3874	-0.17398592393396523	0
3875	-0.08317953066944754	0
3876	-0.12394289131396496	0
3877	0.17005543548453578	0
3878	0.258385240353574	0
3879	-0.08533572486912597	0
3880	0.09355293327991213	0
3881	0.19379424730126044	0
3882	-0.0062373785035454	0
3883	0.051999603759702744	0
3884	0.4271600127935611	0
3885	-0.08131658404056698	0
3886	0.3157959356411828	0
3887	0.38544249187249524	0
3888	0.39424310989735445	0
3889	-0.32683600918750916	0
3890	0.31318650962608263	0
3891	0.5926486790729285	0
3892	-0.14046949641576567	0
3893	0.06407665772736923	0
3894	0.2387487901529379	0
3895	0.4792870747446881	0
3896	0.17046278696098321	0
3897	0.05431449205876634	0
3898	-0.39690829469797057	0
3899	-0.32938785437231466	0
3900	0.1805334911464926	0
3901	0.11973306042233059	0
3902	-0.03159778077602819	0
3903	0.020932580965001037	0
3904	0.007333336318233083	0
3905	0.07445674550790819	0
3906	0.2622644971484732	0
3907	0.01949427462543058	0
3908	0.5313544260331868	0
3909	-0.1107667846862479	0
3910	-0.2638081331516376	0
3911	-0.6642886168804882	0
3912	-0.12146884995337529	0
3913	0.4498471846446692	0
3914	0.056933716095737295	0
3915	0.39748883186406936	0
3916	0.1419998348082571	0
3917	0.5346587509128122	0
3918	-0.25914169496045664	0
3919	-0.1411797771973295	0
3920	-0.5492090878024745	0
3921	-0.16760947477684063	0
3922	0.16815720424539576	0
3923	0.24549093140239509	0
3924	0.20183547269359275	0
3925	0.24657098162946656	0
3926	0.015882187477849558	0
3927	-0.0742024891563805	0
3928	0.014912646724366176	0
3929	-0.5872137857230237	0
3930	0.3082025634956219	0
3931	0.23670945632084017	0
3932	-0.12733498714787006	0
3933	-0.31925063521611247	0
3934	-0.5505619869177558	0
3935	-0.3879121279280011	0
3936	0.10807243168113256	0
3937	0.30617727276181717	0
3938	0.36957812956284125	0
3939	0.18193511094819198	0
3940	0.21028035563235842	0
3941	0.11850921112272117	0
3942	0.28290848158714554	0
3943	-0.13719338580443033	0
3944	0.0411653540668418	0
3945	-0.305159060668456	0
3946	0.06660292475727525	0
3947	0.4270244981300627	0
3948	-0.19354495747318634	0
3949	-0.3258076769712723	0
3950	0.26929200626058497	0
3951	0.08573890348781804	0
3952	-0.15792199540679347	0
3953	-0.08265368756137634	0
3954	0.2538015511893883	0
3955	-0.07275063429760745	0
3956	0.2606578831275299	0
3957	-0.0010293808324670555	0
3958	-0.2315937697084955	0
3959	-0.14536934201309504	0
3960	0.24833810497305414	0
3961	-0.3985146873634267	0
3962	-0.37212171779121145	0
3963	0.18077774324384457	0
3964	0.5591444978561553	0
3965	-0.03901036872561228	0
3966	0.09837374296093095	0
3967	-0.27714583357888334	0
3968	0.16337648632675134	0
3969	-0.059755444157424606	0
3970	0.23425182516628415	0
3971	-0.17291911167927157	0
3972	-0.12685933822843554	0
3973	-0.18654619397717448	0
3974	-0.15874151135419629	0
3975	0.15277034186667493	0
3976	-0.4028050965658423	0
3977	-0.22092942996554227	0
3978	0.14068119254480127	0
3979	-0.3030722586448007	0
3980	-0.11350527021823598	0
3981	-0.12481255183118961	0
3982	-0.28252943906428113	0
3983	-0.22299350500188492	0
3984	-0.042171136508810464	0
3985	0.011968628647017452	0
3986	-0.1505234752173819	0
3987	-0.06479550581154274	0
3988	0.03986344196620617	0
3989	0.11111386378310123	0
3990	0.2822261692979652	0
3991	-0.09642690995417316	0
3992	-0.11892242803651576	0
3993	-0.32242579570610413	0
3994	-0.16345292302772993	0
3995	0.45874879580189076	0
3996	0.24854639492636732	0
3997	0.2044859471478525	0
3998	-0.3747085282972028	0
3999	-0.28093235466440686	0
4000	0.29396591213616013	0
4001	0.4735867147272388	0
4002	-0.24187029380711877	0
4003	-0.02625066819547014	0
4004	-0.048566965229542625	0
4005	-0.10166556202057186	0
4006	0.3340190359604991	0
4007	-0.44225698263801005	0
4008	0.0805819705482655	0
4009	0.059542559594716535	0
4010	-0.11122873798841756	0
4011	0.09784344455524355	0
4012	0.15237990692216577	0
4013	0.253690524395461	0
4014	-0.24181747138061638	0
4015	0.1991296224907016	0
4016	-0.20597743709317526	0
4017	0.18078092278475555	0
4018	0.20495142345221384	0
4019	-0.004063727325542212	0
4020	-0.07250344750637822	0
4021	0.05071980324576367	0
4022	-0.09098658372648281	0
4023	-0.2861220400740691	0
4024	0.10575075084829262	0
4025	0.16391775021926513	0
4026	0.08375970165477456	0
4027	0.606540975995304	1
4028	-0.27128716792238033	0
4029	-0.5168170551968978	0
4030	0.18340561840885272	0
4031	0.2739462211705656	0
4032	0.02910995822807625	0
4033	-0.08859557181978965	0
4034	-0.025031784804515303	0
4035	0.2990307266497389	0
4036	-0.02196939885222555	0
4037	-0.01911509747650555	0
4038	-0.3933412961630884	0
4039	0.2800065941423411	0
4040	-0.056270426928476766	0
4041	-0.06840786715010318	0
4042	0.08528630447393609	0
4043	0.35436914599604874	0
4044	0.0008631922091232683	0
4045	0.25288782895287293	0
4046	0.45593645051852094	0
4047	-0.3071112892770769	0
4048	0.2761476419281201	0
4049	0.26746301048241894	0
4050	-0.2309970279201251	0
4051	0.08796613435225509	0
4052	0.36684506581759124	0
4053	0.37217640411464253	0
4054	0.35326133925126924	0
4055	-0.2090249357287997	0
4056	-0.4683581763014241	0
4057	0.2508256974361809	0
4058	-0.1813653401061356	0
4059	-0.021040681150566103	0
4060	0.22975948254404444	0
4061	-0.2059963138528198	0
4062	-0.1296633803504004	0
4063	0.017182733401951197	0
4064	-0.3550403287719958	0
4065	-0.12231033839038441	0
4066	-0.08470980095377517	0
4067	-0.09865737944615757	0
4068	0.48192557728062946	0
4069	0.012706642945139585	0
4070	0.1327763835384485	0
4071	0.31630382347425284	0
4072	-0.022283906898243857	0
4073	0.21618146074401673	0
4074	0.2561598264780149	0
4075	0.22706621961307008	0
4076	0.41273838280569053	0
4077	0.12175882650963293	0
4078	-0.034172560988625936	0
4079	0.24447717703079497	0
4080	-0.676063491725003	0
4081	-0.20304883877661184	0
4082	-0.2810654809111983	0
4083	0.06652007133519805	0
4084	-0.20701425614865246	0
4085	0.030216302170161555	0
4086	-0.1778761487271166	0
4087	-0.22186659252805535	0
4088	0.057943834658080826	0
4089	0.3442145393698134	0
4090	-0.26171624532038196	0
4091	-0.17176676807784952	0
4092	0.25581375034586973	0
4093	0.39783007685584415	0
4094	-0.24738150448882	0
4095	0.026708901906567502	0
4096	-0.2280102393216377	0
4097	0.09230424240154694	0
4098	-0.07840582104438207	0
4099	0.12999509432410647	0
4100	0.1986011863838959	0
4101	-0.07860658582059814	0
4102	0.01213822357694141	0
4103	0.05925421974437739	0
4104	-0.26245692296611556	0
4105	-0.35973806171451655	0
4106	0.04989295117660675	0
4107	-0.14033427045354008	0
4108	-0.273307076152654	0
4109	0.22989491545968976	0
4110	-0.012694039669702367	0
4111	-0.06704860970209335	0
4112	0.19504794469634276	0
4113	-0.4799178953013993	0
4114	-0.5486053157715642	0
4115	-0.3068932174493004	0
4116	0.3160012401845512	0
4117	0.03143349120313108	0
4118	0.07843801886281178	0
4119	0.46504123238963735	0
4120	0.4345868602962795	0
4121	-0.18661022213014433	0
4122	-0.4002127064139498	0
4123	0.02456269048642135	0
4124	0.063406342117893	0
4125	0.02638047936294622	0
4126	-0.2692688397976911	0
4127	-0.07063550809553462	0
4128	0.23475337137977648	0
4129	-0.4924087109009928	0
4130	0.28864388767224197	0
4131	-0.05698629808048368	0
4132	-0.15894694659769665	0
4133	-0.04183691508715384	0
4134	0.15437921241712155	0
4135	-0.22075668132010684	0
4136	0.05315752919464047	0
4137	0.037681765602912975	0
4138	0.03079910701867741	0
4139	-0.2372559599873037	0
4140	0.05778097401117162	0
4141	0.05895920888066039	0
4142	0.16677323147520084	0
4143	0.19499290914817446	0
4144	0.08424722062730554	0
4145	-0.036682249028349365	0
4146	0.07726183012708358	0
4147	0.16946634330165206	0
4148	0.09886324250634991	0
4149	-0.4290690425191521	0
4150	-0.6128034826697812	0
4151	-0.048021249258113574	0
4152	-0.15022621988859236	0
4153	-0.057310896932078845	0
4154	0.0024880052790184014	0
4155	0.48222437303481336	0
4156	-0.26876472622839276	0
4157	-0.04146265495822316	0
4158	0.07533142602670354	0
4159	0.22137348824177777	0
4160	-0.2631878057603103	0
4161	-0.2516357412304915	0
4162	0.4037276057683781	0
4163	-0.10600083443712066	0
4164	-0.14780069335499008	0
4165	0.04889750395715285	0
4166	-0.002740746794296492	0
4167	0.44310350054978226	0
4168	0.17047764952030264	0
4169	-0.2628769029286321	0
4170	-0.03586895118907553	0
4171	-0.2670779746909195	0
4172	0.42260249673491423	0
4173	0.4545669001021081	0
4174	0.12716281088172637	0
4175	0.2529433311621535	0
4176	-0.26041806397936523	0
4177	0.30294420164215524	0
4178	-0.06326861755382905	0
4179	0.06508373906704577	0
4180	0.5110742083695772	0
4181	-0.31561725550746156	0
4182	-0.07323421705942931	0
4183	-0.029547012364821462	0
4184	0.18182666942959552	0
4185	-0.09945434049857609	0
4186	0.5019676575135685	0
4187	-0.16414751004242914	0
4188	0.2142167843166481	0
4189	0.3373383314524051	0
4190	0.11443169397335554	0
4191	-0.077398115663794	0
4192	0.4403603249551358	0
4193	0.2472965463787033	0
4194	-0.12687866149084445	0
4195	-0.14091088488704398	0
4196	-0.46160222656328487	0
4197	0.2963115559413137	0
4198	-0.29798763215146384	0
4199	0.05708171762313946	0
4200	0.08448509044081297	0
4201	0.25135310447243875	0
4202	-0.1299909550538305	0
4203	0.25128688756896334	0
4204	0.14435622817853583	0
4205	-0.000598772757039331	0
4206	-0.35857395427658095	0
4207	-0.08037971111956296	0
4208	0.014530878491223413	0
4209	-0.11478851372440191	0
4210	-0.05756138474477815	0
4211	0.42783497490152855	0
4212	0.13133384275539006	0
4213	-0.430482537191896	0
4214	-0.047906605500813916	0
4215	-0.10940706153743171	0
4216	0.06733190952410699	0
4217	-0.023055227701948774	0
4218	0.050173713208116685	0
4219	0.21395844915661832	0
4220	0.1038323821491297	0
4221	-0.3994618692603036	0
4222	-0.3010028797620489	0
4223	-0.22294093211640206	0
4224	-0.2627936060346744	0
4225	-4.6331944186226234e-05	0
4226	0.0038010521437537676	0
4227	-0.15972642480900753	0
4228	-0.22478002373282396	0
4229	-0.22779822638029185	0
4230	-0.08680695377009409	0
4231	0.12392876461812696	0
4232	0.09759791251343164	0
4233	0.0059728457964395385	0
4234	-0.30308804218596574	0
4235	0.1853879055977889	0
4236	-0.3581131184513761	0
4237	0.16325012217416335	0
4238	-0.20447376077292068	0
4239	-0.016105025915236555	0
4240	-0.04731990683544756	0
4241	0.32086470064966854	0
4242	0.21420880722246452	0
4243	-0.03864913838342795	0
4244	-0.14643538187498012	0
4245	-0.4340258475241401	0
4246	-0.007325460657213821	0
4247	-0.42906322469266944	0
4248	0.039191043973984055	0
4249	-0.3327847886240789	0
4250	0.11846682465024869	0
4251	0.2832510649522885	0
4252	-0.11363296053450203	0
4253	-0.2004573105882961	0
4254	-0.4092014023724815	0
4255	-0.05631926825626177	0
4256	0.06040899923002427	0
4257	-0.2481497808621055	0
4258	-0.2603520226506809	0
4259	-0.10870842488938476	0
4260	0.20108442859800968	0
4261	0.5038875040902258	0
4262	0.4061998135514373	0
4263	0.3385963475086323	0
4264	-0.1454228048711158	0
4265	0.06620708778714958	0
4266	0.08471804904240368	0
4267	-0.3927274013965311	0
4268	-0.0702973538613405	0
4269	-0.06535658289018323	0
4270	-0.07947144494838633	0
4271	-0.16256952374800593	0
4272	-0.2728553379155234	0
4273	0.015960866782357558	0
4274	-0.022381500026163993	0
4275	-0.08783838097179028	0
4276	-0.3849500919138734	0
4277	-0.04347319625029156	0
4278	-0.5448077786077362	0
4279	-0.07853035369399607	0
4280	0.14402866058756297	0
4281	0.2710013878526763	0
4282	-0.0022294371485209797	0
4283	-0.23685547081298602	0
4284	0.4817269038160192	0
4285	0.14132554666068864	0
4286	-0.18091396162224932	0
4287	-0.24580879074445985	0
4288	0.5950598966734308	1
4289	-0.033950049948849224	0
4290	0.011518512445265468	0
4291	0.13899156936686863	0
4292	-0.27163100022070874	0
4293	-0.3604726024863741	0
4294	0.29989494717336107	0
4295	-0.19855477192926407	0
4296	-0.18174419936784258	0
4297	-0.03100074536589708	0
4298	-0.12956304188380607	0
4299	0.05004030958752145	0
4300	0.3329602069117755	0
4301	0.005944837777420278	0
4302	-0.06366396229537982	0
4303	-0.07084224468669809	0
4304	-0.40964279343094173	0
4305	0.007865244019150093	0
4306	0.5444792521624304	0
4307	-0.11591966838245125	0
4308	0.4364634939150378	0
4309	0.10842165503400472	0
4310	0.23982314181071357	0
4311	0.26370340820959687	0
4312	-0.2734983968701708	0
4313	0.29692834508745686	0
4314	0.2420904615632888	0
4315	-0.08542834201303151	0
4316	-0.038008695449378405	0
4317	-0.33436620441239495	0
4318	0.3135328991401341	0
4319	-0.22827354563097935	0
4320	-0.006939349973096531	0
4321	0.4018057152364627	0
4322	0.23032280848857659	0
4323	0.048890959131314554	0
4324	-0.20651114895370892	0
4325	-0.6020878782441743	0
4326	0.20570424928753622	0
4327	0.09434111002914888	0
4328	0.3362690203571831	0
4329	0.07413215074401978	0
4330	-0.11621390202113926	0
4331	-0.41006667882186754	0
4332	-0.1058325695162054	0
4333	0.19487423802327875	0
4334	0.15512875722831726	0
4335	0.487170523862821	0
4336	0.28738988919911124	0
4337	-0.19754768789106839	0
4338	-0.18750076306334945	0
4339	0.09741560065388877	0
4340	0.269884671983456	0
4341	-0.16874605220008412	0
4342	0.3150752873224846	0
4343	-0.04214157474495118	0
4344	0.06637339209619819	0
4345	0.08137569433802008	0
4346	0.5166854028935566	0
4347	0.4112151241862701	0
4348	0.1539247490644101	0
4349	0.5608569367740379	0
4350	0.0800368553064964	0
4351	-0.05902637672507338	0
4352	-0.25161657707941976	0
4353	0.07688773229541902	0
4354	-0.25239457855397884	0
4355	0.26825443641357305	0
4356	0.34337809124954954	0
4357	-0.18029144589624996	0
4358	0.15853045219310757	0
4359	0.6033857240445233	1
4360	-0.1759716198683124	0
4361	-0.20833963601258856	0
4362	0.45138915512260863	0
4363	-0.0915217747849378	0
4364	0.17178067236321531	0
4365	0.3640661086376298	0
4366	-0.12346433465066142	0
4367	-0.3563782482149166	0
4368	-0.11891119072299487	0
4369	-0.0027825784099006702	0
4370	-0.14219963848774964	0
4371	-0.7035553373271782	0
4372	-0.28469627905602624	0
4373	0.16599091972900246	0
4374	-0.32252269783940446	0
4375	0.4105710965535039	0
4376	0.18255647512252077	0
4377	-0.32834226803322697	0
4378	0.10098934472096495	0
4379	0.10261479444103122	0
4380	0.05151841359719493	0
4381	-0.1567709464916741	0
4382	-0.29856673372152104	0
4383	-0.015415207810409842	0
4384	0.1760809520159941	0
4385	0.42634385000788033	0
4386	-0.28354989449804846	0
4387	0.21069930446620916	0
4388	0.2638780882833075	0
4389	0.053529236422234616	0
4390	0.11431694260255044	0
4391	0.3684728421840371	0
4392	0.11057142694450778	0
4393	0.09186600127539461	0
4394	0.02998804596139032	0
4395	-0.06523140358094191	0
4396	-0.023378222521063377	0
4397	0.0262046393243012	0
4398	-0.10035667265708487	0
4399	-0.30009693111582403	0
4400	-0.17676049631497284	0
4401	-0.3580530787459394	0
4402	0.003977022455846424	0
4403	-0.2795060517923545	0
4404	0.5098130839649271	0
4405	0.04982224180106591	0
4406	0.46699299890333035	0
4407	0.2486096953878732	0
4408	0.2516775992207994	0
4409	-0.29551507982087866	0
4410	-0.06786838455176811	0
4411	0.025100682537921477	0
4412	0.0591905107715333	0
4413	-0.4072508336753734	0
4414	-0.037981522409624865	0
4415	0.49091088892684487	0
4416	0.6916817375632354	1
4417	-0.20160506750606014	0
4418	0.02891120753904451	0
4419	-0.5243375678748137	0
4420	0.2336598923976083	0
4421	0.26704572711950864	0
4422	0.4578275998439071	0
4423	-0.5280030235081734	0
4424	0.21130222370196877	0
4425	0.1066730427121159	0
4426	0.27919350607283394	0
4427	-0.26954327535161493	0
4428	0.15672218463040183	0
4429	0.11197458318652259	0
4430	-0.4756930314871685	0
4431	0.1155013326553771	0
4432	0.029638134342158624	0
4433	0.3671920044604143	0
4434	-0.035433351402289176	0
4435	0.34169429622333414	0
4436	-0.08453701142780394	0
4437	0.01525926454191057	0
4438	0.07335190570769565	0
4439	0.08879587995770533	0
4440	-0.05773793239254398	0
4441	-0.21658528398785037	0
4442	-0.3155651257919827	0
4443	-0.17830186753182375	0
4444	0.11317727828378113	0
4445	0.04160185124928473	0
4446	0.3924663841071293	0
4447	-0.22891023918470282	0
4448	-0.351836570557885	0
4449	-0.08344647338473021	0
4450	-0.3481900035326611	0
4451	0.12242447362846351	0
4452	-0.11985394164495962	0
4453	-0.23500861046403	0
4454	-0.25171675146512107	0
4455	0.12233204822042879	0
4456	0.10348961308590221	0
4457	-0.0023881031232419812	0
4458	0.20506086795489456	0
4459	-0.1815178521692564	0
4460	-0.1247723689856241	0
4461	-0.480345773914142	0
4462	-0.21874028844719523	0
4463	-0.4910820746292069	0
4464	0.02687896902553372	0
4465	-0.20663472903063124	0
4466	0.33105444083056235	0
4467	-0.439381384086482	0
4468	-0.12447525374626767	0
4469	-0.4925189525137673	0
4470	0.26285873280910815	0
4471	-0.3960527454875639	0
4472	-0.14953426092879846	0
4473	0.15077110392214002	0
4474	-0.16645816334957825	0
4475	-0.07419378792807862	0
4476	-0.37384454092215247	0
4477	0.24043729867493283	0
4478	0.2815808607533924	0
4479	0.21020768536694495	0
4480	-0.17092228819691924	0
4481	-9.073541199731936e-05	0
4482	-0.04865047143081376	0
4483	-0.23303204621718088	0
4484	0.04497765752949934	0
4485	-0.0664665793025196	0
4486	0.2937129491698886	0
4487	0.03847449626198869	0
4488	0.2617296343080874	0
4489	-0.15687718654577099	0
4490	-0.07596893199410361	0
4491	-0.1917450223798895	0
4492	-0.23656887047949482	0
4493	-0.20307925276175656	0
4494	-0.29019594857710274	0
4495	0.3950811047905912	0
4496	-0.1473155806763492	0
4497	-0.03328087921120988	0
4498	0.33935493473193323	0
4499	-0.2833270401895905	0
4500	0.032763376974844285	0
4501	-0.03975836201292167	0
4502	0.10990595271666043	0
4503	0.05427918438177788	0
4504	0.1260200269098695	0
4505	0.19487798846851628	0
4506	0.12290597067482356	0
4507	-0.1755359552993294	0
4508	-0.11522341624803746	0
4509	0.17419381812852164	0
4510	-0.11333072618408563	0
4511	-0.13236720404542962	0
4512	-0.40795926595220156	0
4513	-0.1334468525057315	0
4514	0.02268421758687873	0
4515	0.05945637209731148	0
4516	0.21141369440642221	0
4517	0.21579554632723172	0
4518	0.129525189855079	0
4519	-0.14534290271035416	0
4520	0.25819639646799863	0
4521	0.18347927821097415	0
4522	0.3927675264079471	0
4523	-0.030372854277989032	0
4524	-0.0657182482882597	0
4525	0.325970877710272	0
4526	0.3226222898716965	0
4527	0.19552788297644413	0
4528	-0.34681452146648406	0
4529	-0.04960191906213729	0
4530	0.14221494219972836	0
4531	0.06614471333023081	0
4532	-0.4104711704552403	0
4533	0.09951239872711552	0
4534	-0.19283684746549234	0
4535	0.007114202933309258	0
4536	0.3358608799789221	0
4537	0.046452964601820496	0
4538	0.4751751874376124	0
4539	0.043429499526898264	0
4540	0.27347494102099057	0
4541	0.0225252129096773	0
4542	-0.4819440132857872	0
4543	0.062164822877413886	0
4544	-0.17364502669410314	0
4545	0.022915157970419785	0
4546	0.3516859826094776	0
4547	-0.05384785056588212	0
4548	-0.24882653855341436	0
4549	0.18383666664983667	0
4550	-0.0066090027224692555	0
4551	0.15897677770619695	0
4552	0.19674537106874676	0
4553	-0.25857440081686334	0
4554	0.045683859464187654	0
4555	0.06203106356861404	0
4556	0.021529776027914976	0
4557	-0.27962677439058425	0
4558	-0.19304282257801925	0
4559	-0.17808024741976453	0
4560	0.2556803032687816	0
4561	0.31608309263441176	0
4562	0.0266015961349913	0
4563	-0.14493385931190522	0
4564	-0.3291359063387114	0
4565	-0.0892126059083535	0
4566	-0.24273710273054713	0
4567	-0.019835466070379476	0
4568	-0.35350392898704863	0
4569	-0.01602973991351323	0
4570	0.03984885868535942	0
4571	-0.30570953424656777	0
4572	-0.13197100604934503	0
4573	0.34904800891338716	0
4574	0.15197633298257654	0
4575	0.34402731183282514	0
4576	-0.5003432245329809	0
4577	0.16928723276606816	0
4578	0.34939950111167073	0
4579	-0.11570106260153261	0
4580	0.07881441071831513	0
4581	0.38914215692450155	0
4582	0.2231777004728643	0
4583	-0.19237586521562308	0
4584	0.02875357594505516	0
4585	-0.2742664041856965	0
4586	0.4438366889013925	0
4587	-0.009656764192549471	0
4588	-0.15360316786394917	0
4589	-0.1646229315844197	0
4590	0.923517660041955	1
4591	-0.4524107964637169	0
4592	0.3398082423108345	0
4593	-0.0703176494581686	0
4594	-0.06515041848022951	0
4595	-0.12757791821515396	0
4596	0.3567484110372804	0
4597	-0.08102699082461967	0
4598	0.23009759041358496	0
4599	0.09596953873531788	0
4600	-0.27571886860845995	0
4601	-0.22165091750522198	0
4602	0.2049118380058775	0
4603	0.41121517535806995	0
4604	-0.32373619158091294	0
4605	-0.048059716983178964	0
4606	-0.1519861396049595	0
4607	0.030260379332641297	0
4608	0.4298133242326949	0
4609	-0.518044554233162	0
4610	-0.04800558809524794	0
4611	-0.3449731790368908	0
4612	-0.06296434779629197	0
4613	-0.06260478278085199	0
4614	-0.3203787535702267	0
4615	0.14864691711945885	0
4616	-0.11745527887139581	0
4617	-0.03825858335537659	0
4618	-0.29909897172907696	0
4619	0.3980098653169212	0
4620	-0.01525437635130672	0
4621	-0.24348666316210738	0
4622	-0.3931981393176841	0
4623	-0.011204632705761653	0
4624	-0.4493057161078905	0
4625	-0.12475766875814395	0
4626	-0.24123713486817605	0
4627	0.11558499423742874	0
4628	0.01157715150018435	0
4629	-0.07907954495509806	0
4630	0.3367644188179697	0
4631	-0.17607058257795138	0
4632	0.04777350884875529	0
4633	0.13633778325225854	0
4634	-0.23488558746515403	0
4635	0.24044454612189692	0
4636	-0.1635118357011594	0
4637	-0.35769731700929486	0
4638	-0.10458570749448415	0
4639	-0.22865351746119886	0
4640	-0.28623621663480425	0
4641	-0.13649125307359825	0
4642	-0.7096854730309885	0
4643	0.22289471489153145	0
4644	0.07085481008424242	0
4645	0.43819460990698245	0
4646	-0.06598039531335799	0
4647	0.3818192246326225	0
4648	0.09678591336061972	0
4649	-0.03319152863609207	0
4650	0.295524016174622	0
4651	-0.02304813558224291	0
4652	0.01989881305050871	0
4653	-0.3009226997599871	0
4654	-0.27433202105895454	0
4655	-0.21635183008012696	0
4656	0.3819841078461985	0
4657	0.31096733057205994	0
4658	0.0062380108707998545	0
4659	-0.1403920321892398	0
4660	0.017449547332459507	0
4661	-0.011893503987156544	0
4662	-0.03609144093159627	0
4663	0.02095220476479921	0
4664	-0.032362601188399835	0
4665	-0.0453755491029415	0
4666	0.1310444211461503	0
4667	-0.6557208930046573	0
4668	0.07972177325155896	0
4669	-0.15990439130613562	0
4670	-0.29123080384729555	0
4671	-0.1591845295302185	0
4672	-0.18033323907585885	0
4673	0.0140271541696024	0
4674	-0.05290661385089679	0
4675	-0.08170733265928334	0
4676	0.35113217646347816	0
4677	-0.17776786420437468	0
4678	0.22949069726508256	0
4679	-0.21025888658857778	0
4680	-0.15459755690140647	0
4681	0.04582487902155517	0
4682	0.12192142935252664	0
4683	-0.14983347131523114	0
4684	-0.99283797965151	0
4685	-0.41858182565779567	0
4686	0.38198613478805005	0
4687	0.4401803168893386	0
4688	-0.22147909517594377	0
4689	0.0838850973534272	0
4690	0.2330925549249793	0
4691	-0.03170776960330841	0
4692	0.13656169198123508	0
4693	0.20284669938724753	0
4694	-0.08677083992501551	0
4695	0.12355530626099503	0
4696	0.09834573190062793	0
4697	-0.0690601814892213	0
4698	0.21347496183780984	0
4699	-0.07410287227831663	0
4700	-0.020142467212515683	0
4701	-0.2586240352757648	0
4702	0.3386192557465316	0
4703	0.2679668261964077	0
4704	-0.43045635661651904	0
4705	0.4135253458969985	0
4706	0.7938449127336873	1
4707	0.582598387292285	0
4708	-0.44346316150373566	0
4709	0.20345185584353606	0
4710	0.24924714399308373	0
4711	0.19050368934052878	0
4712	0.13954539362180046	0
4713	-0.09061468848258895	0
4714	-0.15700410805487536	0
4715	0.06390310876888518	0
4716	-0.1523723107580442	0
4717	-0.2567446735439739	0
4718	0.1363142506222351	0
4719	-0.08330842031785758	0
4720	-0.33813223985351654	0
4721	0.19784072838479455	0
4722	-0.042285258984649104	0
4723	0.03995948150487677	0
4724	0.3495103954282427	0
4725	0.21277911448643735	0
4726	0.06313989202945806	0
4727	-0.1045905313240637	0
4728	0.16873107878135646	0
4729	0.3117572132079358	0
4730	-0.10385057277579608	0
4731	0.10074493179428992	0
4732	-0.031076642249989524	0
4733	-0.43773454176224935	0
4734	0.04883442958149201	0
4735	-0.0819359651017486	0
4736	-0.2357077365067314	0
4737	-0.13439583926167015	0
4738	-0.30260418366019154	0
4739	-0.004415432007672118	0
4740	-0.09594189781095022	0
4741	-0.2554836942656571	0
4742	-0.025579486862958127	0
4743	-0.5473559469893631	0
4744	0.3704960828014878	0
4745	-0.12313575716568621	0
4746	0.0673332284098258	0
4747	-0.09628997671618586	0
4748	0.42871897168900674	0
4749	-0.6199974205187644	0
4750	0.06553278443707877	0
4751	-0.20162135498332534	0
4752	0.3960169881244755	0
4753	0.21052614492516886	0
4754	-0.05702032369144387	0
4755	0.05960405234135237	0
4756	0.08902734408416885	0
4757	0.040950418556436476	0
4758	0.3927531972434099	0
4759	-0.0019560775999131396	0
4760	0.24952725886465127	0
4761	-0.15979320291544624	0
4762	-0.530101506511752	0
4763	-0.025083790827183775	0
4764	0.24981390920330482	0
4765	-0.19044905894673203	0
4766	-0.40341512185686235	0
4767	-0.19643906788623738	0
4768	0.14491196188444944	0
4769	0.2615862179431085	0
4770	0.03827683107827272	0
4771	-0.2064741343730986	0
4772	0.11576837807116103	0
4773	0.2877231071524925	0
4774	0.04043401994519206	0
4775	-0.08629220247182347	0
4776	-0.06280726775859952	0
4777	0.24008485815335423	0
4778	-0.18364539821445008	0
4779	-0.1552298281615851	0
4780	0.17051058281994175	0
4781	-0.33938144092600536	0
4782	-0.16417005987603955	0
4783	-0.607659135140065	0
4784	-0.12211163588849044	0
4785	-0.18733628607043531	0
4786	0.01301154592811618	0
4787	0.32558956878463824	0
4788	0.09191396411035654	0
4789	0.576354880539924	0
4790	0.035096548632259826	0
4791	-0.6813512205401531	0
4792	0.16802056206940252	0
4793	0.19470393240657594	0
4794	0.03904588920396006	0
4795	-0.029019345564628474	0
4796	0.20374430337807345	0
4797	-0.027243362969283626	0
4798	0.41532641957946104	0
4799	-0.2651859964583911	0
4800	0.2140965541666506	0
4801	0.1262339427877599	0
4802	-0.5374263329492527	0
4803	0.208490514541752	0
4804	-0.38665182938462667	0
4805	0.36889208184238576	0
4806	0.17004116095950905	0
4807	-0.28878344533701406	0
4808	-0.0786858867990968	0
4809	0.4207161355767316	0
4810	-0.005217791277284337	0
4811	0.32437554421808423	0
4812	-0.2188878521957301	0
4813	0.06624089260415289	0
4814	-0.07116051120640099	0
4815	0.2859684014280563	0
4816	-0.11928352604764991	0
4817	-0.21037951665770932	0
4818	-0.14305198121164636	0
4819	0.5048160305898927	0
4820	-0.3701454718761046	0
4821	0.1231559735858044	0
4822	-0.010045673768726754	0
4823	-0.023029683026614386	0
4824	-0.07391299130577673	0
4825	0.2993150044640337	0
4826	-0.38921354157721544	0
4827	-0.19332032488499545	0
4828	0.4405322855340056	0
4829	-0.30080077872124644	0
4830	0.015061295224223857	0
4831	0.17925654811506558	0
4832	-0.21100938528916413	0
4833	0.5066133201837574	0
4834	-0.5749072600323694	0
4835	0.48703985854036325	0
4836	-0.04785555023915047	0
4837	-0.45545075540177343	0
4838	0.09920994365886149	0
4839	-0.1315768737185902	0
4840	-0.15768593403360243	0
4841	-0.14954647784103461	0
4842	-0.4072280472256816	0
4843	0.06041925614777883	0
4844	0.43301491474281284	0
4845	-0.12938702087700327	0
4846	-0.3465664857431895	0
4847	-0.0343582107935651	0
4848	0.015975331708998654	0
4849	0.29361635042891143	0
4850	0.13611681797303862	0
4851	-0.4074048086439299	0
4852	-0.3880219955070424	0
4853	-0.18627908535105284	0
4854	0.037363424055160604	0
4855	-0.3444186347053015	0
4856	0.11906028845784106	0
4857	0.25429708208674534	0
4858	0.4709552857788838	0
4859	-0.04788493411240825	0
4860	0.020948404630956027	0
4861	-0.3289544523158566	0
4862	-0.009674917833333586	0
4863	0.05334774515251105	0
4864	-0.11396198412201881	0
4865	-0.36215794144110364	0
4866	0.009087892196978895	0
4867	0.4131178176227652	0
4868	-0.29133529475380227	0
4869	-0.05877537783019646	0
4870	-0.2551363508696218	0
4871	0.26236467998857876	0
4872	-0.0006558038985470818	0
4873	-0.27232962514438913	0
4874	-0.2475852784662853	0
4875	-0.49783824022406986	0
4876	0.20583417995319023	0
4877	-0.012720774448647006	0
4878	0.0012485210477554075	0
4879	0.08349428592814781	0
4880	-0.12120876507301995	0
4881	-0.0793182532579613	0
4882	-0.03688894828778835	0
4883	0.1372712728696956	0
4884	-0.042155510856800346	0
4885	-0.06270632576011201	0
4886	-0.13180374799351538	0
4887	0.45552815778912314	0
4888	-0.5148102351334236	0
4889	-0.05642980656476333	0
4890	0.17259153543324873	0
4891	-0.06475699437660962	0
4892	-0.06465998289635697	0
4893	0.5399100187739801	0
4894	0.12862253454656045	0
4895	0.036377189251845354	0
4896	0.007391958588649774	0
4897	-0.24201974214134855	0
4898	-0.0876860703932539	0
4899	-0.04208107484546206	0
4900	0.3892643692724698	0
4901	0.12548500104967228	0
4902	0.27082267642487656	0
4903	0.5961618171119673	1
4904	0.38758236279543756	0
4905	0.6249717272546674	1
4906	-0.12780922791965563	0
4907	-0.07655470780186273	0
4908	0.04199232983484191	0
4909	-0.08036651009115375	0
4910	-0.22245775262580064	0
4911	0.23282550692603743	0
4912	-0.5136385119407231	0
4913	-0.015662382173749923	0
4914	-0.09592468310373885	0
4915	0.31828202601267863	0
4916	-0.20842387569756698	0
4917	0.0331245134414848	0
4918	0.13022463996771938	0
4919	-0.42621465547517434	0
4920	-0.1600534049902439	0
4921	-0.3107441349227841	0
4922	0.1557496171120742	0
4923	-0.06521037592309156	0
4924	0.24520596553861768	0
4925	0.2266456266032858	0
4926	0.33509105865825517	0
4927	-0.5821916813831807	0
4928	0.46238447309740116	0
4929	0.3335185590549037	0
4930	-0.21262834527807867	0
4931	0.1841503908224406	0
4932	-0.2387408656348577	0
4933	0.21221893411886206	0
4934	-0.2577884666888366	0
4935	0.22749508488182701	0
4936	0.22482922586340864	0
4937	-0.19630702741649897	0
4938	0.05034832303379693	0
4939	0.11435005887005133	0
4940	-0.11151499712259152	0
4941	0.18210390208669708	0
4942	-0.11905100366955487	0
4943	0.15483628020480156	0
4944	0.1212977714240294	0
4945	-0.24681480309648376	0
4946	-0.10018645784447207	0
4947	-0.19713231789228952	0
4948	0.19185065702088552	0
4949	-0.3605786852076822	0
4950	0.14588036727082085	0
4951	0.18421732681671626	0
4952	-0.24651213356331622	0
4953	-0.23656722045060685	0
4954	0.16256477145269196	0
4955	-0.16491781921370077	0
4956	-0.07818715777630507	0
4957	-0.034281782791487865	0
4958	-0.30858233946752506	0
4959	-0.093472742496082	0
4960	0.44614759613950716	0
4961	-0.15822463229517622	0
4962	0.06112240815722929	0
4963	0.2272708806966634	0
4964	-0.08342508988553005	0
4965	0.5276683725115541	0
4966	0.2604710841067273	0
4967	0.2036022638945429	0
4968	0.19702928865720162	0
4969	-0.2489933700133469	0
4970	-0.18298984766834808	0
4971	-0.10584548529453144	0
4972	0.19195151412957404	0
4973	-0.4088368417358904	0
4974	0.25326332943739255	0
4975	-0.15820434536102185	0
4976	-0.10135760541142289	0
4977	-0.3825621018707296	0
4978	-0.16877690746094837	0
4979	-0.3467662546505303	0
4980	-0.2882626007478223	0
4981	-0.053057520340339136	0
4982	0.17188469494537068	0
4983	-0.15126609235909197	0
4984	-0.38654552066389114	0
4985	-0.3455458236769722	0
4986	0.009590979095883426	0
4987	-0.006617605353852798	0
4988	0.04294647376397643	0
4989	0.18650624990396003	0
4990	-0.1644551436868113	0
4991	-0.3769319789551561	0
4992	0.2702634393586777	0
4993	0.17251538233409258	0
4994	0.015556383373872952	0
4995	0.09245492519472542	0
4996	-0.2599306265106835	0
4997	-0.05795281846725962	0
4998	-0.0757891114728459	0
4999	-0.40046259426675673	0
5000	0.36004298676320845	0
5001	0.3919608220420263	0
5002	0.056543587821759875	0
5003	0.31790496231562515	0
5004	0.06881608393869311	0
5005	0.19740939295304616	0
5006	0.501165770741297	0
5007	-0.3138714275017195	0
5008	0.41112603959234634	0
5009	-0.3734615127686185	0
5010	0.2994170733034768	0
5011	0.1122939834347016	0
5012	-0.04721695010462479	0
5013	-0.3851543342452788	0
5014	-0.2687207477173451	0
5015	-0.21133894888990423	0
5016	-0.20693231184056937	0
5017	-0.06653211157463766	0
5018	-0.11935538802454265	0
5019	0.14376765544803669	0
5020	0.07655409835341677	0
5021	0.08998816203127344	0
5022	-0.02539892879982805	0
5023	0.2460720329520318	0
5024	-0.06458579344086932	0
5025	-0.22689342027955184	0
5026	0.0686358298433031	0
5027	0.19957496130010755	0
5028	-0.062098762334624094	0
5029	0.17126050958743122	0
5030	-0.1006910263704404	0
5031	0.053847369092145964	0
5032	0.27401280082509744	0
5033	0.26431289621290727	0
5034	-0.4354043515212621	0
5035	0.07671889886963798	0
5036	-0.17578464537404936	0
5037	-0.1975360581599977	0
5038	-0.4103568690513899	0
5039	-0.12702743718868326	0
5040	0.17714408447978588	0
5041	-0.7569286365392638	0
5042	-0.08127700963318955	0
5043	-0.12250050152229053	0
5044	0.1454438068192819	0
5045	-0.1388162156338537	0
5046	-0.2180911408020637	0
5047	-0.2774086189623918	0
5048	0.1503409353580772	0
5049	0.2324072765917295	0
5050	-0.14150325501527133	0
5051	-0.5813316380902576	0
5052	0.3135957736798456	0
5053	-0.007665260462101109	0
5054	-0.21488483130233188	0
5055	-0.1524680872947462	0
5056	-0.06415980919336803	0
5057	0.018572217246882787	0
5058	-0.3021611244914494	0
5059	0.09367021731584774	0
5060	-0.05645605768170371	0
5061	0.1103040890190051	0
5062	0.2405590062348942	0
5063	-0.14220671345834723	0
5064	0.48142378618741055	0
5065	-0.2948322235623101	0
5066	-0.24988893975815912	0
5067	-0.14764412698720525	0
5068	-0.4387738150473349	0
5069	-0.005188102692105145	0
5070	-0.177447024287045	0
5071	-0.294685833015124	0
5072	0.16874487418333448	0
5073	0.40689829138325095	0
5074	0.27393224084747025	0
5075	-0.18633356924111644	0
5076	-0.38138957747100644	0
5077	-0.16799878667241808	0
5078	-0.12572972254483314	0
5079	-0.4490588882968213	0
5080	-0.4315596191524489	0
5081	0.029237691329378118	0
5082	-0.1673365557230438	0
5083	0.2737760118704718	0
5084	-0.1949924541876703	0
5085	-0.05249893913230817	0
5086	0.0511044281709066	0
5087	0.02371409300881984	0
5088	-0.25071710204083997	0
5089	0.6042186614706238	1
5090	0.06817763086008459	0
5091	-0.4731420232532938	0
5092	0.6917045961516985	1
5093	0.41309543385788705	0
5094	-0.32296557375957535	0
5095	-0.026441030586572795	0
5096	0.08987304405714983	0
5097	0.2017605662951129	0
5098	0.2887658527874216	0
5099	0.15898996319815517	0
5100	0.5562342151729117	0
5101	0.2530095912523028	0
5102	-0.4189538127856247	0
5103	0.2373936374529556	0
5104	-0.38766912425270794	0
5105	-0.23657159779636605	0
5106	-0.1375720052689549	0
5107	-0.03147301769024208	0
5108	0.3724656958222201	0
5109	-0.007119526733508674	0
5110	-0.24767239558826726	0
5111	-0.07139204498947901	0
5112	-0.4241716650613691	0
5113	-0.1720177052098666	0
5114	0.1169222435489548	0
5115	-0.09416260726202813	0
5116	0.17227803577248688	0
5117	-0.04759991646103224	0
5118	0.23960599500359164	0
5119	0.07722501434254883	0
5120	-0.333520465248368	0
5121	-0.04391959166475228	0
5122	-0.14992294325900524	0
5123	-0.07685519200669846	0
5124	-0.5103174020828828	0
5125	-0.3740997838867688	0
5126	-0.3544020825647288	0
5127	-0.6565003382936704	0
5128	-0.43074662430988875	0
5129	-0.12021480448523228	0
5130	-0.18126072897909798	0
5131	-0.0705734430000425	0
5132	-0.06058042753948996	0
5133	0.418665709454122	0
5134	0.12429948275149381	0
5135	-0.34082306156916264	0
5136	0.29651375264297475	0
5137	-0.09532032725454767	0
5138	0.5340537459536829	0
5139	0.06663046705792725	0
5140	-0.4926856884436615	0
5141	-0.06323955754584693	0
5142	0.056760168628986155	0
5143	-0.13268436151677093	0
5144	-0.1823157538489466	0
5145	-0.26552537986492386	0
5146	0.0667611011293351	0
5147	-0.03635442869147039	0
5148	0.002481548535676775	0
5149	-0.3492070753542183	0
5150	-0.31656452578562044	0
5151	-0.07114033904490473	0
5152	-0.17085428263163344	0
5153	0.2806018053031722	0
5154	0.08331217991282379	0
5155	0.09735490542156686	0
5156	0.24281306280847736	0
5157	-0.5234365070094211	0
5158	0.15825122798543517	0
5159	-0.23046801879799597	0
5160	0.44192726800119325	0
5161	0.2061367318238922	0
5162	0.12450836611060884	0
5163	-0.055293056057081874	0
5164	-0.10272863151976322	0
5165	0.16500073261365703	0
5166	-0.6040160995560852	0
5167	-0.15496685389866333	0
5168	-0.03404521372225038	0
5169	-0.07215845093741045	0
5170	-0.24398061318081826	0
5171	-0.18809380030213046	0
5172	0.06598848023505326	0
5173	0.1984967294243722	0
5174	0.007719686446860778	0
5175	0.04869300910913176	0
5176	0.3028697495504242	0
5177	0.13311737272679516	0
5178	-0.0022861844170997602	0
5179	-0.052339228022572536	0
5180	-0.1827589971356512	0
5181	0.2888678257509937	0
5182	-0.4227498046324586	0
5183	-0.04639560242693752	0
5184	0.18292000356442495	0
5185	-0.3640599553544836	0
5186	-0.19079690968321636	0
5187	-0.1667424070634884	0
5188	0.1127726558980605	0
5189	0.3139243360091202	0
5190	0.40710636733430694	0
5191	-0.33167707653374034	0
5192	0.1499018012761558	0
5193	0.4058100556644446	0
5194	-0.3856371403929765	0
5195	-0.3367796040818265	0
5196	-0.15662886888401312	0
5197	-0.34408532019783206	0
5198	-0.30976325829516627	0
5199	-0.01812537016094761	0
5200	0.3937419506350564	0
5201	0.030767204466157584	0
5202	-0.33487468177319696	0
5203	-0.3297474591130023	0
5204	0.19410298369553805	0
5205	0.090894795300205	0
5206	0.167980544014189	0
5207	-0.23890562309078603	0
5208	-0.5198694772546048	0
5209	-0.0974842064729809	0
5210	0.15291452394693664	0
5211	-0.1868067258144614	0
5212	0.06233310252596554	0
5213	-0.3544542831927735	0
5214	-0.014997692681664242	0
5215	0.1842185408601753	0
5216	0.16189100239136084	0
5217	0.09814360974443354	0
5218	-0.05831981551121036	0
5219	0.31216767044634514	0
5220	0.34152925395347034	0
5221	0.035054580995764265	0
5222	0.5104799769696021	0
5223	-0.27630415309841505	0
5224	0.10468976540339062	0
5225	0.12827158057622964	0
5226	0.31479138921131816	0
5227	0.31521807247476885	0
5228	0.49454769169031276	0
5229	-0.1659772251390822	0
5230	0.12161149700852592	0
5231	-0.535747803505549	0
5232	-0.09363555772936982	0
5233	0.29807458547649796	0
5234	-0.27954883397602637	0
5235	-0.06720123972794675	0
5236	0.25696967445725327	0
5237	0.08082337728016746	0
5238	0.06069730213771279	0
5239	0.6939706001517947	1
5240	-0.143584487699344	0
5241	0.13358873276139083	0
5242	-0.31475181522347806	0
5243	-0.16318162286487634	0
5244	-0.13893390077522394	0
5245	-0.034838653453079654	0
5246	-0.17171298597859622	0
5247	0.07209861666561004	0
5248	-0.44203110126939293	0
5249	0.09456730585625842	0
5250	-0.11279034283402051	0
5251	-0.3065033182606566	0
5252	-0.35680602969432307	0
5253	0.09459538560104835	0
5254	-0.09287470622843884	0
5255	-0.32532759571556086	0
5256	0.12841824508258273	0
5257	0.40546568315768466	0
5258	0.36299128257478463	0
5259	0.01699660531546711	0
5260	-0.004670935532193224	0
5261	0.1737167224113203	0
5262	0.017787056519156227	0
5263	-0.10321392307349408	0
5264	-0.2174943578718841	0
5265	0.14177656710110173	0
5266	0.2797910545697733	0
5267	-0.019412010130361233	0
5268	-0.44278375197946707	0
5269	-0.2199350514151577	0
5270	-0.3729804535927015	0
5271	-0.15715165541330767	0
5272	-0.17430624632264688	0
5273	0.5317822758416993	0
5274	0.2615101004514819	0
5275	-0.08411071184955364	0
5276	-0.23187562801741107	0
5277	-0.07230642616912197	0
5278	-0.35235421807427225	0
5279	0.017883351272870506	0
5280	-0.2896565070984977	0
5281	-0.019222525371702583	0
5282	-0.3014646352756313	0
5283	-0.6000545608817253	0
5284	0.28196765093224857	0
5285	-0.012440052428162152	0
5286	0.01833687732529196	0
5287	-0.17986094484840962	0
5288	-0.5515966868529586	0
5289	0.14373434497958387	0
5290	0.047747714632992225	0
5291	-0.34843019986987867	0
5292	0.44467007826676974	0
5293	0.058127390367330736	0
5294	-0.2137374063849234	0
5295	0.2071009050075285	0
5296	-0.047133631986758226	0
5297	0.13056052871018015	0
5298	0.04623345406175848	0
5299	-0.23088792060690844	0
5300	0.16981147062717866	0
5301	0.44602918910428746	0
5302	0.041144098597793215	0
5303	-0.14764842720639434	0
5304	-0.08932048139928295	0
5305	0.3910454521225033	0
5306	0.3275679664955856	0
5307	0.24500819207234548	0
5308	0.2572629618423189	0
5309	0.32015386699390547	0
5310	-0.2606923297567685	0
5311	-0.1441497380900426	0
5312	-0.1280167508390797	0
5313	0.30408687589357375	0
5314	0.08925838517009198	0
5315	-0.07576259968387793	0
5316	-0.3457984264327867	0
5317	0.10811145279786427	0
5318	0.3459914962780105	0
5319	-0.044113641011051585	0
5320	0.17455785327642098	0
5321	0.015002783392562256	0
5322	-0.3518233704173057	0
5323	0.46182141610154914	0
5324	0.19907700634842646	0
5325	0.14294923787874764	0
5326	0.376249456536468	0
5327	0.026098999711121354	0
5328	-0.030669249551932058	0
5329	0.1302097858782137	0
5330	-0.04110085026944582	0
5331	-0.18198348985329288	0
5332	-0.32594008718055384	0
5333	0.31266459699302196	0
5334	0.08620729245046918	0
5335	-0.17956903957200315	0
5336	0.6785457316458363	1
5337	0.41948488788075994	0
5338	0.3686943374511805	0
5339	0.006660337501242749	0
5340	-0.2071545059727246	0
5341	0.3411413253927402	0
5342	0.13681201660955802	0
5343	0.13271260510007793	0
5344	-0.17146959967261755	0
5345	-0.18699318069053444	0
5346	-0.2780600510576082	0
5347	-0.23780105497120124	0
5348	0.6355596599045195	1
5349	0.05828392472636675	0
5350	-0.02768381679370105	0
5351	-0.28707397279343927	0
5352	0.5288697216168634	0
5353	0.08895433441909983	0
5354	0.02301206762432318	0
5355	-0.41590999007617757	0
5356	0.008431589530437367	0
5357	0.2316145337185037	0
5358	-0.0871013754941613	0
5359	0.4680306820413068	0
5360	-0.1672776191281457	0
5361	0.2573565418985863	0
5362	0.28223937292355183	0
5363	-0.07300352189512042	0
5364	0.07200674385251596	0
5365	0.41018946813915597	0
5366	0.33662063385041807	0
5367	0.14601126865508177	0
5368	-0.043589175202127656	0
5369	-0.7259602158581169	0
5370	0.056241809218526735	0
5371	0.14607533656341798	0
5372	0.1904087957981448	0
5373	-0.12371238322016173	0
5374	-0.20227377517533715	0
5375	-0.08196252346004956	0
5376	0.3430319784004071	0
5377	0.24374453536811364	0
5378	0.19452026446133475	0
5379	-0.3246223273212521	0
5380	0.3227697134226897	0
5381	-0.057132965433620175	0
5382	-0.7036659118334654	0
5383	0.20245989790931573	0
5384	-0.07748093564519369	0
5385	-0.10674566421218357	0
5386	0.3657838255708231	0
5387	-0.09262490739906054	0
5388	-0.303750976919529	0
5389	0.026995830432260216	0
5390	0.29965983638441474	0
5391	-0.14249924952482826	0
5392	-0.032819237765734685	0
5393	-0.41068371286575134	0
5394	-0.18442092528667942	0
5395	-0.029496728359760815	0
5396	-0.33717521853429794	0
5397	-0.051862974179669105	0
5398	-0.37717465231695047	0
5399	0.16648621304185648	0
5400	-0.33092300374000055	0
5401	-0.11738593951932219	0
5402	-0.2570422608290889	0
5403	-0.17268651206487748	0
5404	-0.03976831131098083	0
5405	-0.241475261089595	0
5406	0.04065324028139544	0
5407	0.1136163936948286	0
5408	-0.24806908375202688	0
5409	-0.291642916142736	0
5410	-0.23290535892702358	0
5411	0.33740144963803986	0
5412	0.2401832433667971	0
5413	-0.24381814459314313	0
5414	0.11542785200151295	0
5415	-0.102415348168822	0
5416	0.28447072873495455	0
5417	0.25701627355073686	0
5418	0.13831041923320891	0
5419	0.05032483738881625	0
5420	0.025455878151885096	0
5421	0.17288516050107644	0
5422	-0.11995594832988885	0
5423	0.45747593603733117	0
5424	0.3699687656509789	0
5425	-0.04335936290363997	0
5426	0.20268782154213227	0
5427	-0.2619792732332322	0
5428	-0.22166808917020264	0
5429	0.17358688795515595	0
5430	0.1944181166318191	0
5431	0.5037011135074376	0
5432	0.1286956203060616	0
5433	-0.4145618385554341	0
5434	-0.31329485338362545	0
5435	-0.32040916875221215	0
5436	-0.027848143243607175	0
5437	-0.1475095448030366	0
5438	-0.11592002223566197	0
5439	0.20753997547076125	0
5440	-0.07850890102969303	0
5441	-0.060037720339430625	0
5442	-0.27180081425547753	0
5443	-0.3455807566401069	0
5444	-0.3567302726688891	0
5445	0.019391831319546103	0
5446	-0.0969122417066715	0
5447	-0.19012365058638248	0
5448	0.10407773408975401	0
5449	-0.22019830665538792	0
5450	0.4517975613420375	0
5451	0.38251243925436024	0
5452	0.17293641586637498	0
5453	0.24609522155173147	0
5454	-0.10487075350804966	0
5455	-0.13665493897827552	0
5456	0.10538737732900949	0
5457	0.7348086318360258	1
5458	0.2964607087412447	0
5459	-0.2546682710047664	0
5460	0.030636955499076635	0
5461	0.345733355555861	0
5462	0.023833658659501773	0
5463	0.5274804270233123	0
5464	0.03379366681272925	0
5465	-0.09420455097274472	0
5466	-0.03790428033639136	0
5467	0.4576375139715871	0
5468	0.20883331562027868	0
5469	0.44524909360706766	0
5470	0.0584851153177999	0
5471	-0.13396393328734046	0
5472	-0.18020706406232712	0
5473	-0.17826351175250194	0
5474	-0.04708317886756251	0
5475	0.07600384630854337	0
5476	-0.260130511771117	0
5477	0.4117333618356017	0
5478	-0.039426838580836676	0
5479	-0.15920596765587736	0
5480	0.007308648943360505	0
5481	-0.30031624920835437	0
5482	-0.16607985898926442	0
5483	0.6921854721001638	1
5484	-0.010905325972589138	0
5485	0.45721966128005254	0
5486	-0.02246854077237022	0
5487	-0.008639834497382043	0
5488	0.21434862061139465	0
5489	0.09349242553643455	0
5490	-0.19989997670396487	0
5491	0.10662576236864033	0
5492	-0.4969473714664839	0
5493	-0.43843536862426835	0
5494	0.07001200361113656	0
5495	0.2553474343608332	0
5496	-0.281296718135851	0
5497	0.38614219984937126	0
5498	0.36779802132514494	0
5499	0.019196534228776995	0
5500	0.36504534828206936	0
5501	-0.12550994167859325	0
5502	-0.06492302466607171	0
5503	0.015024797787872848	0
5504	-0.10263454295426175	0
5505	0.15675466496754553	0
5506	0.08997360755897071	0
5507	0.2183410863166362	0
5508	-0.1712245941402658	0
5509	0.1032828327813223	0
5510	0.2801015137828731	0
5511	-0.32262263404767455	0
5512	-0.12292255109377828	0
5513	-0.19853566788630064	0
5514	-0.25918476586810657	0
5515	0.32179393290187874	0
5516	-0.5365736877718237	0
5517	0.21797481051595607	0
5518	0.500109787774415	0
5519	-0.2864389820540327	0
5520	0.29690185559572857	0
5521	0.48341108478156464	0
5522	-0.5190326837024044	0
5523	-0.30448587713311687	0
5524	-0.06274823364928432	0
5525	0.2911594487358779	0
5526	0.4137708004196331	0
5527	-0.20367614944075133	0
5528	-0.2089170260084358	0
5529	-0.29085869907021705	0
5530	0.17588569537405851	0
5531	0.0656966388685815	0
5532	-0.20424679243692545	0
5533	0.40186494203033146	0
5534	0.06593318289301439	0
5535	-0.13793053846323158	0
5536	0.10353310525772594	0
5537	-0.18574511528327714	0
5538	-0.34866947889699573	0
5539	-0.12335690349994782	0
5540	0.2698754255811772	0
5541	-0.23491579897958947	0
5542	-0.11720384893492077	0
5543	0.1197504374398634	0
5544	0.07946795799970599	0
5545	0.35481167331931873	0
5546	-0.075272836221998	0
5547	-0.2002046740093677	0
5548	-0.15393551698221555	0
5549	-0.15559111205867104	0
5550	0.022783383310661327	0
5551	0.0018961642069435015	0
5552	0.08241591245405339	0
5553	0.45961651932177583	0
5554	0.031179108899626974	0
5555	0.16457656192043257	0
5556	0.36976813679201853	0
5557	-0.03572611992615398	0
5558	-0.4279129243883549	0
5559	-0.2557865515599901	0
5560	0.05572717353789891	0
5561	0.018017088414018417	0
5562	-0.11738220834640233	0
5563	0.05610640534772712	0
5564	0.2927801925824948	0
5565	0.290886900318493	0
5566	0.10294918361100937	0
5567	-0.10959132580821924	0
5568	0.32196099057749855	0
5569	0.03946215014955254	0
5570	0.23989173280012516	0
5571	0.11652896157921688	0
5572	0.27543996611103255	0
5573	0.08443958558481768	0
5574	0.22339961741776734	0
5575	0.06471427242493505	0
5576	0.24285006368975262	0
5577	-0.004421735277904178	0
5578	0.09021665874933388	0
5579	-0.0975913440104318	0
5580	-0.2775883448164316	0
5581	-0.15817878858906537	0
5582	-0.2613356750540987	0
5583	-0.5833083152060744	0
5584	0.10590700915441204	0
5585	-0.06739601375345747	0
5586	0.4631675438985737	0
5587	-0.07933626484693032	0
5588	0.060107704606660484	0
5589	0.0010883288665361566	0
5590	0.18389412361528457	0
5591	-0.08849843739913972	0
5592	0.5808641715322123	0
5593	-0.12085449470930276	0
5594	-0.052748697133426385	0
5595	-0.1897224344443604	0
5596	-0.1829864385189295	0
5597	-0.1322101641932886	0
5598	0.03177036089630249	0
5599	-0.3911468872811629	0
5600	-0.2363848970406497	0
5601	-0.15147403452786487	0
5602	-0.18468001100526626	0
5603	0.10888874808226015	0
5604	0.11413532176438759	0
5605	-0.23254625604681112	0
5606	0.003740831721801338	0
5607	-0.2686297559248955	0
5608	0.3820188215856345	0
5609	0.21601136085161798	0
5610	0.32897665291668093	0
5611	0.018250668042312332	0
5612	-0.44369541880743024	0
5613	-0.3482058235254488	0
5614	-0.13006490589571595	0
5615	-0.18711167533560463	0
5616	0.13030809869822108	0
5617	0.15168512171050827	0
5618	0.08916440860074544	0
5619	0.1466662766775626	0
5620	0.33735520133697017	0
5621	0.03518188542977232	0
5622	-0.19061796690614988	0
5623	-0.08904715476388986	0
5624	-0.20002791033693654	0
5625	0.013013229516685716	0
5626	-0.04236768475273821	0
5627	-0.1204946940759466	0
5628	0.1141100284058188	0
5629	-0.11458683069448121	0
5630	-0.06822887813892664	0
5631	-0.3264061152280369	0
5632	0.13502031325220062	0
5633	0.06218546326459612	0
5634	0.17611542180636897	0
5635	0.06011593480924529	0
5636	-0.1153267460317056	0
5637	-0.1759773243695838	0
5638	-0.25575352412030133	0
5639	0.1707944500508708	0
5640	0.09498061846384911	0
5641	-0.22983114849254394	0
5642	-0.18751214602464666	0
5643	0.325714204810318	0
5644	0.11996214673859992	0
5645	0.2590116056841991	0
5646	-0.12976632456289627	0
5647	0.3067790265869522	0
5648	-0.043441141839310554	0
5649	0.38951409758958877	0
5650	-0.14502491983895344	0
5651	-0.06684175979158528	0
5652	-0.07561844788118399	0
5653	-0.041219722245125684	0
5654	-0.019708575803252887	0
5655	0.11661283982773724	0
5656	-0.5067813102121682	0
5657	0.1887642104403882	0
5658	-0.35544623684254495	0
5659	0.15228542149940102	0
5660	-0.14954806503576093	0
5661	-0.419068892235389	0
5662	-0.4201581708471873	0
5663	-0.05818733956727684	0
5664	0.1105903727103951	0
5665	-0.23923175841230543	0
5666	-0.043212455852980516	0
5667	-0.3128895455822991	0
5668	0.09099410816609539	0
5669	-0.22569295478925516	0
5670	0.2958775094398888	0
5671	0.4299694838661466	0
5672	0.42916025312840766	0
5673	0.20509281811866037	0
5674	0.022409722484318308	0
5675	-0.31682831449794613	0
5676	0.07940688258836553	0
5677	-0.32800667176530185	0
5678	-0.04984055504064189	0
5679	0.13189435516374315	0
5680	-0.14317989561970124	0
5681	-0.18253845137941377	0
5682	0.45452484769884005	0
5683	-0.27750286101798705	0
5684	-0.05407045120467502	0
5685	-0.009600793724193906	0
5686	-0.037200795143458976	0
5687	-0.10401456130567538	0
5688	0.39489099858800264	0
5689	-0.16534013475158646	0
5690	0.15812427173578572	0
5691	-0.08902274854804954	0
5692	0.12991904205232954	0
5693	-0.27698875953781643	0
5694	-0.4460231292300831	0
5695	0.01170829527687348	0
5696	0.33744715445008655	0
5697	-0.007665495523011249	0
5698	0.43087364183914867	0
5699	0.24900416995061786	0
5700	0.5438584293134365	0
5701	-0.39357509764805254	0
5702	-0.4183133894665889	0
5703	0.13108523542556336	0
5704	-0.21182490798889025	0
5705	0.1784976119210686	0
5706	0.017279715292489933	0
5707	-0.23073013180787044	0
5708	0.2850078248092334	0
5709	-0.061600203865636166	0
5710	0.060852761411667636	0
5711	0.3168025694531139	0
5712	-0.02243771547314586	0
5713	0.0302562474280519	0
5714	0.6273537315913806	1
5715	0.2534438266284723	0
5716	-0.10676082203855919	0
5717	-0.05168775876125818	0
5718	-0.29485487096980423	0
5719	0.08252779324259632	0
5720	-0.4927986204593444	0
5721	0.009437827341396733	0
5722	0.1501323397513893	0
5723	-0.2440856378947085	0
5724	0.17101901197425814	0
5725	-0.27464547912310455	0
5726	0.4112461456773321	0
5727	0.019326232453827148	0
5728	-0.07889628939246963	0
5729	-0.37064007970714985	0
5730	-0.11592269308311845	0
5731	-0.24396051579282563	0
5732	-0.2267882216693582	0
5733	0.21403473755287244	0
5734	-0.28473956164283537	0
5735	-0.2913920740296756	0
5736	-0.1573637490111139	0
5737	0.07434137479993813	0
5738	0.05457789261751603	0
5739	-0.3194795743434635	0
5740	-0.10898179756339879	0
5741	-0.26021130526564196	0
5742	-0.19965792490300316	0
5743	-0.37903419101536084	0
5744	0.05591096000625964	0
5745	-0.22982118685105646	0
5746	-0.16449172845630078	0
5747	-0.5031128841146539	0
5748	-0.03321333826153333	0
5749	-0.0886603337109225	0
5750	0.0021199834360700397	0
5751	0.4367977946499657	0
5752	-0.021681535846063735	0
5753	0.043191711737160576	0
5754	-0.30022294791658183	0
5755	0.25654188949055357	0
5756	0.08084509889249086	0
5757	0.2806331488656644	0
5758	-0.038611054989621904	0
5759	-0.05086216073915331	0
5760	-0.273456739484284	0
5761	0.16425693092691157	0
5762	-0.12567824288078155	0
5763	-0.010701120538582215	0
5764	0.0009738670452018708	0
5765	0.07611220237851796	0
5766	0.10769892732258238	0
5767	0.22640396975174887	0
5768	-0.16110815898395797	0
5769	-0.271622054337204	0
5770	0.2381527452948683	0
5771	0.14740532493364772	0
5772	-0.24836796107655928	0
5773	-0.018703656900459917	0
5774	0.10344423431619154	0
5775	-0.01424047031011846	0
5776	-0.07633673894374195	0
5777	0.14582440622773957	0
5778	0.32917151725957233	0
5779	-0.5067803520684754	0
5780	-0.16490851053936584	0
5781	0.16344168370032713	0
5782	0.03344030246306047	0
5783	-0.3192963987675612	0
5784	-0.09947582472268537	0
5785	-0.04828364531615374	0
5786	0.058759745117563315	0
5787	-0.11592424268098277	0
5788	-0.2951014522473504	0
5789	0.03436323695825014	0
5790	0.21280606093555376	0
5791	-0.10097582791492991	0
5792	-0.42673361024772016	0
5793	-0.04170650009388727	0
5794	0.05741660080530443	0
5795	-0.21078025673002393	0
5796	-0.13527312443999348	0
5797	0.002006257146042141	0
5798	-0.02827970076754783	0
5799	0.24248325786938452	0
5800	-0.19250909873267458	0
5801	-0.21601395877032206	0
5802	-0.021222182624668764	0
5803	-0.3880350339918654	0
5804	-0.0323361475276941	0
5805	-0.1827304693798673	0
5806	-0.5802221071001525	0
5807	-0.4744618480232217	0
5808	0.29366924416306595	0
5809	-0.3807600362139312	0
5810	0.3669772960059019	0
5811	0.07413076707523618	0
5812	0.18670684500333629	0
5813	-0.29466414183140655	0
5814	-0.2481991422984298	0
5815	-0.4326510377695108	0
5816	0.4325967192630318	0
5817	0.27037194791448715	0
5818	0.035534066432753315	0
5819	0.007162958385166058	0
5820	0.2574352158809591	0
5821	0.18607699084218887	0
5822	0.08000461036151764	0
5823	0.26524738476906196	0
5824	0.1849475798357727	0
5825	0.39029090545038747	0
5826	-0.2794851210168062	0
5827	-0.05149475782514884	0
5828	-0.07777133616798006	0
5829	-0.014991320386262781	0
5830	-0.2231818447757859	0
5831	-0.16658735668112992	0
5832	0.030460593578024824	0
5833	0.24763572507578552	0
5834	0.21755789346900495	0
5835	-0.09029685209666913	0
5836	0.13352013767951337	0
5837	0.35443465840067484	0
5838	-0.29118512821338044	0
5839	0.22513309282666513	0
5840	0.05988775534836731	0
5841	0.025355953599180355	0
5842	0.14197578251008303	0
5843	-0.28620135128250124	0
5844	-0.0055220539259714305	0
5845	-0.15013517551039665	0
5846	0.0723711157373497	0
5847	-0.5586919141532585	0
5848	-0.02941176524806654	0
5849	0.7227673785635556	1
5850	0.231070210527257	0
5851	-0.058449089982553444	0
5852	-0.33376092588101414	0
5853	-0.17109869975807182	0
5854	0.04855578796533379	0
5855	-0.23258206401207682	0
5856	-0.0578205518135544	0
5857	-0.2169314565598534	0
5858	0.40135400825781586	0
5859	-0.11230385378617422	0
5860	-0.1376586858853317	0
5861	0.10524691958873428	0
5862	0.10247030906440413	0
5863	0.05262191624577872	0
5864	-0.0739249116080948	0
5865	0.01672023462956443	0
5866	0.11838502135877937	0
5867	0.3751990253461863	0
5868	0.4841683004515781	0
5869	-0.34681771547591683	0
5870	-0.20552424338126354	0
5871	0.3990799741072033	0
5872	-0.0672590559720024	0
5873	0.04253615699096044	0
5874	-0.08729300191775136	0
5875	-0.1135440193609952	0
5876	0.08498360226347168	0
5877	-0.42045419851250315	0
5878	-0.11263992937262972	0
5879	-0.05868972019905084	0
5880	-0.14324713185352334	0
5881	0.6769463439985669	1
5882	-0.33703306077728934	0
5883	0.019182890710025553	0
5884	-0.0682108779156855	0
5885	0.20078713620747923	0
5886	-0.258740184794076	0
5887	-0.46550950597934426	0
5888	0.1683861425284019	0
5889	0.2072738969665767	0
5890	-0.18615667111404127	0
5891	0.34291433132472493	0
5892	0.18094801967042207	0
5893	-0.1709526269097562	0
5894	-0.04560614755595775	0
5895	-0.06789689181188863	0
5896	0.0048995065660696994	0
5897	0.3815523261330139	0
5898	0.298849001962359	0
5899	-0.2643499671913005	0
5900	-0.27372088059835464	0
5901	-0.08512003647416422	0
5902	0.47936422935128176	0
5903	-0.002817815854686676	0
5904	0.0371570593536	0
5905	-0.052172211521575695	0
5906	0.17664913529678866	0
5907	-0.2159328265145703	0
5908	0.24658478813174306	0
5909	0.21886745235189325	0
5910	0.045251247562597706	0
5911	-0.23976271149851702	0
5912	-0.465210294785978	0
5913	0.12786740400752739	0
5914	-0.3707326906350362	0
5915	0.1975476464869595	0
5916	0.07157720064046072	0
5917	0.12001992943695364	0
5918	0.216571663303958	0
5919	-0.5029591188268663	0
5920	-0.0053035821024574135	0
5921	-0.03885200894557917	0
5922	-0.17595327257213447	0
5923	-0.14806506686589163	0
5924	0.12816761132388776	0
5925	-0.25728746635500666	0
5926	-0.09809116327519793	0
5927	0.1433920241684001	0
5928	-0.12880816883750446	0
5929	0.22899803856766793	0
5930	0.3763492363304263	0
5931	-0.09722967957698841	0
5932	-0.3998682497195787	0
5933	-0.4324937482538328	0
5934	0.03047253805872023	0
5935	-0.18653535878327288	0
5936	0.043966451225814995	0
5937	0.17202119127178256	0
5938	0.1859213381519228	0
5939	0.23667144472380863	0
5940	-0.1578940260373099	0
5941	-0.30529840479851217	0
5942	-0.3156549460999327	0
5943	-0.15231367115144495	0
5944	-0.3025633982571531	0
5945	0.0991649613783093	0
5946	-0.09588133661184481	0
5947	-0.05327108935027831	0
5948	-0.08629422074622757	0
5949	0.2644111275480021	0
5950	-0.3507034966004834	0
5951	0.3505604110033187	0
5952	-0.29752231803520696	0
5953	0.1761540434091016	0
5954	-0.07579932207486834	0
5955	0.2699427544815837	0
5956	0.33533863800559327	0
5957	0.14957886499754203	0
5958	0.30779747247673295	0
5959	-2.9585791038931002e-05	0
5960	-0.28628537876513743	0
5961	0.04801424650104957	0
5962	0.17596614892514192	0
5963	-0.07596485370165953	0
5964	0.12250231473071863	0
5965	-0.08454106779397874	0
5966	0.2326612639154689	0
5967	0.5171999883872824	0
5968	-0.6775071659233285	0
5969	-0.15814366692159798	0
5970	-0.41495386004703544	0
5971	0.19842077530386631	0
5972	0.043477040608088297	0
5973	0.16716282040020677	0
5974	-0.17830454720827954	0
5975	0.06399613671803238	0
5976	-0.1371636659597958	0
5977	0.2309494249481739	0
5978	0.131470338611407	0
5979	-0.08090102031910212	0
5980	0.2587448430972286	0
5981	-0.09350368454319472	0
5982	0.22542320914767316	0
5983	-0.1351233899357287	0
5984	0.2796435949916522	0
5985	0.10244633958903475	0
5986	0.1207908794284577	0
5987	-0.20513327721514824	0
5988	0.2949861925489763	0
5989	-0.12057456147277984	0
5990	0.023804377811810495	0
5991	-0.10072372935706841	0
5992	0.4776656544911032	0
5993	-0.07520946400670361	0
5994	-0.07469437308797809	0
5995	-0.4454591831075196	0
5996	-0.09130321965321092	0
5997	0.28972469773157417	0
5998	-0.4806890121808046	0
5999	0.014647066749790511	0
6000	-0.010946375121297936	0
6001	0.38623076079799046	0
6002	-0.15447627950352685	0
6003	-0.056599552288323404	0
6004	0.0566551410819611	0
6005	-0.08089039375300648	0
6006	-0.084469494772502	0
6007	-0.11923767282729078	0
6008	0.10946767366757162	0
6009	-0.12112267147842745	0
6010	-0.1171246598576976	0
6011	-0.18296030358305243	0
6012	-0.4269495169326853	0
6013	0.24675894978684687	0
6014	-0.17435833827268812	0
6015	0.3635960896248077	0
6016	-0.2321503060794364	0
6017	-0.31037004429334275	0
6018	-0.08289661876516538	0
6019	0.26049651618669395	0
6020	0.06287652343480328	0
6021	-0.04609607552989932	0
6022	-0.08290696568354966	0
6023	0.06434122523428576	0
6024	-0.5963550577219606	0
6025	0.4831542617911363	0
6026	0.046482694914005446	0
6027	0.08270805711362172	0
6028	-0.05003040839067635	0
6029	0.39550902421350764	0
6030	-0.17645759710054795	0
6031	0.20994667398345146	0
6032	0.005765335047126738	0
6033	-0.10142819005393838	0
6034	0.10558375243872556	0
6035	0.2033327485023131	0
6036	0.4274215026092473	0
6037	-0.18961832626771602	0
6038	-0.23533842746121486	0
6039	-0.019007967206799946	0
6040	0.28211712438526954	0
6041	0.3111298145191025	0
6042	-0.30899523176099597	0
6043	0.4025535038581577	0
6044	-0.23194154306950585	0
6045	0.16638633133823824	0
6046	0.16922011330315795	0
6047	0.45792031484475887	0
6048	0.2209365131031229	0
6049	0.08583427255265993	0
6050	-0.6244092578300242	0
6051	-0.1187447573164852	0
6052	0.32947139306830886	0
6053	0.2144331584011156	0
6054	0.3630801941288161	0
6055	-0.15015827332803536	0
6056	0.23162265451870634	0
6057	0.044264719079800535	0
6058	0.36091005960356415	0
6059	0.02434505781633993	0
6060	-0.40201064021526245	0
6061	0.025679608165916173	0
6062	0.03514957616618371	0
6063	-0.14338686159423528	0
6064	0.36177626983649647	0
6065	-0.21203713904649693	0
6066	-0.07474042494367573	0
6067	0.16493383145448243	0
6068	0.39336122902356896	0
6069	-0.2581790725663141	0
6070	-0.25968935721930464	0
6071	0.0518851353420337	0
6072	0.25191096851902317	0
6073	0.33102208014589773	0
6074	0.06123780590066093	0
6075	0.055565087287790554	0
6076	0.3035263816803418	0
6077	-0.13802329409473485	0
6078	-0.055294805733935415	0
6079	-0.539547911412932	0
6080	-0.27548957089680837	0
6081	-0.2630975086014298	0
6082	0.27992679506846047	0
6083	0.041319172108115976	0
6084	0.1880322613107844	0
6085	-0.20211883142939913	0
6086	-0.32680456398279245	0
6087	-0.00763905943582468	0
6088	0.03304501492276281	0
6089	0.14063226613866908	0
6090	-0.3179719185849498	0
6091	0.0007330077330413277	0
6092	-0.0952016303592692	0
6093	0.2813770218126534	0
6094	-0.15906649421818977	0
6095	-0.010889427809718952	0
6096	0.32687619794578726	0
6097	-0.23446735723289175	0
6098	-0.3895946523445072	0
6099	0.06946925425661656	0
6100	-0.2252852436766975	0
6101	0.44785837218900004	0
6102	-0.09667950688171378	0
6103	0.057585335032442946	0
6104	-0.22778552908861788	0
6105	0.202295522771312	0
6106	0.021701000678923298	0
6107	-0.29773622617771356	0
6108	0.23999783480400694	0
6109	0.04610290484016738	0
6110	0.13836294373713667	0
6111	0.17520534881651886	0
6112	0.12487015225414683	0
6113	0.03379199349344705	0
6114	0.37872343558933497	0
6115	-0.20371720795377274	0
6116	0.11672380522555792	0
6117	0.22569923616122944	0
6118	-0.36009181102161303	0
6119	-0.043157911161741835	0
6120	-0.15841255318411723	0
6121	-0.1495279448206057	0
6122	0.3575255729212784	0
6123	-0.017560381764076614	0
6124	-0.384367225983243	0
6125	0.68617420858506	1
6126	-0.4093779674777581	0
6127	0.318710807665198	0
6128	0.15558958301521722	0
6129	-0.20532141928362097	0
6130	0.02687651984316628	0
6131	0.17351567912702487	0
6132	-0.12946618001036414	0
6133	-0.20768742802627432	0
6134	-0.10972932951973594	0
6135	0.041156620418516726	0
6136	0.022165037445084423	0
6137	0.09503397774105193	0
6138	0.0027088779785643894	0
6139	0.6008274625293913	1
6140	0.07619578099769751	0
6141	0.012682792391069859	0
6142	0.25765937414895274	0
6143	0.0012491393102936755	0
6144	0.05023063096114709	0
6145	0.15277959448551887	0
6146	0.10875532228384249	0
6147	0.101078288255941	0
6148	0.0810637385686676	0
6149	0.28657992764201334	0
6150	-0.12823139342878873	0
6151	-0.1804826551860848	0
6152	-0.07730891459056626	0
6153	0.007931623180568883	0
6154	-0.062217745695199424	0
6155	0.07914062030295495	0
6156	0.5176654724897269	0
6157	-0.2743018518925263	0
6158	0.3283669318747406	0
6159	0.09849448951416556	0
6160	0.04362413776748246	0
6161	-0.4068544180431628	0
6162	-0.20303212029834777	0
6163	0.4494351302124847	0
6164	-0.1844840653259806	0
6165	0.06400556535611743	0
6166	-0.10123822638021926	0
6167	-0.002670538237865074	0
6168	0.350864567339085	0
6169	0.4529345561137016	0
6170	-0.09056597221521914	0
6171	-0.06972514746106459	0
6172	-0.2163743718699706	0
6173	-0.22007930849891527	0
6174	-0.2277773836710577	0
6175	0.03181309971598792	0
6176	-0.11868754482559082	0
6177	0.0690878742984298	0
6178	0.12786258229845907	0
6179	-0.21651850183286853	0
6180	-0.19192381774169287	0
6181	-0.3892623401972204	0
6182	-0.43141010687935666	0
6183	-0.35941181337829986	0
6184	0.022156440737037493	0
6185	-0.22384759428794	0
6186	-0.1931426739840167	0
6187	-0.25412168756968817	0
6188	-0.22215661786581697	0
6189	-0.43126371959247833	0
6190	0.22136911284074567	0
6191	-0.40359087696695506	0
6192	0.20743037858689606	0
6193	0.3602459985715369	0
6194	-0.4455309985801733	0
6195	0.12398412381147843	0
6196	0.3535022307252994	0
6197	-0.33284685190706115	0
6198	0.11925074925241567	0
6199	-0.0975000184908712	0
6200	0.0794570397834038	0
6201	-0.26842288934100567	0
6202	0.07777707330680869	0
6203	-0.16480859073344395	0
6204	-0.12844360031809837	0
6205	-0.35086223271893535	0
6206	-0.5578058786008493	0
6207	0.3338827408631282	0
6208	0.12780241717930632	0
6209	-0.08567014176159449	0
6210	0.35121557595225833	0
6211	-0.578273140985447	0
6212	-0.4972328378806735	0
6213	-0.031029604757142684	0
6214	-0.3000953024988661	0
6215	-0.3803789080337805	0
6216	0.23610471983515344	0
6217	-0.24575950456751033	0
6218	0.20887638815732185	0
6219	0.07365496505863359	0
6220	0.35228250738297273	0
6221	-0.2233226018981853	0
6222	-0.24958629051329217	0
6223	0.03905931207915798	0
6224	0.23024516540976633	0
6225	0.13931910109596457	0
6226	0.053890693484525534	0
6227	-0.09558755943259059	0
6228	0.262469739231527	0
6229	0.0732546545868053	0
6230	-0.12421264526608072	0
6231	0.2362893326067355	0
6232	-0.3301279449293173	0
6233	-0.41607036830718314	0
6234	0.27800062998770203	0
6235	0.15913847491890012	0
6236	-0.2152204309378689	0
6237	0.053414647872807794	0
6238	-0.2480019958786125	0
6239	0.12495625771205043	0
6240	0.008573619397892161	0
6241	0.14307487705878108	0
6242	0.22657234916090774	0
6243	-0.01594206736575727	0
6244	0.060589069015133605	0
6245	-0.09657313041826737	0
6246	-0.19078165402663888	0
6247	-0.3905021982793576	0
6248	-0.3351650740413827	0
6249	0.5932897361483086	0
6250	-0.3282785418442681	0
6251	-0.17295738845741965	0
6252	0.12456251506300497	0
6253	0.1686622591709394	0
6254	0.08487790569229284	0
6255	0.11809714311066309	0
6256	-0.35500863549826145	0
6257	0.1717207653177338	0
6258	-0.1904560464391827	0
6259	-0.20193192892691772	0
6260	-0.7200252849962269	0
6261	-0.3494576506045467	0
6262	0.10764472010072182	0
6263	-0.3057257227171744	0
6264	-0.5790609280221866	0
6265	-0.05131277196257637	0
6266	0.15505978312864616	0
6267	-0.23406332309844782	0
6268	-0.11918253092916423	0
6269	-0.2810328994127613	0
6270	0.0735936751869862	0
6271	0.28875785390108405	0
6272	0.494879848526918	0
6273	0.10465299349848436	0
6274	0.066827182129501	0
6275	0.18479389570157503	0
6276	0.05059706979638754	0
6277	0.03190410200751142	0
6278	-0.09862036640359281	0
6279	0.05882482257839503	0
6280	0.22018954142773545	0
6281	0.1794604536816748	0
6282	0.3021635843750866	0
6283	-0.06912452422882805	0
6284	-0.39325392196941755	0
6285	-0.2513208793616595	0
6286	0.6020134013543875	1
6287	-0.07310342680520593	0
6288	0.28113781758335643	0
6289	0.018359416569638257	0
6290	0.08624963585259617	0
6291	0.25391853974903167	0
6292	-0.18806066204072466	0
6293	0.0120813290582973	0
6294	0.21187683228724197	0
6295	0.21045107518513634	0
6296	-0.41197265713018627	0
6297	0.12000352102308814	0
6298	0.16458835098595875	0
6299	-0.10805813768082789	0
6300	-0.3663072971492529	0
6301	-0.17555616031579593	0
6302	0.3203583368559617	0
6303	0.16840782498159992	0
6304	-0.3019439351586659	0
6305	-0.15298414874156482	0
6306	-0.29104695913875106	0
6307	0.025123726805427137	0
6308	0.2453698890895598	0
6309	0.04173698955631922	0
6310	-0.03117120033534517	0
6311	-0.031178302196924988	0
6312	-0.0655848712769603	0
6313	-0.23936872832006506	0
6314	0.2222365880696783	0
6315	0.43712354575440493	0
6316	0.2531817608822968	0
6317	-0.049828758358213765	0
6318	-0.42823961725423665	0
6319	0.12674602179107264	0
6320	0.1275694994563541	0
6321	-0.334649384675292	0
6322	-0.09643002695181963	0
6323	-0.0835686965195708	0
6324	-0.04010017783010293	0
6325	-0.04056966659480897	0
6326	0.0715866786849694	0
6327	0.015760387164379903	0
6328	-0.34233015580252896	0
6329	0.07086915424404133	0
6330	0.06866271363580184	0
6331	0.21037506331487282	0
6332	0.04742357900597539	0
6333	0.28388525337036213	0
6334	-0.011507223256523726	0
6335	-0.04788817991339423	0
6336	0.11864196270338714	0
6337	0.02257192232768743	0
6338	0.04567462808896963	0
6339	-0.37756107899849234	0
6340	0.1228416114342604	0
6341	-0.4307667054241131	0
6342	0.2777289772936915	0
6343	-0.4365533347326849	0
6344	0.3306004028461993	0
6345	0.006828205047312743	0
6346	0.14905980927989837	0
6347	-0.17133353448582828	0
6348	-0.12099755778817198	0
6349	-0.13702168308959356	0
6350	-0.46430860938963836	0
6351	0.07335745245725141	0
6352	0.1261607083301428	0
6353	0.15442714700249877	0
6354	-0.15706652397672943	0
6355	-0.09824425075427706	0
6356	0.24472532268321806	0
6357	-0.05687467152651732	0
6358	-0.04819753966900399	0
6359	-0.3543257094596274	0
6360	-0.4082317905218477	0
6361	0.10234092641345946	0
6362	0.2790957551445271	0
6363	-0.08228247349683288	0
6364	0.1426055861206639	0
6365	0.3777010177980805	0
6366	0.3005107134527881	0
6367	-0.0163635435314237	0
6368	0.1174834875051094	0
6369	0.09658766891928708	0
6370	-0.01515221999554599	0
6371	-0.2686492445863386	0
6372	-0.41002059562131254	0
6373	-0.12774925765374692	0
6374	0.13700917451496142	0
6375	0.2719389459156043	0
6376	-0.33583657598915106	0
6377	-0.1731691515178998	0
6378	-0.11532058651264226	0
6379	-0.03732408071602234	0
6380	-0.15456026259916023	0
6381	0.09375108773122469	0
6382	-0.3632508770795857	0
6383	0.07256892903126305	0
6384	0.20836671886745464	0
6385	0.07099755162066869	0
6386	-0.06642616409148941	0
6387	0.1888836162849462	0
6388	0.004848670033663601	0
6389	0.15358274887716175	0
6390	-0.04283677381716448	0
6391	0.06070404519737526	0
6392	-0.17207261908628363	0
6393	-0.25401782458975697	0
6394	0.3418381833497011	0
6395	-0.15744162431980097	0
6396	-0.02814531561494022	0
6397	-0.664878443814336	0
6398	0.19633336850173677	0
6399	0.0498903557958348	0
6400	0.6349318277627378	1
6401	-0.147381174295371	0
6402	0.04072328467973561	0
6403	0.07394744759853694	0
6404	0.0709680468822786	0
6405	0.19027993035375484	0
6406	-0.011294859890874899	0
6407	-0.13289382293210533	0
6408	-0.004362121959024438	0
6409	0.01032998911375481	0
6410	0.7064460064470703	1
6411	-0.5923781385152023	0
6412	-0.007001319588680013	0
6413	-0.3898943956402441	0
6414	0.6141164254472763	1
6415	0.12578282223918336	0
6416	-0.36774747803469754	0
6417	0.4144568149685592	0
6418	-0.32150272127308976	0
6419	-0.28135086510681473	0
6420	-0.30006244678680316	0
6421	-0.10965498283015658	0
6422	-0.1435232982591178	0
6423	0.07913432035228567	0
6424	-0.0157835323366026	0
6425	0.28935933667238617	0
6426	-0.21099779427183846	0
6427	0.4090033070299989	0
6428	-0.041161145526782794	0
6429	0.048509110467309685	0
6430	-0.4425847088039334	0
6431	0.21930018723677352	0
6432	0.00349027632379725	0
6433	0.11871286830666596	0
6434	0.1656157314469012	0
6435	0.41050738673427967	0
6436	-0.48774410507379845	0
6437	-0.5472223294003762	0
6438	0.020411661140457706	0
6439	0.02942101320374651	0
6440	-0.25314914843183767	0
6441	-0.021994808688241746	0
6442	-0.4894277831075234	0
6443	0.13539633061197087	0
6444	0.26046422237623723	0
6445	-0.07526255936089449	0
6446	-0.3140531808160065	0
6447	0.2747218264348613	0
6448	0.2094489708336279	0
6449	0.25738962652812125	0
6450	-0.14193125064086523	0
6451	-0.1577697085226859	0
6452	0.0279995079969394	0
6453	-0.09188426996916997	0
6454	0.37956550800464095	0
6455	-0.0637665505854858	0
6456	-0.15392746291547393	0
6457	-0.30311076499154493	0
6458	0.0791021476001777	0
6459	-0.19005829616416486	0
6460	0.056623813684713635	0
6461	-0.21479300980956748	0
6462	0.10789224042258477	0
6463	0.25381633730080766	0
6464	0.4507478165112495	0
6465	0.09563414936598763	0
6466	-0.29850429435115255	0
6467	0.44848395028730653	0
6468	0.10773625021708627	0
6469	-0.2520769051257842	0
6470	0.04786434282873908	0
6471	0.41161700965000797	0
6472	0.15658208229947496	0
6473	-0.15423343975466008	0
6474	-0.0799656899318744	0
6475	0.25111405520238295	0
6476	0.14568791219674926	0
6477	-0.5751869440540116	0
6478	-0.07654455663256933	0
6479	-0.10974278390895903	0
6480	-0.24407051356682646	0
6481	0.34558200386523913	0
6482	-0.04541000684763204	0
6483	-0.2109927676972253	0
6484	0.14277071184643597	0
6485	-0.3149829748888262	0
6486	0.3948629081883774	0
6487	-0.160241487765228	0
6488	-0.18950842918542832	0
6489	0.022173634264433008	0
6490	-0.25878321866098875	0
6491	0.07606697742287194	0
6492	0.0822255603058321	0
6493	0.05613424708082765	0
6494	0.24685453867082988	0
6495	0.27237949017657037	0
6496	0.07791601288628752	0
6497	0.10910413457576709	0
6498	0.20843589678312044	0
6499	0.22790438361199178	0
6500	0.07170881252353101	0
6501	0.22323344160686398	0
6502	0.1290539029851182	0
6503	0.1611655116871184	0
6504	-0.08139311053117224	0
6505	-0.27366947041723355	0
6506	0.08490958403555103	0
6507	0.09356891459852298	0
6508	0.0023850447465054913	0
6509	-0.5217177060598741	0
6510	0.3560002170667805	0
6511	-0.12146015486618028	0
6512	-0.2935185155478322	0
6513	0.2482510712356003	0
6514	-0.2620339264586996	0
6515	0.09039995297752057	0
6516	0.16509169958446518	0
6517	0.09809700021662988	0
6518	0.42426668469951223	0
6519	0.062295615458204556	0
6520	0.3949904584038182	0
6521	-0.21406039251729744	0
6522	0.18487178394516926	0
6523	0.07021348835676713	0
6524	-0.08016223630262945	0
6525	-0.21989192289561743	0
6526	-0.2817716675891504	0
6527	-0.039332003029692225	0
6528	-0.10742957882316302	0
6529	0.2862070876889399	0
6530	-0.30679223813938783	0
6531	0.3057561583540712	0
6532	0.7431963746142374	1
6533	0.0666008261478866	0
6534	0.003505057408977945	0
6535	0.23397635474892342	0
6536	-0.09096436890658324	0
6537	-0.32104240431710207	0
6538	0.0081101950022604	0
6539	-0.013958053265258726	0
6540	-0.15533012839145982	0
6541	-0.06533474713853857	0
6542	0.3413879951330481	0
6543	0.08597904913981907	0
6544	0.04481913130095762	0
6545	-0.1215560431082854	0
6546	0.1932716984879425	0
6547	-0.42511035745471715	0
6548	0.12303198648871397	0
6549	0.40363720933950376	0
6550	0.0012765554857781256	0
6551	-0.09600448441120711	0
6552	0.37938830706258664	0
6553	0.1632997337729487	0
6554	-0.21382515691564397	0
6555	-0.21086425759257263	0
6556	-0.011829275568478795	0
6557	0.1802040423559776	0
6558	0.08652289791117251	0
6559	0.304289719112916	0
6560	-0.0098762922722457	0
6561	-0.29133559531072395	0
6562	0.26724072614341554	0
6563	-0.16400955231169517	0
6564	0.11931907093364444	0
6565	-0.07006128304801035	0
6566	-0.06346974641186498	0
6567	0.209627432625143	0
6568	0.13710422601585975	0
6569	0.2923407066196074	0
6570	-0.24874382785877536	0
6571	0.07354659110213206	0
6572	-0.06786716888901936	0
6573	0.0357283435648367	0
6574	0.18499595671627847	0
6575	-0.23899413925901436	0
6576	0.1191904877273821	0
6577	0.3629242507259346	0
6578	0.11583946715164298	0
6579	-0.07859959543150401	0
6580	0.3440658164700213	0
6581	0.1643844730723414	0
6582	-0.35976541132903767	0
6583	-0.1641663081539676	0
6584	0.45580417463233125	0
6585	-0.36216219973558095	0
6586	0.22794962868598861	0
6587	-0.010646043002260921	0
6588	-0.3603463674020395	0
6589	-0.1466009409891801	0
6590	0.2783868983418794	0
6591	0.31691260009346733	0
6592	-0.23650251272193798	0
6593	-0.2534241286927587	0
6594	0.2895457474868473	0
6595	-0.29742631889334625	0
6596	-0.0151205315499565	0
6597	-0.4485858049807779	0
6598	0.37042513865191606	0
6599	0.2097841370369497	0
6600	0.15500026785768847	0
6601	-0.18346184320436404	0
6602	0.1256962488070932	0
6603	-0.0008525409050625583	0
6604	-0.12993525157415095	0
6605	-0.24985062111373774	0
6606	-0.0969960701854928	0
6607	-0.10422447538663338	0
6608	-0.5299491865986721	0
6609	0.04875648541405503	0
6610	-0.1814927250458962	0
6611	-0.4579147892896881	0
6612	-0.07997003210498331	0
6613	-0.022069644583754155	0
6614	0.13513177853296	0
6615	-0.48151380524768794	0
6616	-0.3120072741435874	0
6617	-0.15741688512572521	0
6618	0.07693442282375926	0
6619	-0.20306239931159553	0
6620	-0.09193825941715517	0
6621	0.07502401217871382	0
6622	-0.2151681841805261	0
6623	0.11585607326303562	0
6624	-0.12844469751977663	0
6625	0.22627163376891238	0
6626	0.12713708633679352	0
6627	0.06814865413425338	0
6628	-0.06080568271128301	0
6629	0.2804507704830946	0
6630	0.42017301627640835	0
6631	-0.01584213619589998	0
6632	0.421921812894177	0
6633	0.15233387206662902	0
6634	-0.4877168127292945	0
6635	-0.007811348741946638	0
6636	0.25004804435997563	0
6637	-0.34877069400166877	0
6638	-0.024364308832310833	0
6639	-0.3059997327161286	0
6640	0.09045976201357883	0
6641	-0.9219411694635328	0
6642	-0.21506635967938725	0
6643	-0.10044660411175768	0
6644	-0.34737842218312653	0
6645	-0.3403187658346476	0
6646	-0.7809053338799319	0
6647	0.01466620605665007	0
6648	-0.42569921208491557	0
6649	-0.31671205245533685	0
6650	0.026087255906934857	0
6651	0.17183267282636736	0
6652	0.2578696732736363	0
6653	-0.04990024629144321	0
6654	-0.5063688676481655	0
6655	0.12441773270031481	0
6656	-0.08466745508249215	0
6657	-0.0763436379544779	0
6658	-0.193466001878436	0
6659	-0.04148258158880141	0
6660	-0.13354796481306716	0
6661	0.2712371791613337	0
6662	0.05248026605791126	0
6663	-0.06326015336571779	0
6664	-0.3575975668677848	0
6665	-0.3362675052678904	0
6666	0.3412317636974532	0
6667	-0.1124542521840734	0
6668	-0.012356319629057831	0
6669	0.16404030427143795	0
6670	-0.2872954500334342	0
6671	-0.1515859811482068	0
6672	0.22214014510057484	0
6673	-0.5038979106117489	0
6674	0.5071512983052637	0
6675	0.17138548446373902	0
6676	-0.10668349121221077	0
6677	0.11426643778277179	0
6678	0.2486873082236403	0
6679	-0.0036084676607533836	0
6680	-0.2724970446441299	0
6681	0.1310763023869961	0
6682	-0.28887211411728264	0
6683	-0.11999929204986262	0
6684	-0.18782553579429556	0
6685	0.16533712024438457	0
6686	-0.35564312088558303	0
6687	0.35066680667314865	0
6688	0.46901697489926975	0
6689	-0.018179135414071422	0
6690	-0.0796895958409817	0
6691	-0.08243566986467113	0
6692	0.13148811320808151	0
6693	0.13605973723700598	0
6694	-0.5237055767553821	0
6695	0.3017494483432816	0
6696	-0.03635547496431485	0
6697	-0.18873784219436113	0
6698	-0.20444166860162777	0
6699	-0.0012471880586582638	0
6700	-0.14889590643269845	0
6701	-0.11622721756447793	0
6702	0.09701034371858955	0
6703	0.1718625001292549	0
6704	-0.014739065300206718	0
6705	-0.2335672295929212	0
6706	-0.1834050461964537	0
6707	-0.3527422472266711	0
6708	0.30213431463191054	0
6709	0.11616743857096694	0
6710	-0.23712606350208254	0
6711	-0.4477496170247126	0
6712	0.4708617670790583	0
6713	0.0004887772030609044	0
6714	0.13406870946172095	0
6715	0.16264627850676214	0
6716	0.15082472052578416	0
6717	0.03676740222836756	0
6718	-0.025876585210537026	0
6719	0.1997296571814418	0
6720	-0.2690288623144043	0
6721	0.27409608293693527	0
6722	0.04936039957580664	0
6723	0.28430136782181237	0
6724	-0.282896551487406	0
6725	-0.11644747349100645	0
6726	0.3351377118969796	0
6727	0.2799961955058259	0
6728	-0.19756474438178862	0
6729	-0.29134340142231735	0
6730	0.11918959807044319	0
6731	0.1133503976969125	0
6732	-0.042308042631037476	0
6733	-0.5543766460409633	0
6734	-0.13501661592741052	0
6735	-0.09123928201003867	0
6736	-0.20014094419553866	0
6737	-0.26734970092706617	0
6738	-0.12934641404828376	0
6739	0.029432655404466393	0
6740	-0.05584883352719004	0
6741	-0.026232989591656444	0
6742	-0.016594626902683027	0
6743	0.3398741174672318	0
6744	0.2568822314169603	0
6745	-0.4169452015426135	0
6746	-0.16321034109039836	0
6747	0.4533898065102555	0
6748	0.16851081021989678	0
6749	0.16722420823372844	0
6750	-0.09245966023769117	0
6751	0.055943171592117126	0
6752	-0.3136781237958114	0
6753	0.0005494811955198736	0
6754	-0.16872184978984683	0
6755	-0.3371953085836993	0
6756	-0.26437126114469145	0
6757	0.11270282208568833	0
6758	-0.12453812391940328	0
6759	-0.031196142590354026	0
6760	-0.32076761729221326	0
6761	-0.11966917318321507	0
6762	0.08976844770517386	0
6763	0.18083059276657049	0
6764	0.39250364683399935	0
6765	-0.09185824952032765	0
6766	0.18670361780881128	0
6767	-0.32997773384706997	0
6768	-0.0777992265854631	0
6769	0.1760158953409172	0
6770	-0.041698841648712105	0
6771	0.15143547249495276	0
6772	0.08404304179746404	0
6773	-0.24071909380230205	0
6774	-0.3485845314280286	0
6775	0.034033152605387376	0
6776	0.37305909285232364	0
6777	0.128940856830653	0
6778	-0.12800348096357383	0
6779	-0.2857174629722875	0
6780	0.27109095949578454	0
6781	-0.3885413156499714	0
6782	-0.08448128814632241	0
6783	0.1430364266709398	0
6784	-0.1895230141876389	0
6785	0.1712772440770054	0
6786	0.12649930724492098	0
6787	0.3416591919146297	0
6788	0.08512780942849237	0
6789	-0.44195911804194454	0
6790	-0.712572430387272	0
6791	0.1968256617803834	0
6792	0.10845483014738289	0
6793	0.14558031753717415	0
6794	-0.17748540590939016	0
6795	0.28275423924271226	0
6796	0.31851805504291475	0
6797	-0.10120081810291608	0
6798	0.21540833522069885	0
6799	-0.2607201162570503	0
6800	0.16952769444431082	0
6801	0.5069993012451373	0
6802	-0.2683114973034495	0
6803	0.2604092026887074	0
6804	0.4177247047431702	0
6805	-0.11435402298501911	0
6806	-0.09414751804587616	0
6807	-0.6040848338013078	0
6808	-0.07583170398208054	0
6809	0.2095499759270542	0
6810	0.2215387826189476	0
6811	0.17482077255936146	0
6812	0.049660185163093645	0
6813	0.36179627561138383	0
6814	0.15869458985491497	0
6815	0.40090088705520616	0
6816	-0.3341980619802789	0
6817	0.3328653523651637	0
6818	-0.3081103293676584	0
6819	0.23741905673090066	0
6820	-0.21249686052223776	0
6821	-0.33945129620880365	0
6822	0.009594716443172759	0
6823	0.2865413002667006	0
6824	0.31451799036084	0
6825	-0.13914031995839843	0
6826	-0.2931370572056403	0
6827	-0.06658504023754341	0
6828	-0.0001803131355897833	0
6829	-0.12484469214735738	0
6830	0.03484215242564105	0
6831	0.3745484912599917	0
6832	-0.04942270216064917	0
6833	-0.0707471281930993	0
6834	0.2741106366643872	0
6835	-0.15632786871166704	0
6836	-0.3524324453321821	0
6837	-0.07576307941843274	0
6838	0.15161205399747443	0
6839	-0.28506858132533874	0
6840	0.40824041026747193	0
6841	-0.4569150691173603	0
6842	-0.11507203619729484	0
6843	-0.27073735150685996	0
6844	0.014877687839374475	0
6845	-0.10431497854506423	0
6846	-0.03376237322491373	0
6847	-0.07543108301041446	0
6848	0.29016158759130617	0
6849	-0.4944652375240357	0
6850	0.17462821595443617	0
6851	-0.4109316024757161	0
6852	0.6166481841918039	1
6853	-0.47236206886011084	0
6854	0.14860103674637265	0
6855	0.1589064476398859	0
6856	-0.22234095164975565	0
6857	0.35712561417204286	0
6858	0.031296617054076534	0
6859	-0.2918422637412566	0
6860	-0.16189545271244393	0
6861	0.19291050652434094	0
6862	-0.256220976870757	0
6863	-0.36817768858581174	0
6864	-0.6974167447303659	0
6865	-0.1160868951770466	0
6866	0.2593587619178254	0
6867	-0.3332488288070979	0
6868	0.43856129819544865	0
6869	-0.21188101281011298	0
6870	0.6570202546416901	1
6871	-0.26536882119882843	0
6872	-0.03247264246223652	0
6873	0.06197402350884945	0
6874	0.025312535707953623	0
6875	0.06290328330639997	0
6876	-0.06611325784562437	0
6877	0.19643379127834468	0
6878	0.2271691387016918	0
6879	0.4955648766314569	0
6880	0.2878814987876941	0
6881	0.039968258533362985	0
6882	0.059938400751692454	0
6883	0.4662311754680263	0
6884	0.06726739824244794	0
6885	-0.3036189751340854	0
6886	-0.17901869813425608	0
6887	0.5328169481921818	0
6888	0.06642256478623904	0
6889	-0.35750709555751004	0
6890	-0.1795940273276829	0
6891	0.1370239121795016	0
6892	-0.27533935905973755	0
6893	-0.16710867175847366	0
6894	-0.06287642839866292	0
6895	-0.23564249908338528	0
6896	0.13384517553421335	0
6897	-0.11500018269653442	0
6898	-0.22219700953215393	0
6899	-0.07392520795607668	0
6900	-0.3649401483905581	0
6901	0.350308514425335	0
6902	-0.2793477118545045	0
6903	-0.18126929404408265	0
6904	-0.4288277558150714	0
6905	0.07171975955656856	0
6906	0.0684584686067087	0
6907	-0.062146893311946755	0
6908	-0.1996543717958385	0
6909	-0.07334781119816597	0
6910	-0.29065330808741857	0
6911	0.0009372716389327644	0
6912	0.21836177021952682	0
6913	-0.623230186626248	0
6914	-0.25362823549326413	0
6915	-0.3264282657582581	0
6916	-0.3134972901757759	0
6917	0.012658300099350438	0
6918	-0.055771596673470265	0
6919	-0.20617711466478356	0
6920	0.02366038527457891	0
6921	-0.1234397082089934	0
6922	-0.10523805599464381	0
6923	-0.45335314905122004	0
6924	0.05055334888651285	0
6925	-0.20021059091141719	0
6926	-0.1130606248493452	0
6927	0.07591268355243624	0
6928	-0.3662516452162738	0
6929	-0.16052848822658972	0
6930	0.00639074716007431	0
6931	0.031703993817857656	0
6932	-0.06757104038778405	0
6933	-0.5673507515217944	0
6934	-0.07988047612537455	0
6935	-0.24780629394474082	0
6936	0.2449272349089876	0
6937	0.2158511707267626	0
6938	0.24784733207239673	0
6939	-0.1932523356749345	0
6940	0.2200705726082584	0
6941	0.5211142126730357	0
6942	-0.03304428781743695	0
6943	0.501154387532899	0
6944	-0.0646368065080013	0
6945	-0.22642111774185808	0
6946	-0.25129145645264117	0
6947	0.41262758914606007	0
6948	-0.2735581395408734	0
6949	-0.04201273308953582	0
6950	0.2151216778360085	0
6951	-0.08122023363678701	0
6952	0.19102522545384065	0
6953	-0.5837545124463441	0
6954	-0.18906817629435274	0
6955	0.34387420336148067	0
6956	-0.12962560848704047	0
6957	-0.06733544631910371	0
6958	0.12404019997903461	0
6959	0.21843742925530907	0
6960	-0.05903396866392718	0
6961	0.07396341882282463	0
6962	-0.0340356208229689	0
6963	-0.10840173408234785	0
6964	0.12135976003973903	0
6965	-0.3159686665884007	0
6966	-0.11938052121598647	0
6967	0.27926036832852547	0
6968	0.03353112150611321	0
6969	0.1978732893587031	0
6970	0.5442029894671055	0
6971	-0.08315155900210637	0
6972	-0.4662281703784577	0
6973	0.12161887596187015	0
6974	0.01530908955029165	0
6975	-0.1456696075752163	0
6976	0.07145971119534644	0
6977	0.35314792370295134	0
6978	0.0731123029224701	0
6979	-0.016253572813431934	0
6980	-0.8053365082446485	0
6981	-0.13136537204495174	0
6982	-0.11511468377376671	0
6983	0.38175206317934596	0
6984	-0.3200142730166526	0
6985	0.5313277124739785	0
6986	0.01936350007133397	0
6987	0.23635040420129105	0
6988	0.07068622225971528	0
6989	0.2968817748408755	0
6990	0.2538883262249025	0
6991	0.1056262308105016	0
6992	-0.04292704336225435	0
6993	0.358441992966764	0
6994	0.002948696327746407	0
6995	0.10347998709365272	0
6996	0.44941475117131674	0
6997	-0.14546751394050067	0
6998	-0.2657965850999942	0
6999	0.544936794591309	0
7000	-0.17005847779051508	0
7001	0.4385446071954213	0
7002	0.5197481345390081	0
7003	0.12217173582944806	0
7004	0.07125582129654628	0
7005	-0.23363285986751992	0
7006	0.12588405873494252	0
7007	0.011146521994196627	0
7008	0.24432785349863045	0
7009	0.6168956768483754	1
7010	0.07629246797486146	0
7011	-0.1954576486236072	0
7012	-0.48393530851094746	0
7013	0.021598406231940807	0
7014	0.23706638142294734	0
7015	-0.07797006422746819	0
7016	0.2664252957268394	0
7017	0.6444698781217555	1
7018	0.005674878164673025	0
7019	-0.06486704195600615	0
7020	0.10143729227945233	0
7021	-0.06899837047550557	0
7022	0.5088755299486888	0
7023	0.21782369373092306	0
7024	0.28999181664556783	0
7025	0.19366971507996195	0
7026	-0.12201922727352152	0
7027	0.07697106304508632	0
7028	0.22769258207477713	0
7029	-0.28521591346946407	0
7030	0.19984730863120437	0
7031	0.010122471244828717	0
7032	0.29579619617618313	0
7033	0.28240065355096977	0
7034	0.07641173840552933	0
7035	0.439803049824919	0
7036	0.016265808558736168	0
7037	0.596058545271584	1
7038	0.10335938571283626	0
7039	-0.08225201169743868	0
7040	0.11722139101268708	0
7041	0.13522950581993967	0
7042	-0.27753925543813995	0
7043	0.10968704112164074	0
7044	0.0780841269282912	0
7045	-0.1586038228402636	0
7046	-0.3271328052772696	0
7047	-0.44191786969566377	0
7048	0.1915158325687576	0
7049	-0.6072743526980346	0
7050	0.01937522350122299	0
7051	0.16525632667448908	0
7052	-0.30758617067944366	0
7053	0.609018440270569	1
7054	0.4511982651964419	0
7055	-0.14705999941447018	0
7056	-0.24278512326612908	0
7057	0.04020474473872797	0
7058	0.18432368935309695	0
7059	-0.23477672474138617	0
7060	0.048551813410259645	0
7061	0.5087324417434712	0
7062	-0.6349196226121586	0
7063	-0.30007369022305186	0
7064	-0.1630005410280667	0
7065	0.08711983314586125	0
7066	-0.1956142525443299	0
7067	-0.09122557734932248	0
7068	0.15032752931018706	0
7069	-0.6364736754271092	0
7070	0.12639315386239436	0
7071	-0.17212992274730005	0
7072	0.42933214144275	0
7073	-0.13974061618036832	0
7074	-0.07586063679183527	0
7075	-0.10350975363067047	0
7076	-0.3298188867364823	0
7077	0.28965315358680754	0
7078	0.08622146349562293	0
7079	-0.07788626227237834	0
7080	0.16994733226440034	0
7081	0.17818693616020184	0
7082	-0.1822506847531506	0
7083	-0.5013894451391567	0
7084	0.536882175019421	0
7085	0.15342510766408435	0
7086	0.08892768175671986	0
7087	0.24601678734649549	0
7088	-0.8029981063289413	0
7089	-0.24005753324877155	0
7090	-0.12063863104777581	0
7091	0.1670973841848723	0
7092	0.18042186681810096	0
7093	0.2967174288306228	0
7094	-0.27847707961066415	0
7095	0.12280045983928661	0
7096	-0.20596097218872284	0
7097	0.3917112005087232	0
7098	0.3257049877815823	0
7099	-0.028254946418644296	0
7100	0.3860465193606609	0
7101	-0.07321062291336071	0
7102	-0.12627689105712414	0
7103	0.2526898461342628	0
7104	-0.13782796667398373	0
7105	0.14872003776807963	0
7106	-0.350616052264067	0
7107	0.08674933133357905	0
7108	-0.08847981923645586	0
7109	-0.0054053577847935136	0
7110	0.34867621525480663	0
7111	0.061460145357388155	0
7112	-0.45395800864591734	0
7113	0.4587498172524682	0
7114	0.08257716724389477	0
7115	0.2256764237297123	0
7116	-0.08936133417988201	0
7117	-0.39214564247899053	0
7118	-0.00032321902543199334	0
7119	0.3133438951451726	0
7120	0.2634323817427506	0
7121	-0.08777171421718195	0
7122	-0.21651455863657554	0
7123	0.08561278873816458	0
7124	-0.292677328581679	0
7125	-0.2624673536587693	0
7126	-0.19660691426620586	0
7127	0.1929529077755167	0
7128	-0.2335004989311786	0
7129	0.42971370016416166	0
7130	-0.0018424989801635715	0
7131	-0.23183894679291434	0
7132	-0.40623009809643174	0
7133	-0.12760655224150114	0
7134	0.18920899991024004	0
7135	-0.16729967880562724	0
7136	-0.40337636436511887	0
7137	-0.0015867209096225242	0
7138	0.132889864525399	0
7139	-0.30109795831894837	0
7140	-0.373273240368583	0
7141	-0.08390393894726761	0
7142	-0.24728922543605725	0
7143	-0.3576646713711573	0
7144	0.18221183620043876	0
7145	0.4470278422696389	0
7146	-0.0772169088177908	0
7147	-0.4026539454830348	0
7148	0.7344643505380425	1
7149	-0.03976075789148581	0
7150	-0.25814671033772246	0
7151	0.06784260908565286	0
7152	0.04239085064362652	0
7153	-0.23683929660879188	0
7154	-0.08183158402038783	0
7155	0.21813937311115805	0
7156	0.06293040758047788	0
7157	-0.3983698056579426	0
7158	0.1935465406934222	0
7159	0.47362883171535697	0
7160	0.4068872571580757	0
7161	-0.28836649881843646	0
7162	0.25938348029767067	0
7163	-0.1943395137850269	0
7164	-0.05380864337370385	0
7165	-0.3094663943270119	0
7166	0.14796023379616374	0
7167	0.19748755527851702	0
7168	-0.13382829966022367	0
7169	-0.0382677314545947	0
7170	-0.348908832151431	0
7171	-0.6005653855150416	0
7172	-0.31464608073818906	0
7173	-0.15821080267333265	0
7174	0.9205988708647213	1
7175	-0.3276210888317425	0
7176	0.12221615829018505	0
7177	-0.1766368552368577	0
7178	0.46094427257503945	0
7179	0.06691869996089557	0
7180	-0.1441633293433259	0
7181	0.18544759874308958	0
7182	-0.2195436044775458	0
7183	0.24894481761947262	0
7184	-0.2289207350252117	0
7185	0.2259665818042873	0
7186	0.2760994010762773	0
7187	-0.2945093480301573	0
7188	-0.23703681999834436	0
7189	0.013725700581436604	0
7190	-0.23053732778334274	0
7191	-0.2409562473199594	0
7192	0.07079796366687638	0
7193	-0.06864895799531648	0
7194	-0.03351642227381139	0
7195	0.17875056604889344	0
7196	-0.06833813386373612	0
7197	0.022845516389537544	0
7198	-0.007154477349433442	0
7199	0.4198554797542233	0
7200	-0.08155167567378743	0
7201	-0.10624659988120441	0
7202	-0.5282977022648355	0
7203	0.2949597911960836	0
7204	0.3196561837015498	0
7205	-0.2770753369167228	0
7206	-0.26654380300939445	0
7207	0.015401592602493793	0
7208	-0.08773419282193978	0
7209	0.11435770429919831	0
7210	0.10469969467355167	0
7211	-0.33910081449989005	0
7212	-0.16026066204321865	0
7213	0.23792462465258932	0
7214	0.04236101540392962	0
7215	0.08864977799032617	0
7216	0.20181885686049483	0
7217	0.1495774002620523	0
7218	-0.06452845551527556	0
7219	-0.02529551562203962	0
7220	0.10007582741437623	0
7221	0.08366312982559662	0
7222	-0.33985722581461125	0
7223	0.045613479255237455	0
7224	0.32910102903056465	0
7225	-0.24665401695196537	0
7226	0.052136272805451314	0
7227	-0.1535085752179106	0
7228	0.01227165700584094	0
7229	-0.6378037790510767	0
7230	-0.002107953852032073	0
7231	0.1221594298574824	0
7232	-0.028631482231399722	0
7233	-0.24748424025059873	0
7234	-0.3389568525448429	0
7235	0.0347503052161504	0
7236	0.182823670328896	0
7237	0.021389299403036695	0
7238	-0.07179954556585916	0
7239	-0.26036094002249355	0
7240	-0.4136408571381488	0
7241	-0.16237063141086444	0
7242	0.23944076685999455	0
7243	-0.14603943918430917	0
7244	0.22633688016096326	0
7245	-0.06723722572412215	0
7246	0.06529140177614087	0
7247	0.13892858547356732	0
7248	-0.18627049892912284	0
7249	0.1982012170239365	0
7250	0.2055714110375383	0
7251	-0.479189823954567	0
7252	0.569734153802247	0
7253	0.6370466373180652	1
7254	-0.14086923779734398	0
7255	-0.3817329334995897	0
7256	0.1528284516348192	0
7257	0.4459252244067903	0
7258	-0.2872648130474018	0
7259	0.24818767430661798	0
7260	-0.4431014399199208	0
7261	-0.30122013535627157	0
7262	0.3592189058703069	0
7263	-0.12628651673538555	0
7264	-0.22034380780825652	0
7265	0.4231683014525065	0
7266	0.1687341350375745	0
7267	-0.12209852151182049	0
7268	0.037650909966070525	0
7269	-0.04765689193785448	0
7270	-0.15699861831351541	0
7271	-0.18455300718286216	0
7272	-0.11029398227075643	0
7273	-0.39177110772892776	0
7274	-0.11606876696126552	0
7275	0.647473098039794	1
7276	0.3473921794442739	0
7277	-0.04354693373714353	0
7278	-0.23386647695114846	0
7279	0.22778983423354243	0
7280	-0.11777103411287766	0
7281	-0.23494816907511973	0
7282	0.09239659175980955	0
7283	-0.29102951822622325	0
7284	0.002035722972511317	0
7285	-0.28904488329520156	0
7286	-0.5703129079352562	0
7287	0.2464535592322903	0
7288	-0.2740571707657636	0
7289	0.053874699633630924	0
7290	-0.33251555739341876	0
7291	0.31133672811744306	0
7292	-0.5264046996396305	0
7293	0.0671374573255232	0
7294	-0.7083704276723282	0
7295	0.02031538004628533	0
7296	-0.16322075492191404	0
7297	-0.14687811554308022	0
7298	0.17730319686818483	0
7299	0.2115745761091199	0
7300	0.20431782352715855	0
7301	0.48928295853766934	0
7302	-0.013267682044815685	0
7303	0.5150165237639467	0
7304	0.08917010296765751	0
7305	0.27025739831822904	0
7306	0.1338579190054496	0
7307	0.042912608939673594	0
7308	0.04517157365496317	0
7309	0.3243408287433202	0
7310	0.08117282009493815	0
7311	-0.3290032401812405	0
7312	-0.29151474416354406	0
7313	0.2674478782595532	0
7314	-0.00708164400072428	0
7315	-0.25590074261968365	0
7316	-0.2242311531827941	0
7317	-0.0911475474529587	0
7318	0.1536044587655579	0
7319	-0.07392051954579762	0
7320	-0.20257661566624155	0
7321	-0.014604325693182561	0
7322	-0.46265020095066905	0
7323	0.3756562444244286	0
7324	-0.44057334976309287	0
7325	0.34541186614847086	0
7326	0.044396821518010346	0
7327	0.0992425514549755	0
7328	0.28858618695179455	0
7329	-0.1980705567098327	0
7330	0.11063301228763994	0
7331	-0.01614533182060131	0
7332	0.08891789266674016	0
7333	-0.2902908799238588	0
7334	0.43081480926948024	0
7335	-0.09603594931635076	0
7336	0.10401384413420357	0
7337	0.08797122420882889	0
7338	0.4610686883353842	0
7339	0.35168164844782457	0
7340	-0.4671784336293705	0
7341	-0.4087035301941646	0
7342	0.3352509722750181	0
7343	0.1195391392522652	0
7344	0.5155191325360158	0
7345	0.0668091370318592	0
7346	-0.02755528052013484	0
7347	0.019876463072038286	0
7348	0.4185878998604002	0
7349	0.40810045405076184	0
7350	-0.1187204928756686	0
7351	0.5415964432425986	0
7352	-0.1573620046626099	0
7353	0.3017228593241792	0
7354	-0.1726842680773969	0
7355	-0.4237722411970984	0
7356	-0.11118143845526682	0
7357	0.1351848877895584	0
7358	-0.3349870157919226	0
7359	-0.3790635112755204	0
7360	-0.02336637032669351	0
7361	0.03991268724859541	0
7362	0.283771565797618	0
7363	-0.4031487606309453	0
7364	-0.1200985743108449	0
7365	-0.05170427814158804	0
7366	0.08411406417622128	0
7367	0.28426954842452734	0
7368	-0.09532049883353327	0
7369	0.14060149403773325	0
7370	-0.09334977656807186	0
7371	-0.2709749948268604	0
7372	0.016436292082559433	0
7373	-0.08169253157954948	0
7374	0.41392816201624255	0
7375	-0.12418824191220282	0
7376	-0.4318569448658223	0
7377	-0.3334392190335629	0
7378	0.3193797571395507	0
7379	-0.09070979594736803	0
7380	0.3810718312032894	0
7381	0.07215879022449909	0
7382	0.3149811459882016	0
7383	0.16048771323333813	0
7384	-0.12373358875723636	0
7385	-0.5032648911465967	0
7386	0.6228895766520375	1
7387	0.6591882933930624	1
7388	-0.02821064294486099	0
7389	-0.2667321334614071	0
7390	0.049067601787911294	0
7391	-0.12652386012206931	0
7392	-0.2592277555476511	0
7393	-0.11291633950066574	0
7394	0.5926208449332526	0
7395	-0.4315255440761524	0
7396	-0.408781100977042	0
7397	0.05984533369892127	0
7398	-0.011231395520072832	0
7399	0.4253429688385487	0
7400	-0.28430319724297176	0
7401	0.07895228419767096	0
7402	-0.484197591490902	0
7403	-0.1392964468268042	0
7404	-0.10948808219783113	0
7405	-0.3352213504997342	0
7406	-0.017595486186080166	0
7407	-0.02772209705626596	0
7408	0.11524962168068094	0
7409	0.11471075170529572	0
7410	-0.25637138430458406	0
7411	-0.016505166590420794	0
7412	-0.004473194138665339	0
7413	-0.24249654827197675	0
7414	-0.26064295911257085	0
7415	-0.19585957547899685	0
7416	-0.10722969789060574	0
7417	-0.02223695368069759	0
7418	-0.021096802873955274	0
7419	0.19033064984394038	0
7420	0.009876530765206287	0
7421	0.3478781494349611	0
7422	0.20458135527888532	0
7423	0.260109927928439	0
7424	-0.3186510797540868	0
7425	-0.6010032823728135	0
7426	-0.24550236273007603	0
7427	0.036702960966768755	0
7428	0.16448032417841518	0
7429	0.012416988399827956	0
7430	-0.13806808118019442	0
7431	-0.38834244573034016	0
7432	0.3983367411473764	0
7433	0.249141655298596	0
7434	0.34664794930672244	0
7435	-0.08674815003732936	0
7436	-0.2144520113151508	0
7437	0.1560273724580546	0
7438	-0.15281695972969014	0
7439	-0.04162329100419569	0
7440	0.1263762536860591	0
7441	-0.3857659366365259	0
7442	0.19919425350074543	0
7443	0.31458424863886686	0
7444	0.0240011102344144	0
7445	-0.0444591796402643	0
7446	-0.1630822790051934	0
7447	0.668114515130423	1
7448	0.08496665966053271	0
7449	-0.014142490499741055	0
7450	0.08739988422076003	0
7451	-0.2709824107505045	0
7452	-0.001402855129331132	0
7453	0.1278035897036558	0
7454	0.029085074061823594	0
7455	0.13583188826301662	0
7456	0.3927273615602198	0
7457	0.08221175381215498	0
7458	-0.44615948916278414	0
7459	-0.11392256667274228	0
7460	-0.186633760916726	0
7461	-0.2432835582356856	0
7462	-0.22930393569419708	0
7463	0.07837589779350707	0
7464	0.3149105405215934	0
7465	-0.36460280772902043	0
7466	0.2957727712635415	0
7467	0.10392567406600228	0
7468	0.19250905055526685	0
7469	0.01515449555479793	0
7470	-0.3134029300198128	0
7471	0.0035558829506923298	0
7472	0.1104455557400506	0
7473	0.33693465999689326	0
7474	0.49018584769992535	0
7475	-0.5847737317514453	0
7476	0.24075518403588386	0
7477	0.08471193751284292	0
7478	-0.03737498341105765	0
7479	0.20219353330360015	0
7480	0.43549081430821646	0
7481	0.3316067315085557	0
7482	-0.15944312177744438	0
7483	0.04012291847084532	0
7484	-0.5678593476985909	0
7485	-0.07813198857612583	0
7486	0.19652910303311838	0
7487	0.06239010172719904	0
7488	-0.09085157864731758	0
7489	-0.14382366828251547	0
7490	-0.17873122423481014	0
7491	0.008530737369294375	0
7492	0.5779680697215881	0
7493	-0.6835595107551499	0
7494	0.04561197836326041	0
7495	0.2285542132664285	0
7496	0.38051637391680937	0
7497	0.2592413631394575	0
7498	0.17204059808798405	0
7499	0.24032466314110806	0
7500	0.010003600461554744	0
7501	-0.263624827848746	0
7502	-0.1283358128460611	0
7503	0.04904643707413593	0
7504	-0.31458574492720404	0
7505	0.11248278564720998	0
7506	-0.06844798987075774	0
7507	-0.3789788391791702	0
7508	-0.038023138309569486	0
7509	-0.29935540562068796	0
7510	-0.12280753139728087	0
7511	-0.1484468725410621	0
7512	0.0967158569015463	0
7513	0.3929037748092732	0
7514	-0.07754725816003788	0
7515	-0.6993484653049493	0
7516	-0.47190006687155556	0
7517	-0.09109017112073864	0
7518	0.10004449282570907	0
7519	0.07080382992688862	0
7520	-0.22180132204286662	0
7521	-0.14837241449076166	0
7522	0.04302669606917602	0
7523	0.17194041710686075	0
7524	0.07256363342196849	0
7525	-0.10167985458502993	0
7526	0.3549226381024387	0
7527	0.211585704836233	0
7528	-0.24380869864186372	0
7529	-0.1917896346712188	0
7530	-0.08593899407046199	0
7531	0.15823841879122236	0
7532	-0.2497849383666751	0
7533	0.15540264639032964	0
7534	-0.021661221415016058	0
7535	0.23637716056918617	0
7536	0.1660321847722405	0
7537	-0.04110295334798611	0
7538	0.05038867326632876	0
7539	-0.3300751497194605	0
7540	-0.02023155291010826	0
7541	0.19991550534668173	0
7542	-0.01721907211784776	0
7543	0.21290784217008246	0
7544	0.12159355233834124	0
7545	-0.08115316228595557	0
7546	-0.15183154396410706	0
7547	-0.44059995762981885	0
7548	0.21271003935333885	0
7549	0.5585433619674715	0
7550	-0.4635529600033629	0
7551	-0.07581326042870123	0
7552	0.07249797637713785	0
7553	-0.08995194362568681	0
7554	-0.2592752976444124	0
7555	0.01347894372921282	0
7556	0.17184209215219948	0
7557	0.25696716175844064	0
7558	0.026766410601984765	0
7559	0.4609808154654906	0
7560	-0.0911367604299172	0
7561	0.048155725295056566	0
7562	0.03905879783548125	0
7563	-0.05281115387431164	0
7564	-0.07006975586829177	0
7565	0.08871542671691846	0
7566	0.2741310955726348	0
7567	0.278544967939669	0
7568	-0.11865573843252394	0
7569	-0.10733233744965502	0
7570	0.11775060146187144	0
7571	0.4165410145170644	0
7572	0.3305985168731029	0
7573	0.28791883641875565	0
7574	0.1363789522792432	0
7575	0.20749461244757783	0
7576	-0.13309020013495282	0
7577	0.1905680389647576	0
7578	0.2461735747190792	0
7579	-0.30251580319222043	0
7580	0.17675201623680303	0
7581	0.08683351266627787	0
7582	-0.15523221145703056	0
7583	0.1318743555278382	0
7584	0.6784243913431172	1
7585	0.14779665966131691	0
7586	-0.014368136241225245	0
7587	0.18734396545941617	0
7588	0.04733958470556014	0
7589	-0.05437591927237059	0
7590	-0.03696387559543822	0
7591	0.8338948437702556	1
7592	0.39202177751785977	0
7593	0.21108533868079524	0
7594	-0.2406776485685329	0
7595	0.5160772428070002	0
7596	0.22924816074679244	0
7597	0.061959604981634095	0
7598	-0.050935738382841406	0
7599	-0.010536914792448053	0
7600	0.05776193907838974	0
7601	-0.14692612587708304	0
7602	-0.3694957778015474	0
7603	0.02556695128258154	0
7604	-0.0526269660600355	0
7605	-0.4899350487673282	0
7606	-0.26186783138410863	0
7607	-0.11235802676465506	0
7608	-0.10968986944792264	0
7609	-0.25264355567597546	0
7610	0.1798309517042068	0
7611	0.18949668302010828	0
7612	-0.3162118092055502	0
7613	-0.13175596277383364	0
7614	0.3539272419441709	0
7615	0.6555010199363278	1
7616	0.07401012544160647	0
7617	0.3337691668928669	0
7618	-0.353542030637374	0
7619	0.3520083360963947	0
7620	-0.5659162307935317	0
7621	-0.28390080311146204	0
7622	-0.2758725125527398	0
7623	-0.06126452448200735	0
7624	0.007414403050686974	0
7625	0.03051757516425459	0
7626	-0.11675613505978387	0
7627	0.305392165258355	0
7628	-0.08438491431736274	0
7629	0.04633503965364105	0
7630	0.10790543415651152	0
7631	-0.14224331601246848	0
7632	-0.07239747913383061	0
7633	-0.05179011441056659	0
7634	0.015081767780340798	0
7635	-0.14520018882932292	0
7636	-0.32184684606662656	0
7637	0.31155220192133026	0
7638	-0.08863368045609027	0
7639	0.006213412375701903	0
7640	-0.3725261043777052	0
7641	0.11879541684144423	0
7642	0.27523912471169	0
7643	0.12492083520129807	0
7644	0.31863022552542203	0
7645	-0.06514352861177619	0
7646	0.054912398898613386	0
7647	0.021945157973272185	0
7648	0.181763279142321	0
7649	-0.3161336930981315	0
7650	0.1479945650042301	0
7651	-0.24546930471137124	0
7652	-0.1647828480867003	0
7653	-0.12016564920889136	0
7654	-0.19050031317355182	0
7655	-0.1798538877751335	0
7656	0.06412984246914497	0
7657	-0.22228432755950583	0
7658	0.0158648963650744	0
7659	0.10019287710424299	0
7660	-0.11458943064052238	0
7661	-0.36549785424228376	0
7662	-0.2804407072995965	0
7663	-0.28844403235847904	0
7664	-0.11482878385748257	0
7665	0.2796646137180753	0
7666	-0.1764195679228057	0
7667	0.118643254523954	0
7668	-0.3927750094032145	0
7669	0.47360362363775743	0
7670	0.16233864774967158	0
7671	-0.03781468600181196	0
7672	-0.19243044050184488	0
7673	-0.17064752256182203	0
7674	-0.056532297060236394	0
7675	0.06506265403517715	0
7676	-0.5332319835757021	0
7677	0.08655440560868342	0
7678	0.04249214895703756	0
7679	-0.05466358730152585	0
7680	0.09435011635651018	0
7681	0.3587660193769838	0
7682	0.5161143301716095	0
7683	-0.4292302542195455	0
7684	0.0049939376499953565	0
7685	-0.46704957870274594	0
7686	-0.3104884562563971	0
7687	0.05680085433520503	0
7688	-0.24549544654800678	0
7689	-0.7988059932700251	0
7690	-0.2922225126719744	0
7691	-0.5252494737332731	0
7692	0.16598112568737292	0
7693	-0.32970180049542064	0
7694	0.3085317962715374	0
7695	-0.019910630641282796	0
7696	-0.02386867379513668	0
7697	0.32743703442024497	0
7698	0.19327391760291562	0
7699	0.09425127177405211	0
7700	0.11976779809260454	0
7701	-0.17104205540800682	0
7702	0.11374922228684184	0
7703	-0.032085510178199265	0
7704	0.038515534478664834	0
7705	0.23010986282729873	0
7706	-0.45160999836103466	0
7707	0.2408493728079074	0
7708	0.12176937550040676	0
7709	0.13423171761613162	0
7710	-0.34373039579190856	0
7711	-0.16872628630302627	0
7712	0.07121047483875874	0
7713	0.1004340850777625	0
7714	-0.03630751938190811	0
7715	0.23855806247171113	0
7716	-0.3827757702519227	0
7717	0.10372273744701765	0
7718	-0.36084185139818353	0
7719	0.058939697334516164	0
7720	0.2632771488765026	0
7721	-0.2087061458747747	0
7722	-0.13007273544252845	0
7723	-0.19340052213715397	0
7724	-0.07682011202434343	0
7725	-0.09554188682635492	0
7726	0.09108426907747535	0
7727	0.06644140917535349	0
7728	-0.4054763761766243	0
7729	-0.07479336469188783	0
7730	-0.00027486655373244203	0
7731	-0.4647668602983547	0
7732	0.1674549696976516	0
7733	-0.010436689561507916	0
7734	0.2718019580437332	0
7735	-0.3884311485462722	0
7736	-0.1652949256399837	0
7737	0.037975488045973047	0
7738	-0.23250538992381253	0
7739	0.15099467750865134	0
7740	0.3587708398592947	0
7741	0.0431371838756569	0
7742	-0.1877894386047964	0
7743	0.5251001367767494	0
7744	0.0830425896949804	0
7745	-0.6091244775692833	0
7746	0.20659931147155963	0
7747	0.046545801171144145	0
7748	-0.18774255426205744	0
7749	0.20280629182248508	0
7750	0.0969635588102263	0
7751	0.06333688250325584	0
7752	-0.36692038235259794	0
7753	-0.024160945931750243	0
7754	-0.03278942448855777	0
7755	-0.22139034437955407	0
7756	0.01666287283131588	0
7757	-0.0543959957251752	0
7758	0.2094719512643897	0
7759	-0.1243850484189587	0
7760	0.44353229922667237	0
7761	0.24423674139565454	0
7762	-0.22918273722506405	0
7763	-0.134982837378402	0
7764	0.3793699318393407	0
7765	0.16376430563777272	0
7766	-0.3864170299229031	0
7767	-0.0049116043157513695	0
7768	0.10283463817383708	0
7769	0.1944207301021437	0
7770	0.36396031685804353	0
7771	-0.3159636656608052	0
7772	-0.017001499051358213	0
7773	0.16896513740005703	0
7774	0.01846980527937479	0
7775	0.04271015422206718	0
7776	0.09587350319876722	0
7777	-0.5678515870306504	0
7778	-0.07697374094630385	0
7779	0.6146392049923459	1
7780	-0.06590721594035741	0
7781	-0.3076803611565688	0
7782	0.22514784814591393	0
7783	0.08720774247279646	0
7784	-0.0018630887398486617	0
7785	-0.34274195772572025	0
7786	0.13631319353981333	0
7787	0.2284916444669465	0
7788	0.0039903191706799224	0
7789	0.22048525863377152	0
7790	-0.27153145614286267	0
7791	-0.18471367330296462	0
7792	0.11615402006113747	0
7793	0.13230324343824637	0
7794	0.0761535233310902	0
7795	-0.3964059303099139	0
7796	0.530570917201638	0
7797	-0.0497006158970254	0
7798	0.0996047446978793	0
7799	0.037817855374524395	0
7800	-0.09831964886783962	0
7801	0.22805642571164925	0
7802	0.36220769392109453	0
7803	0.34164710177093915	0
7804	-0.2289074537936291	0
7805	0.2682890900307012	0
7806	-0.016337344339768668	0
7807	-0.14546899810580552	0
7808	-0.18129878189507231	0
7809	0.2530998137716419	0
7810	-0.02575514387710453	0
7811	0.2228968020513714	0
7812	-0.0910624523611577	0
7813	-0.24520470920605342	0
7814	-0.2709103803578948	0
7815	-0.14766772014068796	0
7816	0.15262222106148776	0
7817	0.02428653200252924	0
7818	0.4395893436086825	0
7819	-0.2036374675526662	0
7820	-0.07080842588980783	0
7821	-0.12789140543059893	0
7822	-0.3125240964723227	0
7823	-0.4057152499474849	0
7824	0.12376536952171631	0
7825	0.587320406848595	0
7826	-0.246656883406422	0
7827	0.6741939703523165	1
7828	0.09404196715599475	0
7829	0.4045927712547486	0
7830	-0.24221549169693263	0
7831	0.09146332696638243	0
7832	0.03410840323120014	0
7833	0.007538795085571799	0
7834	-0.19871736203011045	0
7835	0.18794137827076512	0
7836	-0.5000991104943113	0
7837	0.025404710221016483	0
7838	0.20868186569162017	0
7839	-0.21410059539198256	0
7840	0.06910568508938814	0
7841	-0.41042099732968884	0
7842	-0.14357004380875335	0
7843	-0.39791119255049756	0
7844	0.011052099957987838	0
7845	0.4525990008480729	0
7846	0.27545648125411004	0
7847	-0.1299875446482393	0
7848	-0.12515389991654663	0
7849	0.3016526435328357	0
7850	-0.2569164367453627	0
7851	0.06282418588621058	0
7852	-0.15186006310381384	0
7853	-0.008169026233083174	0
7854	0.4901234374382284	0
7855	-0.2887779532947561	0
7856	0.4168805964082385	0
7857	0.2320672100334581	0
7858	0.24382186631571282	0
7859	-0.19262503793394783	0
7860	-0.14092611845514744	0
7861	0.3136645819940961	0
7862	0.030473226343241146	0
7863	-0.1273647178884127	0
7864	-0.27861951487430875	0
7865	-0.21203548049318682	0
7866	-0.412960905711104	0
7867	0.13148654073992777	0
7868	-0.3465463737733785	0
7869	0.05872277704017806	0
7870	-0.49904863196219074	0
7871	0.013923807423714499	0
7872	-0.321459114590814	0
7873	0.4126707519741394	0
7874	0.5499173780419313	0
7875	-0.1463147593127107	0
7876	-0.05424141398902459	0
7877	0.25071691599111434	0
7878	0.02227065162752272	0
7879	0.251950348417471	0
7880	0.08961891891962034	0
7881	0.11958210829327906	0
7882	-0.16787698620759525	0
7883	0.7225894804621056	1
7884	0.5245775132798705	0
7885	-0.2876761162468557	0
7886	-0.3144456933333581	0
7887	0.28750078306064303	0
7888	0.13002768212381022	0
7889	-0.17473525434451492	0
7890	-0.22289195648247068	0
7891	0.01795683977863156	0
7892	0.150284293188096	0
7893	0.008418410455536925	0
7894	-0.006107793069862902	0
7895	-0.020573419004676127	0
7896	0.0636989702756373	0
7897	-0.05530095873876477	0
7898	0.13442057206305758	0
7899	-0.10323251792337002	0
7900	-0.11457813153779273	0
7901	0.14138190115189056	0
7902	0.5549044804933971	0
7903	-0.20507915006769328	0
7904	0.06422470750782219	0
7905	-0.14530163554926323	0
7906	-0.45820209689280145	0
7907	0.4596011176606713	0
7908	-0.3035556220445672	0
7909	-0.21938173207277123	0
7910	-0.6093129746448434	0
7911	-0.32233783792888493	0
7912	0.12651796908605312	0
7913	0.4120840685423539	0
7914	-0.13260580970492888	0
7915	-0.12054194972778608	0
7916	0.0981078848393449	0
7917	0.08889741264716902	0
7918	0.22390317739664256	0
7919	-0.32533861795801927	0
7920	0.013317248428248954	0
7921	-0.2979056538005993	0
7922	-0.14654094891652839	0
7923	-0.27019553234666643	0
7924	-0.03215265164688899	0
7925	0.15593854022051068	0
7926	0.5953128882523658	1
7927	-0.1157266979517812	0
7928	-0.12745730576112782	0
7929	0.2966765984218859	0
7930	-0.14080637453784467	0
7931	-0.26077597866698077	0
7932	0.5260735571247263	0
7933	-0.3235217390185975	0
7934	-0.0017069011706286694	0
7935	-0.1950515807493184	0
7936	-0.11246224723316597	0
7937	0.2201169693948845	0
7938	0.11041931197005449	0
7939	-0.14034138578306365	0
7940	0.3258230878735151	0
7941	0.09175701165476308	0
7942	-0.23452765770781642	0
7943	0.010115848332691274	0
7944	0.18113766471249995	0
7945	-0.36451981444886394	0
7946	0.04153657028870062	0
7947	0.19383111003390463	0
7948	-0.5200113521185716	0
7949	-0.226554520304492	0
7950	0.02135144013745717	0
7951	-0.22160715508018153	0
7952	-0.08823357273333633	0
7953	0.03336297109414427	0
7954	0.15665831617352327	0
7955	-0.2276931952206667	0
7956	0.21175266649377156	0
7957	-0.1363026263305113	0
7958	0.0492051274303026	0
7959	-0.06617302911131111	0
7960	-0.018688184644783973	0
7961	-0.40779030884902484	0
7962	-0.25493482761795316	0
7963	0.10665945590676895	0
7964	-0.43332639459507505	0
7965	0.06635790507117846	0
7966	-0.11891090989092426	0
7967	-0.17820500931332747	0
7968	0.33343847806851246	0
7969	0.0472127061583881	0
7970	-0.018541301669705513	0
7971	0.0874691595757307	0
7972	0.1449678169931901	0
7973	-0.6156648946575964	0
7974	0.19788362960937966	0
7975	-0.002569947971313169	0
7976	0.03959412144808287	0
7977	-0.07036199016325544	0
7978	-0.07881384789697213	0
7979	-0.45848550788223075	0
7980	-0.1738448071920208	0
7981	0.1390270788441865	0
7982	0.3306885679370469	0
7983	-0.22576979420128668	0
7984	-0.17299582182900883	0
7985	-0.16304223883022018	0
7986	-0.2052250918639258	0
7987	0.11047815567509069	0
7988	0.08820318702835293	0
7989	0.07116303722126993	0
7990	-0.040151229039412636	0
7991	0.18065136821219815	0
7992	0.233936111861903	0
7993	-0.12943802494318624	0
7994	-0.04751525384037438	0
7995	-0.12268329995938596	0
7996	-0.16452552274761656	0
7997	-0.007970401288944148	0
7998	-0.029248539136726953	0
7999	0.039827668112303344	0
8000	-0.026002580939409402	0
8001	0.5532764745332304	0
8002	0.14587333797893712	0
8003	-0.05156244648149626	0
8004	-0.2914496120520535	0
8005	0.1793512197214006	0
8006	-0.06771176759266923	0
8007	-0.12485468254970795	0
8008	-0.1351236697134225	0
8009	-0.10896368090419999	0
8010	-0.10599716654617022	0
8011	0.03386052764088911	0
8012	0.22669467925905507	0
8013	0.25820626131301855	0
8014	0.0823375750199985	0
8015	0.3134884938478246	0
8016	0.09334144680396095	0
8017	0.1251666878290274	0
8018	0.20892734087216686	0
8019	0.39743146742857904	0
8020	-0.16761642835644322	0
8021	-0.3524258556933568	0
8022	-0.29439229665041683	0
8023	0.6062041818964667	1
8024	0.20003831734857597	0
8025	0.07154664904725418	0
8026	-0.035089192624201834	0
8027	0.12944542258859032	0
8028	0.16647011649401922	0
8029	0.14535809288950668	0
8030	-0.548415758675473	0
8031	0.2859243480101318	0
8032	-0.44187493066277816	0
8033	0.6086180174789129	1
8034	-0.10445620169996875	0
8035	-0.09533352027492972	0
8036	-0.35249220372831225	0
8037	-0.020404769013899315	0
8038	0.0005398342143990082	0
8039	0.2641751269528895	0
8040	0.2673015536635755	0
8041	0.014268165493298074	0
8042	0.03874120436484843	0
8043	-0.35037715494915833	0
8044	0.2083421570043259	0
8045	0.10503039109439682	0
8046	-0.16242651376564005	0
8047	-0.09401634467091852	0
8048	-0.27245763504731446	0
8049	0.29025249451328655	0
8050	-0.20130434453661109	0
8051	0.3671378196055971	0
8052	0.18098299119721323	0
8053	0.24846730093916472	0
8054	-0.027001592927245723	0
8055	0.020165485769652894	0
8056	0.2269193930827852	0
8057	0.039433899057942326	0
8058	0.4111434756467499	0
8059	-0.4977333719783028	0
8060	-0.15202726460570565	0
8061	0.6276063363959585	1
8062	0.4880335906255163	0
8063	0.18595487195290322	0
8064	0.45378618288160355	0
8065	-0.20255098512903108	0
8066	-0.30303179603086844	0
8067	0.40187735257150753	0
8068	-0.26122088402315413	0
8069	0.16461915577448394	0
8070	0.10368782424999358	0
8071	-0.29597554935982473	0
8072	-0.05075418140264592	0
8073	0.3400595274418883	0
8074	-0.13587888921207553	0
8075	-0.03145531968213079	0
8076	0.08941945809733323	0
8077	0.08191409586276362	0
8078	-0.4021714999614652	0
8079	0.05492901849467609	0
8080	0.12391184564250188	0
8081	-0.07491567871496178	0
8082	-0.26510168105793597	0
8083	0.09587269123304701	0
8084	-0.1001367604045088	0
8085	0.264784672139151	0
8086	0.3536579692814711	0
8087	-0.03879125789677909	0
8088	0.2835937439885713	0
8089	-0.24673056003143518	0
8090	-0.09598491254858171	0
8091	-0.06124291729199917	0
8092	-0.05111513816287434	0
8093	-0.2160169250434203	0
8094	0.11659064991924076	0
8095	-0.40971528370006116	0
8096	0.06481721304510284	0
8097	0.31534811826235803	0
8098	-0.1881988169893905	0
8099	0.0451201138065465	0
8100	0.2569893241911178	0
8101	0.44286947838567126	0
8102	-0.18153390107982237	0
8103	-0.07650277685017356	0
8104	0.2583601863619347	0
8105	0.10201956136334481	0
8106	-0.5567004756921587	0
8107	0.11248145974487403	0
8108	-0.15372044853836137	0
8109	0.02743558672957854	0
8110	0.039897396541962594	0
8111	0.27861107390323075	0
8112	-0.12325294563109358	0
8113	-0.05860330527623364	0
8114	0.3902498159128902	0
8115	0.36289011071771543	0
8116	0.044346648721910964	0
8117	-0.39874884467850036	0
8118	0.29310815942967167	0
8119	-0.29549734071873895	0
8120	0.24839217004142544	0
8121	0.08456826502007328	0
8122	-0.14482029686806525	0
8123	0.21453069778058034	0
8124	0.2290501776843541	0
8125	0.10047734092691449	0
8126	0.352441032255716	0
8127	-0.02722386701705083	0
8128	-0.04051699053326136	0
8129	0.10976954419817855	0
8130	-0.08814443438477444	0
8131	-0.33306058242490844	0
8132	0.03797939562051076	0
8133	-0.37676719732631914	0
8134	0.3272837721016564	0
8135	0.12899511615822007	0
8136	0.35423229779899634	0
8137	-0.3447627189267907	0
8138	0.19828513420621002	0
8139	0.30988074928190296	0
8140	0.05474999663666838	0
8141	0.0022123621217688518	0
8142	0.04239434867153	0
8143	0.1301427234351761	0
8144	-0.6516071674907009	0
8145	0.42672723737505247	0
8146	0.05357997940204501	0
8147	0.17605196541272333	0
8148	0.23799339572192202	0
8149	-0.044522524009900345	0
8150	0.3280927286013994	0
8151	0.06634473278277644	0
8152	-0.07251058491981202	0
8153	0.06985491437436006	0
8154	0.13485511780512321	0
8155	-0.13660009009775984	0
8156	-0.42359575780870473	0
8157	-0.48229035430084194	0
8158	-0.011212652995543363	0
8159	0.5470223896599731	0
8160	-0.024212705054045516	0
8161	0.0034033811740022558	0
8162	-0.07010311458591767	0
8163	0.1391804224106928	0
8164	0.286087015756645	0
8165	0.7767930748170071	1
8166	-0.38677075020580504	0
8167	-0.24229713081254317	0
8168	0.16467162489590315	0
8169	0.005567633986838175	0
8170	-0.18578186820108683	0
8171	0.17868378770471546	0
8172	0.48963064103485354	0
8173	0.2720310677561412	0
8174	0.2936317557280327	0
8175	0.1409697875888349	0
8176	-0.11326273488927083	0
8177	-0.21267381199110985	0
8178	-0.31956173802822746	0
8179	-0.3959228503094233	0
8180	0.19635118333929247	0
8181	0.6036501573233384	1
8182	-0.03849932040210794	0
8183	0.019193054135820113	0
8184	0.17642776641028704	0
8185	0.4079090483606157	0
8186	0.28210569517991785	0
8187	-0.04398637998962483	0
8188	0.00315886808509717	0
8189	-0.32027710270724774	0
8190	-0.46782299051314213	0
8191	0.08681167767527784	0
8192	0.18713794535501055	0
8193	0.10648588278258816	0
8194	0.05923927471070142	0
8195	0.4277841597240255	0
8196	0.25119059804929755	0
8197	0.04539777045040137	0
8198	0.08266313544950252	0
8199	0.15534203873574776	0
8200	-0.1824525471551335	0
8201	0.0781534586976943	0
8202	-0.3255126917459086	0
8203	-0.18861808477073866	0
8204	-0.18746433621398442	0
8205	0.1461946664652145	0
8206	-0.14604429634317753	0
8207	-0.24894294634201092	0
8208	0.10830730176767232	0
8209	-0.05457060730004315	0
8210	-0.1415237930978185	0
8211	-0.3595611517082564	0
8212	-0.1437573472447728	0
8213	-0.007678677424192877	0
8214	-0.11436751479810886	0
8215	0.2920096814150075	0
8216	0.5080194491227124	0
8217	0.24241425658113655	0
8218	-0.40296088741884767	0
8219	0.1627339684734701	0
8220	0.0305745777702867	0
8221	-0.07900913023217443	0
8222	0.3757854142436603	0
8223	-0.3026040655926374	0
8224	-0.027193198833882246	0
8225	-0.3374940275417655	0
8226	-0.1033101912054922	0
8227	0.1074671347395012	0
8228	-0.7950283897238605	0
8229	-0.4448902476666856	0
8230	0.3418705916595183	0
8231	0.10032164123501189	0
8232	-0.23590378868668116	0
8233	-0.05175122693928748	0
8234	0.011990203840436722	0
8235	-0.1167509022943553	0
8236	0.1270069080927393	0
8237	0.11782467081090596	0
8238	-0.3347552835189095	0
8239	0.31969429253805115	0
8240	-0.26571917792131683	0
8241	-0.1614163681091729	0
8242	-0.19272269508669654	0
8243	-0.2912997341327305	0
8244	0.05681188587380122	0
8245	-0.3156725757951793	0
8246	-0.0053596005396524165	0
8247	-0.08810568853651086	0
8248	0.007941957745730909	0
8249	-0.29897997898106965	0
8250	-0.02312304119352654	0
8251	0.22717233897389202	0
8252	-0.6370763642814997	0
8253	-0.20060062749211033	0
8254	0.0944723822851587	0
8255	-0.44731695468529276	0
8256	0.20362708555070808	0
8257	0.39589998685102723	0
8258	-0.20256003695126445	0
8259	-0.0065787156808223045	0
8260	-0.11837891948793675	0
8261	0.33474831916596876	0
8262	0.2676975254831616	0
8263	-0.10108681823741619	0
8264	-0.07271691049269048	0
8265	-0.299363993504567	0
8266	-0.030894347213202326	0
8267	-0.19793679707781348	0
8268	0.045998729807792245	0
8269	-0.20062984240205983	0
8270	0.40566831735099784	0
8271	0.5495767033822349	0
8272	0.01853462990094521	0
8273	-0.3090623142231378	0
8274	0.4612649694554698	0
8275	0.17941569796232948	0
8276	-0.08921967404465825	0
8277	-0.043555490334113614	0
8278	-0.1282235318986158	0
8279	-0.1271351791345225	0
8280	0.19490315626707075	0
8281	0.2558855736989787	0
8282	-0.10373508227907866	0
8283	0.25341656958113423	0
8284	0.241220369730209	0
8285	-0.05635966090021601	0
8286	-0.20283635258753135	0
8287	-0.3122898707582388	0
8288	0.07921313527816683	0
8289	-0.4206904037782988	0
8290	0.272034022671765	0
8291	0.55229810354861	0
8292	0.0016635768334470264	0
8293	0.2905408134966838	0
8294	0.3371411675827003	0
8295	0.1447629269474548	0
8296	0.17324998290521146	0
8297	-0.38367065434106506	0
8298	-0.007843868369368191	0
8299	-0.07062856234765907	0
8300	0.31836275361342103	0
8301	0.028721052211460655	0
8302	0.18022579351097728	0
8303	-0.41755045840113636	0
8304	0.05948248028766551	0
8305	0.06206786450006664	0
8306	0.14760518428928496	0
8307	0.16019655586701348	0
8308	0.048194152098218895	0
8309	-0.3912251275141384	0
8310	0.244263520338976	0
8311	0.07808996069713797	0
8312	-0.11440937711121742	0
8313	0.016092936990594147	0
8314	0.2869192804203069	0
8315	0.054765559093447005	0
8316	0.3476497724056507	0
8317	-0.12368868725752596	0
8318	0.011570484797420422	0
8319	-0.6207922272193016	0
8320	0.21418346840335983	0
8321	-0.3229666355401938	0
8322	0.05201123905230805	0
8323	-0.13978068149841982	0
8324	0.05066887073875556	0
8325	0.12287128376185971	0
8326	0.28714499751847133	0
8327	0.35110464500114624	0
8328	0.06190123327602133	0
8329	-0.16408675463538253	0
8330	0.08023866582600188	0
8331	0.23306822005256306	0
8332	-0.07840073211076157	0
8333	0.12276978765254196	0
8334	-0.1449696860687135	0
8335	0.30991996899079105	0
8336	0.07868479846192675	0
8337	0.2615645398252875	0
8338	0.17410121672036244	0
8339	-0.25486057451885036	0
8340	0.09374457185431201	0
8341	0.13853348052671483	0
8342	0.33204413102340263	0
8343	0.048725898235682644	0
8344	0.13556250169418124	0
8345	0.16570197498727424	0
8346	-0.2998166295929554	0
8347	0.30571773526950435	0
8348	-0.2350121932761517	0
8349	0.0260696796755141	0
8350	0.4023958626747515	0
8351	-0.15732454083987596	0
8352	0.07939021318574654	0
8353	0.03610730198300614	0
8354	-0.3988010859710289	0
8355	-0.12276970196262699	0
8356	-0.21158406534671148	0
8357	0.20156270101418688	0
8358	-0.17313517871849224	0
8359	0.055245599777939663	0
8360	-0.1671375011209656	0
8361	0.01834190437525869	0
8362	0.22203818218604024	0
8363	-0.4486830213111111	0
8364	-0.3464668166036083	0
8365	-0.24007284550172026	0
8366	0.16198959696029802	0
8367	0.04090660537094708	0
8368	0.005207184374852984	0
8369	0.11011219206689077	0
8370	0.1533416181808642	0
8371	0.21720505477412677	0
8372	-0.05296165906176608	0
8373	-0.02384017949471274	0
8374	0.019602274509659158	0
8375	-0.06641923654928782	0
8376	-0.4324715704496719	0
8377	0.12286063435839777	0
8378	0.371397455609503	0
8379	0.09989142016510275	0
8380	-0.014806072745478467	0
8381	0.10460514123752992	0
8382	-0.005734356048757133	0
8383	0.019574744518628638	0
8384	-0.4713854196983556	0
8385	0.08645789672012347	0
8386	0.10688180589632765	0
8387	0.49687373494637876	0
8388	0.113545283035864	0
8389	0.14771813348110518	0
8390	-0.030428886342536494	0
8391	0.10166176662005802	0
8392	0.06531578476362195	0
8393	0.24714104296992523	0
8394	-0.4243693322788359	0
8395	-0.30907976347759086	0
8396	0.020923704269928366	0
8397	-0.07478869999479687	0
8398	-0.1314490398839801	0
8399	0.09354450212652823	0
8400	0.2186370298654155	0
8401	0.14811252935198974	0
8402	0.009516813670695339	0
8403	-0.12463786098479737	0
8404	-0.3601673807637138	0
8405	0.16400796877669366	0
8406	0.30581110146705553	0
8407	0.23263286677894754	0
8408	0.14973398271874624	0
8409	0.40154982327778643	0
8410	0.03457508651571492	0
8411	-0.14484563549685098	0
8412	-0.3269507274405946	0
8413	-0.22935705457522132	0
8414	0.2739683990495128	0
8415	0.10917020261190016	0
8416	-0.038109695481795804	0
8417	-0.04915535257800007	0
8418	0.09051202366525901	0
8419	0.40452083875471356	0
8420	0.44364551550568765	0
8421	-0.10586666598673686	0
8422	-0.11154907890783478	0
8423	-0.2560341604620512	0
8424	0.16401196055334585	0
8425	-0.009365151413319608	0
8426	0.023963375819663898	0
8427	0.21302615263380575	0
8428	-0.10513307366042585	0
8429	0.21091095158412998	0
8430	0.019264468828660522	0
8431	0.16162621096450358	0
8432	-0.14443147086483532	0
8433	0.07263843365197206	0
8434	-0.3515667330234568	0
8435	-0.006679066306579062	0
8436	-0.23021085554736848	0
8437	-0.04255193376613695	0
8438	0.36858427429656915	0
8439	0.37916210058262845	0
8440	-0.2923294843584657	0
8441	0.45757764510552307	0
8442	0.19290201478951519	0
8443	0.2601969794836199	0
8444	-0.0525596218476027	0
8445	0.3222362610785875	0
8446	-0.1230877697396662	0
8447	0.03779043604314087	0
8448	0.3931223877360204	0
8449	0.15429047436888518	0
8450	0.17769066892100976	0
8451	-0.36575919993797923	0
8452	0.35928254287494205	0
8453	0.19525833054624148	0
8454	0.20122363777345437	0
8455	-0.18027248585685318	0
8456	0.5509443788436079	0
8457	-0.17390044371517976	0
8458	0.16584983250435947	0
8459	0.047929432545194765	0
8460	0.012902621826702088	0
8461	-0.08317360118174677	0
8462	0.055022036834921184	0
8463	0.11761155319508386	0
8464	0.4815383700354304	0
8465	-0.26359909828670747	0
8466	-0.34209465125277183	0
8467	-0.16655791006874282	0
8468	0.016474903257338736	0
8469	-0.20605545911099923	0
8470	-0.09925639084477623	0
8471	0.03143158473767718	0
8472	0.16883230529017818	0
8473	-0.6621837180689556	0
8474	0.3704221640652765	0
8475	0.42256926980511567	0
8476	-0.07099093478567997	0
8477	-0.3201535006531844	0
8478	0.3201330607869799	0
8479	-0.31327348262063603	0
8480	0.5564265174658014	0
8481	-0.0028250504802546936	0
8482	0.1736505307223562	0
8483	-0.4159166651587096	0
8484	-0.13317362091209078	0
8485	-0.24026149663369575	0
8486	-0.147056573448941	0
8487	0.13797288557658216	0
8488	0.3385296744508075	0
8489	-0.23883634245407262	0
8490	0.024969283197979114	0
8491	-0.11816899883529694	0
8492	0.1098948970705754	0
8493	0.3826200970341611	0
8494	-0.8139785176371757	0
8495	-0.15008673259141314	0
8496	-0.2834053958647359	0
8497	-0.0776770238739975	0
8498	-0.07301046572773517	0
8499	0.03837765266141686	0
8500	-0.20160856081523865	0
8501	0.07390842676512935	0
8502	-0.0890623675426729	0
8503	-0.02628956902458235	0
8504	-0.08940654620957234	0
8505	-0.015988636922640208	0
8506	0.1861727781896463	0
8507	0.13901679031290828	0
8508	-0.2189890672708546	0
8509	0.27001241929666225	0
8510	0.05822375582321261	0
8511	0.12460097085978991	0
8512	0.11726089755688032	0
8513	-0.27082903779119233	0
8514	-0.2810844895184985	0
8515	-0.37133895561532565	0
8516	0.12383928484736162	0
8517	0.539909606555647	0
8518	-0.32862114283189764	0
8519	0.490428965872471	0
8520	-0.061357992635329844	0
8521	0.10793769800922857	0
8522	0.05354505949674187	0
8523	-0.041805917135861737	0
8524	-0.04272675278329122	0
8525	-0.22422558897701328	0
8526	-0.05275091852377143	0
8527	0.636858680710223	1
8528	0.09266685824835724	0
8529	-0.006941598411931342	0
8530	-0.054412949737989894	0
8531	0.08335936941451418	0
8532	0.22169814573675625	0
8533	-0.019810845771496843	0
8534	0.056982353905786584	0
8535	0.12477121543364161	0
8536	0.4086577320717224	0
8537	0.2264118631264846	0
8538	-0.08106930530633658	0
8539	-0.10037776019824574	0
8540	-0.13701430281116192	0
8541	-0.054318109884341326	0
8542	-0.17255994704068592	0
8543	-0.40972670010795254	0
8544	0.20925843639299174	0
8545	0.2994694775075908	0
8546	-0.3336925252615572	0
8547	-0.7491291397724976	0
8548	-0.062886919725989	0
8549	-0.35808352132791066	0
8550	0.14561150647146226	0
8551	0.01232052648707855	0
8552	0.5258093151361005	0
8553	-0.06669327249816548	0
8554	-0.5197205094249382	0
8555	0.13116607653869294	0
8556	-0.10971143171172043	0
8557	0.377173833939885	0
8558	0.1542734715001698	0
8559	0.023183362259879374	0
8560	-0.01993781095729067	0
8561	-0.1315349169494719	0
8562	0.4096754703047787	0
8563	0.33845153420278523	0
8564	0.18046701631855055	0
8565	-0.029415024157420828	0
8566	0.23532887910335443	0
8567	0.4180761116241327	0
8568	-0.3255616753382309	0
8569	0.3960561516426816	0
8570	0.26243312788374323	0
8571	-0.49450952509011203	0
8572	0.09954633649388409	0
8573	0.17858775343306504	0
8574	0.0011865268880964777	0
8575	-0.2003661018504175	0
8576	0.28097900106987084	0
8577	-0.022868976131356224	0
8578	0.2161388947579275	0
8579	-0.2994226288682624	0
8580	-0.04966968367592968	0
8581	0.2571646945835012	0
8582	0.37067654224512353	0
8583	0.14635191038611411	0
8584	0.23535107526600307	0
8585	0.16725354303151818	0
8586	-0.11279848820798352	0
8587	-0.030501277475078328	0
8588	-0.1366279014231227	0
8589	0.6751378460214714	1
8590	-0.5233741769756366	0
8591	0.08020475271735146	0
8592	-0.040673766166029815	0
8593	0.04680517930039869	0
8594	-0.11999777764954764	0
8595	0.2801442471692432	0
8596	0.06898097470366969	0
8597	0.2491108837608647	0
8598	0.19230851128743698	0
8599	0.1045168208658058	0
8600	0.2811574113634259	0
8601	0.2972129738025877	0
8602	0.05699082746883177	0
8603	-0.17999584001640573	0
8604	-0.13543757211390128	0
8605	-0.4281669234349648	0
8606	0.208399267157732	0
8607	-0.10913730015651524	0
8608	-0.07024994428230182	0
8609	0.13079223510572405	0
8610	-0.014374757853408936	0
8611	0.03865547736447522	0
8612	0.18514450191791748	0
8613	0.07418963766079993	0
8614	-0.30281300174667664	0
8615	-0.12451673793275064	0
8616	0.23298286685518077	0
8617	0.09878187344341485	0
8618	-0.21543537295592569	0
8619	-0.5428779946678357	0
8620	-0.20416997950539673	0
8621	0.3700078750593763	0
8622	-0.09485276012422234	0
8623	-0.22852687758939863	0
8624	0.07738563189765393	0
8625	-0.09679482670104811	0
8626	0.15586237061761632	0
8627	0.14146742295890252	0
8628	0.10940568171179015	0
8629	0.42764836856151456	0
8630	-0.2203092646837713	0
8631	-0.0012691601989239208	0
8632	-0.11799530081624185	0
8633	0.5417106105443019	0
8634	0.595631648201935	1
8635	0.12126301524269271	0
8636	0.250129958876378	0
8637	-0.0814828076821241	0
8638	-0.24710377999270727	0
8639	0.6144395176476096	1
8640	-0.23528640898492545	0
8641	0.4473713208952571	0
8642	0.09796634815974076	0
8643	-0.6941615445882998	0
8644	0.044114731137754035	0
8645	-0.01816633576937156	0
8646	0.1594506268724596	0
8647	-0.20481497521278952	0
8648	-0.11592482978388755	0
8649	-0.23068603394835974	0
8650	-0.4436439216412029	0
8651	-0.2879917067702927	0
8652	-0.20119083436646124	0
8653	0.29536338406703966	0
8654	0.2779735624768097	0
8655	-0.6123555192476978	0
8656	0.04400030919037912	0
8657	-0.26045008907593337	0
8658	0.08858059811473445	0
8659	-0.20614829185972805	0
8660	0.1715382603250708	0
8661	0.0282751726260965	0
8662	-0.10197116001899625	0
8663	0.08284273269207179	0
8664	-0.5813446722468072	0
8665	0.034457320881738855	0
8666	-0.21981038344681614	0
8667	-0.006506356301876303	0
8668	0.2918293262764302	0
8669	-0.025950163220593285	0
8670	0.1480520933017771	0
8671	0.27469515220542795	0
8672	0.7243247386183058	1
8673	-0.28628539838358613	0
8674	-0.2700252242726967	0
8675	0.31032267229174426	0
8676	0.0472129809509435	0
8677	-0.33851075786659257	0
8678	-0.26563847158509574	0
8679	0.23178531277032302	0
8680	0.016968294574459745	0
8681	0.027858740345713104	0
8682	-0.24735769468572183	0
8683	-0.4082548447925649	0
8684	0.12524780611022032	0
8685	-0.0062601776356045365	0
8686	0.3715286507259448	0
8687	-0.3674129855762148	0
8688	0.3501941028079624	0
8689	-0.291677864631877	0
8690	-0.25619741337425195	0
8691	-0.198607259016516	0
8692	-0.02421857559740581	0
8693	0.2482176548847333	0
8694	0.09801568398237537	0
8695	-0.5949981095903047	0
8696	0.0810431310333482	0
8697	-0.08845106822341132	0
8698	0.02583398337438934	0
8699	-0.6517438437450157	0
8700	0.42511633227140977	0
8701	0.17109835190481465	0
8702	0.18349817754340617	0
8703	-0.1456715239597981	0
8704	0.09067718115251058	0
8705	0.38430287665945306	0
8706	0.25664384014377145	0
8707	0.15507573203508196	0
8708	0.014448200491423473	0
8709	-0.09325622519619814	0
8710	-0.3023332962923768	0
8711	0.289788376382765	0
8712	-0.10037765137879467	0
8713	0.012206907306279598	0
8714	0.0235557205732606	0
8715	0.19080010718145127	0
8716	0.3818213107081312	0
8717	0.004463508646554409	0
8718	-0.0895202775304233	0
8719	0.12009644984997153	0
8720	-0.2025246684788172	0
8721	0.24741386610224153	0
8722	0.05021112214878634	0
8723	-0.32578515669660624	0
8724	-0.2790323367734828	0
8725	-0.2996511887901935	0
8726	0.5217691005390533	0
8727	0.48573714062171724	0
8728	0.16552439981939143	0
8729	0.04695802374010451	0
8730	0.3525263136605873	0
8731	-0.32979495219164123	0
8732	-0.038314288620312054	0
8733	0.17789194354325288	0
8734	-0.3235432623235095	0
8735	-0.2504355354848201	0
8736	-0.17224286979188635	0
8737	-0.3970515937299891	0
8738	0.5727960103198905	0
8739	0.3358339618502613	0
8740	0.42859889171513255	0
8741	0.16598164544510097	0
8742	-0.2723183851890859	0
8743	-0.11376970039039205	0
8744	0.3951037468371782	0
8745	-0.03745500058064158	0
8746	0.47588831307826973	0
8747	-0.005569704016653423	0
8748	-0.41096704311436366	0
8749	0.1892551678942554	0
8750	-0.2829689487819228	0
8751	-0.1607118946442599	0
8752	-0.46221944670246945	0
8753	-0.17689708090463746	0
8754	0.37728546739181335	0
8755	0.5736305732834368	0
8756	-0.0901888058545256	0
8757	-0.12108447427094274	0
8758	-0.07551545752450727	0
8759	0.01916004424388612	0
8760	-0.08021987021384366	0
8761	-0.05411298013268845	0
8762	0.24871397285059837	0
8763	-0.5967391386564864	0
8764	-0.19108715559723194	0
8765	-0.2583717763026081	0
8766	-0.4213316203241938	0
8767	-0.19940709814365792	0
8768	-0.21324098690926918	0
8769	0.18826523335165868	0
8770	0.40952330819239247	0
8771	0.15946892102971105	0
8772	-0.2514692657080473	0
8773	-0.09246822849410465	0
8774	0.17970654579928896	0
8775	-0.0509124897178591	0
8776	0.266012350260536	0
8777	0.369901115824323	0
8778	0.21461995696174363	0
8779	-0.04348512621301766	0
8780	0.27347837414581705	0
8781	-0.2529268238346961	0
8782	-0.2980208139811121	0
8783	-0.5712066908118765	0
8784	0.03845038255976199	0
8785	-0.539085591282175	0
8786	0.4309598251924329	0
8787	-0.5347027463242526	0
8788	-0.34332655275171053	0
8789	0.24172128243756671	0
8790	-0.1102576112492728	0
8791	0.5098960498319731	0
8792	-0.00011842611683164746	0
8793	-0.18361566889671055	0
8794	-0.11076193345851104	0
8795	0.08641640275010273	0
8796	0.2232615915611012	0
8797	-0.05711102214378408	0
8798	0.09680296525012155	0
8799	0.3770323353144752	0
8800	0.21185753383914324	0
8801	0.09118690399521803	0
8802	-0.23185199662749867	0
8803	-0.19872201653690197	0
8804	0.3988731305339812	0
8805	-0.34801716177725306	0
8806	-0.5134050545100127	0
8807	0.40987529608005413	0
8808	0.5021049476547582	0
8809	0.07338747890081183	0
8810	0.04400896929340303	0
8811	-0.17644639747422552	0
8812	0.07652554218881544	0
8813	-0.3527094444749145	0
8814	0.04132960291569913	0
8815	0.021942873714061582	0
8816	-0.21063348421550224	0
8817	-0.2564271517730349	0
8818	-0.19979190354031487	0
8819	0.1206969893045376	0
8820	-0.16584084083999417	0
8821	-0.1378436542087075	0
8822	-0.01321300346459817	0
8823	-0.05091601309651053	0
8824	0.38002906986740154	0
8825	0.4132418360899204	0
8826	0.09847830981987318	0
8827	-0.02555657239138965	0
8828	-0.1520835667301457	0
8829	-0.3955429352003137	0
8830	-0.2564243764482289	0
8831	-0.27610065585600807	0
8832	-0.1551838344657614	0
8833	-0.03861025869667747	0
8834	0.27466540225824565	0
8835	0.011054373360094075	0
8836	-0.06668408625863181	0
8837	-0.016098163885464783	0
8838	0.059011075935703296	0
8839	0.15499097530260803	0
8840	0.10802701206763801	0
8841	0.239765999643137	0
8842	0.2656724978916196	0
8843	-0.05253661229502418	0
8844	-0.060671664497788304	0
8845	-0.13905041820855446	0
8846	-0.33234077276788526	0
8847	-0.08885892543471105	0
8848	0.041581134727105507	0
8849	-0.5065963669581804	0
8850	-0.22888979997666112	0
8851	0.2096249428933067	0
8852	-0.43332562129171304	0
8853	0.5924036473313238	0
8854	0.25504897435385787	0
8855	0.005818930543093535	0
8856	-0.15503222119866092	0
8857	-0.16701491040004052	0
8858	-0.7010900908189717	0
8859	0.24539507395650573	0
8860	0.24663568172299688	0
8861	-0.21524362739300562	0
8862	-0.19970121866098928	0
8863	-0.04108946350218089	0
8864	0.061926244720831816	0
8865	-0.024380259243583877	0
8866	0.04023841243279173	0
8867	-0.17015543102588215	0
8868	0.3898697161954502	0
8869	-0.10079056898480754	0
8870	0.18130691505259666	0
8871	0.47820692746015614	0
8872	0.025154708344233518	0
8873	-0.19083789023794612	0
8874	-0.25615952078681326	0
8875	-0.0976624318619616	0
8876	0.36929176963633176	0
8877	0.038144017414833885	0
8878	0.07930020248944239	0
8879	-0.17659973818644184	0
8880	0.12225701501514635	0
8881	0.179396479388334	0
8882	-0.44079274509254496	0
8883	0.2778425573115256	0
8884	0.16452433428494878	0
8885	0.1302133913544872	0
8886	0.14462244308044359	0
8887	0.19184518922730726	0
8888	-0.04683496605744521	0
8889	-0.19527810591597883	0
8890	-0.09832206366420543	0
8891	0.2529300581629822	0
8892	0.2599668310016976	0
8893	0.395140561536926	0
8894	-0.23723221631109798	0
8895	-0.10183663131086267	0
8896	-0.21538985892534057	0
8897	-0.13480573146477196	0
8898	0.20492519685308977	0
8899	0.15273018582345907	0
8900	0.0038297590425510407	0
8901	-0.21007369580617186	0
8902	-0.053806760656664884	0
8903	0.30207295903613796	0
8904	-0.44810136502182873	0
8905	-0.042958965126509305	0
8906	-0.14993262767820129	0
8907	0.12247742317668474	0
8908	0.09949543595274368	0
8909	-0.0018498210692235294	0
8910	-0.049315533528386704	0
8911	-0.3221580348885612	0
8912	-0.060720031967573265	0
8913	-0.19366524161987964	0
8914	0.22510959934661195	0
8915	-0.3175274207538952	0
8916	0.13289585956318173	0
8917	0.4654577072318513	0
8918	-0.09961397977063294	0
8919	0.16423881063894052	0
8920	-0.18983428065105273	0
8921	-0.19935514602715948	0
8922	0.1460959435204445	0
8923	0.061420451139821815	0
8924	-0.25335150697737924	0
8925	-0.25665197659176575	0
8926	-0.3995245400121333	0
8927	-0.13310860553515436	0
8928	-0.2527680946195735	0
8929	0.28217002597591173	0
8930	0.12613262395418118	0
8931	0.2913356122651295	0
8932	-0.14513218100501118	0
8933	0.20733490211018807	0
8934	-0.5832769050918032	0
8935	0.46701902168871157	0
8936	0.5018667356505502	0
8937	0.49710270394042305	0
8938	-0.23126592055546802	0
8939	0.12078040320175543	0
8940	0.20363956717327736	0
8941	-0.3577227786568049	0
8942	0.012597439611115216	0
8943	0.21832363274433364	0
8944	0.12557850087697267	0
8945	0.028272435587751294	0
8946	0.19069619650327496	0
8947	0.23476444990319983	0
8948	0.08839194702667189	0
8949	-0.16345951308425563	0
8950	0.42097717168157917	0
8951	-0.32617592049628497	0
8952	0.5173250056889883	0
8953	-0.2177943051932082	0
8954	-0.023217515995878985	0
8955	-0.268578019646614	0
8956	0.20687719744753771	0
8957	0.025752170741363725	0
8958	-0.058238184946591096	0
8959	-0.0745165566597786	0
8960	0.11560668799099615	0
8961	-0.2157103296541768	0
8962	0.12534929621976587	0
8963	0.03243827007012222	0
8964	-0.2628810569555037	0
8965	0.0959848057335281	0
8966	-0.363640438753955	0
8967	0.11578169711745251	0
8968	-0.0970998218477915	0
8969	0.10150635654985304	0
8970	-0.354621991042311	0
8971	-0.39439817029845137	0
8972	0.33911164727837495	0
8973	0.23062717168708552	0
8974	0.20296056651609723	0
8975	-0.03501380884923543	0
8976	-0.42306279149855885	0
8977	-0.21569585504175287	0
8978	-0.2071478956932864	0
8979	-0.009734287113610601	0
8980	-0.5091304674354581	0
8981	-0.11992640785976977	0
8982	0.26363914531618515	0
8983	0.32401742212919044	0
8984	0.11826388447679034	0
8985	0.2829853279465994	0
8986	-0.2886111001271834	0
8987	0.30766781636914037	0
8988	-0.13305367118357353	0
8989	-0.11768843449417943	0
8990	-0.07146697511346546	0
8991	-0.06590373507305422	0
8992	-0.27585845901947226	0
8993	-0.17884636316594663	0
8994	0.4766626865943995	0
8995	0.20882362137286253	0
8996	0.33155825619689805	0
8997	-0.01458181085344123	0
8998	0.30147374321707987	0
8999	0.17843133208232076	0
9000	0.19884632910171712	0
9001	-0.11955223723966402	0
9002	0.026599563357449993	0
9003	0.5466017084140816	0
9004	0.159016671269693	0
9005	0.307013750547399	0
9006	0.24148560787912157	0
9007	-0.3193960345071567	0
9008	0.006429045701067086	0
9009	0.038293640318392656	0
9010	-0.027741678110674555	0
9011	-0.24610974924045875	0
9012	0.1678773099801962	0
9013	-0.0981662700987211	0
9014	0.40375260611176356	0
9015	0.041201125491058435	0
9016	0.06298369002904394	0
9017	0.06788208400370224	0
9018	-0.05835329516200757	0
9019	0.46869839913207034	0
9020	0.17642016096473023	0
9021	0.047170143923323575	0
9022	0.024808219843320045	0
9023	-0.022803444209096455	0
9024	-0.024157457399574835	0
9025	0.0677991210892224	0
9026	0.28109930236131525	0
9027	0.25287550978548184	0
9028	0.07021704030861094	0
9029	-0.34791124643639215	0
9030	-0.1076992519559736	0
9031	0.17596020819394834	0
9032	0.18370775996838892	0
9033	0.20042007241306603	0
9034	0.023194484597786592	0
9035	0.03740975567453221	0
9036	-0.09962835954204424	0
9037	-0.06351281759494545	0
9038	-0.08064734025664604	0
9039	0.32684967459309155	0
9040	0.33146289799021844	0
9041	-0.4919639190823275	0
9042	0.1801122341265981	0
9043	-0.0064129463221301196	0
9044	0.7697934534278066	1
9045	-0.1376029232143406	0
9046	0.42399541455299317	0
9047	-0.3228742105200191	0
9048	0.17536426337360617	0
9049	0.17111730671699066	0
9050	0.16381438313888863	0
9051	0.14732425583571268	0
9052	-0.15525870152638613	0
9053	0.26680949402229914	0
9054	0.029885930209562254	0
9055	-0.18926325788394197	0
9056	-0.2630243206027579	0
9057	-0.32641154143919004	0
9058	0.7029832596384123	1
9059	0.22219454290753243	0
9060	-0.06376117001488957	0
9061	0.5163052781409286	0
9062	-0.1852919700747529	0
9063	-0.08369179465762269	0
9064	-0.49440082545248903	0
9065	-0.034084984845137	0
9066	-0.07432195917918051	0
9067	-0.03774331515742528	0
9068	0.33126766351006875	0
9069	0.44203221727021713	0
9070	-0.1194886919474059	0
9071	0.24020798368591523	0
9072	-0.10707277907025918	0
9073	-0.5264799890396961	0
9074	-0.04973276183929902	0
9075	-0.05239300081309217	0
9076	-0.09893383952800479	0
9077	0.12926261336902078	0
9078	0.31803624718717627	0
9079	-0.2856700281750942	0
9080	0.20865509644913197	0
9081	0.0589877962099387	0
9082	-0.1894131365870364	0
9083	0.06045997630170287	0
9084	-0.0698936039300421	0
9085	-0.030381258825853547	0
9086	-0.004603101535902181	0
9087	0.19917439813565121	0
9088	-0.07948552045167759	0
9089	0.2847129190248749	0
9090	0.11539580843878845	0
9091	0.3851272747559614	0
9092	0.36618793157497453	0
9093	-0.060805574067068026	0
9094	0.07831437382779047	0
9095	-0.3562444620816515	0
9096	0.051154396387993656	0
9097	0.0611722644502591	0
9098	0.01678283110176081	0
9099	-0.07581904085534524	0
9100	-0.22559900261668192	0
9101	-0.02073883420067809	0
9102	0.13709974121396928	0
9103	-0.22266514154210204	0
9104	0.10612620213796374	0
9105	0.05255416461790274	0
9106	-0.1088868261154087	0
9107	0.0517602068268376	0
9108	-0.14747517290941975	0
9109	-0.15638475081888933	0
9110	0.5466600515295892	0
9111	-0.20070693179031895	0
9112	0.10730526517790406	0
9113	-0.11043276062549376	0
9114	0.2702686582295125	0
9115	-0.107011654287379	0
9116	0.15696547628056026	0
9117	0.005129806406296903	0
9118	0.5314635023342729	0
9119	-0.3630762415107823	0
9120	-0.2619121670707952	0
9121	-0.2950078779497014	0
9122	0.0017721371287800762	0
9123	0.09978429217429252	0
9124	-0.1127048590646404	0
9125	-0.30333778983584503	0
9126	-0.5611225433511764	0
9127	0.306174324913557	0
9128	-0.12036841413431104	0
9129	-0.08778349117508694	0
9130	-0.30223845663836624	0
9131	0.1451057632510964	0
9132	-0.40070008248491557	0
9133	0.463995846843164	0
9134	-0.17102405428078643	0
9135	-0.23714239056530803	0
9136	-0.11061354645668572	0
9137	0.19086704855714348	0
9138	0.4674981859650954	0
9139	-0.1265654325891914	0
9140	-0.25425831288890244	0
9141	-0.1683904187491993	0
9142	-0.36986283308090884	0
9143	-0.029999752384253283	0
9144	0.05921198357518055	0
9145	-0.020062209033010887	0
9146	0.46543717014796127	0
9147	-0.3113596840702649	0
9148	-0.4580814487872477	0
9149	-0.34461847417439406	0
9150	0.025341267325774068	0
9151	-0.3322669907477904	0
9152	-0.11734238136391328	0
9153	0.2135471689886324	0
9154	0.2676637092934153	0
9155	0.394405272852973	0
9156	-0.21677512594753695	0
9157	-0.25271577937786466	0
9158	0.0144455955087265	0
9159	0.2226803939536499	0
9160	0.31677567529850975	0
9161	-0.15544093488498578	0
9162	0.4992296968605916	0
9163	-0.24929537663342	0
9164	-0.1259734443549106	0
9165	0.21784049872619105	0
9166	-0.31366683833953635	0
9167	0.029600767361679596	0
9168	-0.2728464919722745	0
9169	-0.15084801053171237	0
9170	0.015678078664739296	0
9171	-0.04354640770183157	0
9172	-0.020280908329327267	0
9173	-0.3797776499335783	0
9174	-0.3012351261691411	0
9175	-0.17708587476842602	0
9176	0.21227531619955775	0
9177	0.07456761218114114	0
9178	-0.13180246422092373	0
9179	-0.14316362253543702	0
9180	-0.15930397900098225	0
9181	0.6180524231002795	1
9182	-0.07234456539910741	0
9183	0.09572011719182974	0
9184	0.06734039859257429	0
9185	0.0649794953678598	0
9186	-0.11831259862623225	0
9187	0.24865024313742895	0
9188	-0.2187934481866209	0
9189	-0.08258180007369467	0
9190	-0.058571141678418495	0
9191	0.2615253664942353	0
9192	0.04536743632103187	0
9193	0.13533752514173308	0
9194	-0.30095882445372135	0
9195	0.13722904873477013	0
9196	0.4284918089687876	0
9197	0.11984781962712944	0
9198	-0.33196359256087626	0
9199	-0.23589564320274092	0
9200	0.17897396015617473	0
9201	0.04225139023233225	0
9202	-0.22237922479855354	0
9203	0.3080444273259257	0
9204	-0.010891427685835602	0
9205	0.3031154776305469	0
9206	-0.06084423649285313	0
9207	-0.18011021272620825	0
9208	-0.5593053968818744	0
9209	0.10366855474394358	0
9210	0.3287469665297229	0
9211	-0.4231278032348227	0
9212	-0.5006604384124456	0
9213	0.10398711495640033	0
9214	-0.05910143071911485	0
9215	-0.014980713910148264	0
9216	-0.1725602339611082	0
9217	-0.23375253804631496	0
9218	0.21746645895467404	0
9219	0.19877024591576262	0
9220	-0.17201529583122122	0
9221	-0.1538817609356276	0
9222	-0.10265551525243019	0
9223	0.1450605617607043	0
9224	-0.2653132155677412	0
9225	0.02885993358855936	0
9226	0.060298893274849094	0
9227	-0.2915945081420034	0
9228	0.12610312530576528	0
9229	0.2288878068376427	0
9230	-0.22204723529075376	0
9231	-0.1160792138326556	0
9232	0.27550369236730254	0
9233	-0.16577340055600792	0
9234	-0.12625468011672206	0
9235	0.0685964262982145	0
9236	0.46145496442847134	0
9237	-0.39546100504004295	0
9238	0.2933605842964668	0
9239	-0.06467768690315517	0
9240	0.30888725313610493	0
9241	0.49750460767268484	0
9242	-0.19164302956203313	0
9243	0.33998802279081564	0
9244	-0.2017854321724084	0
9245	0.20145792836250448	0
9246	0.3743068587199928	0
9247	-0.3722319938155025	0
9248	-0.17949788797278157	0
9249	0.3764898402200494	0
9250	-0.1402428043648546	0
9251	0.21824893128993678	0
9252	-0.17166977106594966	0
9253	-0.18445280985131518	0
9254	-0.32178556069098874	0
9255	0.23674030167087723	0
9256	0.1088960291960919	0
9257	-0.2145952776473421	0
9258	0.08690131877962931	0
9259	-0.08422084919966752	0
9260	-0.11501791123712374	0
9261	-0.19008070705393404	0
9262	-0.06522492953871173	0
9263	-0.3765071046314835	0
9264	-0.0018379236153930028	0
9265	0.04831120961430928	0
9266	-0.19242534328723143	0
9267	0.29778659965816306	0
9268	0.12199363941892502	0
9269	-0.04348399653145739	0
9270	-0.1800142322802017	0
9271	0.10298501875174926	0
9272	0.08403453797222228	0
9273	-0.358020868075252	0
9274	-0.3397156012376752	0
9275	0.05552276435120838	0
9276	-0.499711858097436	0
9277	-0.2904472734576281	0
9278	-0.2987714494461301	0
9279	-0.020831607705910946	0
9280	-0.27930729186691494	0
9281	0.08164342772793509	0
9282	0.11380779475956657	0
9283	0.26494047444697244	0
9284	-0.05884853272787118	0
9285	0.10923197719157851	0
9286	-0.22228119812400932	0
9287	0.138961047301206	0
9288	-0.1823449089982592	0
9289	0.15539087697248788	0
9290	0.07364324574473011	0
9291	-0.06784445624519916	0
9292	-0.12430498399433394	0
9293	0.046823847338544805	0
9294	0.08038155948973563	0
9295	0.0775434651127307	0
9296	0.13380451501626042	0
9297	0.11074599504665719	0
9298	-0.14898545304285915	0
9299	0.1564933021023937	0
9300	0.14060306978236037	0
9301	-0.05738772382571128	0
9302	-0.3758045210223462	0
9303	-0.4228786529419315	0
9304	0.011970300755789313	0
9305	0.23287678506829795	0
9306	-0.10556018152517879	0
9307	0.3282095466123103	0
9308	0.13625233404535003	0
9309	0.14571436796041265	0
9310	0.3297673222989356	0
9311	-0.22287146706375177	0
9312	-0.18450641406332347	0
9313	0.016899889625378722	0
9314	0.3993638462449417	0
9315	-0.29496538921911986	0
9316	-0.28670733515156155	0
9317	-0.23019810679408487	0
9318	0.12527116421539305	0
9319	-0.2106358758399694	0
9320	-0.06470791895473388	0
9321	0.5153638648404228	0
9322	0.27419335344832263	0
9323	-0.3571207023006905	0
9324	0.03024753613179275	0
9325	-0.13834156741204823	0
9326	0.3973558518653304	0
9327	0.19754577690998143	0
9328	-0.44197987594834687	0
9329	0.00197869230688192	0
9330	-0.6942102574999549	0
9331	-0.38209482341500856	0
9332	-0.20002842223827252	0
9333	-0.15937784191386742	0
9334	0.1920109581632375	0
9335	-0.09977963173359257	0
9336	-0.009232286355689383	0
9337	-0.08393928512001567	0
9338	0.340168295182644	0
9339	-0.5070139983047206	0
9340	-0.17264933910439095	0
9341	-0.11284282303953644	0
9342	0.35949833810025333	0
9343	0.3009401819733313	0
9344	-0.05326975425587402	0
9345	0.15665954566657303	0
9346	0.23617268120287882	0
9347	0.06589526693051177	0
9348	-0.05377359403142935	0
9349	0.18392869477282453	0
9350	-0.033863722636387296	0
9351	0.37491874315737256	0
9352	0.10560283679852173	0
9353	0.4989539929445771	0
9354	0.37152127759784914	0
9355	-0.08625269347160072	0
9356	-0.1979804236584351	0
9357	0.029629748952787548	0
9358	0.1715564859787454	0
9359	0.5509720914602506	0
9360	0.3566641208476268	0
9361	-0.15834809041304015	0
9362	-0.038594864664997265	0
9363	0.0946869773731615	0
9364	0.26753163123359247	0
9365	-0.1450814243230395	0
9366	0.2364001551775514	0
9367	-0.1396693018442094	0
9368	0.2424597675782782	0
9369	0.5582238005928308	0
9370	-0.016408710188640284	0
9371	0.1881459606132193	0
9372	0.2711161115464528	0
9373	0.23682893325188015	0
9374	-0.738086427155562	0
9375	-0.1963769711297434	0
9376	-0.38546321032184494	0
9377	-0.4897455053990939	0
9378	-0.5538651364954912	0
9379	-0.18195029010139552	0
9380	0.39683241484929854	0
9381	0.34759750670963546	0
9382	-0.3994192581304422	0
9383	0.03277407271000349	0
9384	-0.22459230757285356	0
9385	0.4869433225083494	0
9386	-0.1478232295344942	0
9387	0.2329268637084524	0
9388	-0.013325069291847437	0
9389	0.2645271224897744	0
9390	0.46497403832307227	0
9391	0.5300742062028371	0
9392	0.042984935373679534	0
9393	-0.18058195431227164	0
9394	0.04728345609405389	0
9395	-0.1936054006749614	0
9396	0.3532895442677402	0
9397	0.08376556530909302	0
9398	-0.18791943381300377	0
9399	-0.3863407001145177	0
9400	-0.007548618142005404	0
9401	-0.044149398436989104	0
9402	0.04498253071374623	0
9403	-0.26513719257952717	0
9404	-0.14813828780809155	0
9405	0.14637292674634383	0
9406	-0.0656343923769556	0
9407	-0.33240645094403987	0
9408	-0.17743377478328798	0
9409	0.2575394783577821	0
9410	-0.3980390414327028	0
9411	0.033903772863015894	0
9412	0.17778631116503166	0
9413	-0.20161465146458926	0
9414	-0.27015805795650716	0
9415	-0.23383866570538553	0
9416	-0.27397889309973517	0
9417	0.16883069369562367	0
9418	-0.5706994941023467	0
9419	0.10909494811303921	0
9420	-0.42570120115968735	0
9421	0.10640930493313647	0
9422	0.5011894455530854	0
9423	0.2055199813213815	0
9424	-0.07517882380255671	0
9425	0.23598736085483718	0
9426	0.10793666940834881	0
9427	0.2538326484932803	0
9428	-0.1747474744403224	0
9429	0.002795520244440107	0
9430	0.010858254626437965	0
9431	0.3864795589877146	0
9432	0.32633051539386715	0
9433	0.06394596173735977	0
9434	-0.2599730642470523	0
9435	0.3610904620839981	0
9436	-0.06507540743022985	0
9437	-0.13356020325640033	0
9438	-0.07069118826638814	0
9439	-0.18098297056042223	0
9440	-0.01752245889505154	0
9441	0.3864571595562697	0
9442	-0.13903086745018253	0
9443	0.08727791596013601	0
9444	0.738270036768967	1
9445	-0.3055678723966089	0
9446	0.06605903575452718	0
9447	-0.2618732563384982	0
9448	-0.09921179544336857	0
9449	-0.2940331671872636	0
9450	0.10436602296778841	0
9451	-0.2168003899526936	0
9452	0.2501266258237055	0
9453	-0.4994302608445808	0
9454	-0.10162913642118485	0
9455	-0.24408606927667553	0
9456	0.1161770739630211	0
9457	-0.38701775988389864	0
9458	-0.271863421785534	0
9459	0.45539348343106456	0
9460	-0.025562539835893267	0
9461	0.3759102252045783	0
9462	0.1856522233327274	0
9463	0.3941209912620775	0
9464	-0.14626185688536697	0
9465	0.5059139031208604	0
9466	-0.06707788038685464	0
9467	-0.23541580366797552	0
9468	-0.16514970338528523	0
9469	-0.094966846978469	0
9470	-0.02365610824553789	0
9471	0.22989822784387537	0
9472	0.30498367772049884	0
9473	0.5544762552313438	0
9474	0.42585267014487477	0
9475	0.09902404721900265	0
9476	-0.1892894236115859	0
9477	0.022713249511724633	0
9478	-0.1588909246771152	0
9479	-0.14232141681050725	0
9480	0.36377480980678023	0
9481	0.0694378999185821	0
9482	0.2688090799888245	0
9483	-0.08589574228931815	0
9484	-0.10106417955129002	0
9485	-0.20026480457632528	0
9486	-0.13986601385151387	0
9487	0.5608912065245525	0
9488	-0.09421268513676645	0
9489	-0.12394926747343135	0
9490	0.08207355440208317	0
9491	-0.11670957848602159	0
9492	0.08486289929342564	0
9493	-0.13883362924385412	0
9494	0.007185204559552455	0
9495	0.060813270468009724	0
9496	-0.07781591514304388	0
9497	0.10844791764090528	0
9498	0.27850171357081166	0
9499	-0.3008776137636064	0
9500	0.26040491700980206	0
9501	0.033475900626649235	0
9502	0.10153722805550366	0
9503	-0.11708191085368902	0
9504	0.37554604508964684	0
9505	0.18851478914197392	0
9506	-0.025937252938035407	0
9507	-0.16417122493634828	0
9508	0.15770550060260435	0
9509	-0.367765476855341	0
9510	-0.23054323132245153	0
9511	-0.14890402000845362	0
9512	0.4043684476465217	0
9513	-0.17070342075317502	0
9514	0.08667923772548512	0
9515	0.10533587935105507	0
9516	-0.2138062148388447	0
9517	-0.11497727532791849	0
9518	-0.024132597337089928	0
9519	0.1352368065306249	0
9520	-0.06532983949321627	0
9521	-0.32695794178216975	0
9522	0.2500180850730202	0
9523	-0.5092527992241005	0
9524	-0.04652306130056732	0
9525	0.3353908271068251	0
9526	-0.43317689049702923	0
9527	0.4167248986065787	0
9528	-0.043677702303080684	0
9529	0.3840308401960655	0
9530	-0.2917087014755121	0
9531	-0.1784871012924325	0
9532	0.37014043566561106	0
9533	-0.1254014901800175	0
9534	-0.3157912859656842	0
9535	-0.22603579041446534	0
9536	0.03825843005374696	0
9537	-0.14340444682488632	0
9538	-0.01055744011202993	0
9539	0.10726536084957655	0
9540	0.0693077024379833	0
9541	0.02028813369251751	0
9542	0.06512494083178942	0
9543	-0.09562576823023243	0
9544	0.1006617495692536	0
9545	0.10810264604693463	0
9546	0.5807863354425231	0
9547	-0.24165460258317734	0
9548	0.341761907997814	0
9549	-0.17943822253270056	0
9550	0.1062202053308922	0
9551	-0.16734737347107875	0
9552	-0.20463888364925398	0
9553	0.10585932821655733	0
9554	-0.16003557754494685	0
9555	0.13966433352095975	0
9556	0.10881456869479386	0
9557	-0.08127277522022755	0
9558	-0.5931738910699978	0
9559	0.05054651605275578	0
9560	-0.01934948924798214	0
9561	-0.2049511106859295	0
9562	0.16377870155020957	0
9563	-0.03603311017985459	0
9564	0.05114711169701925	0
9565	-0.23103481542285875	0
9566	0.1290541377117949	0
9567	-0.23339968080093604	0
9568	0.06383622736234879	0
9569	0.14957838008397617	0
9570	0.455216507735152	0
9571	0.26244617166190787	0
9572	0.04081600129202187	0
9573	-0.2088401083883954	0
9574	-0.4084696309842236	0
9575	0.5385645668226708	0
9576	-0.05931579489592635	0
9577	-0.43582029952638535	0
9578	-0.15566701322538187	0
9579	-0.22284091104969322	0
9580	-0.2977283515095205	0
9581	-0.45606291858554104	0
9582	0.0034304214775191626	0
9583	0.24767344282062426	0
9584	0.4364526828830335	0
9585	-0.46739841403859594	0
9586	0.004346796663858005	0
9587	0.15962050707482972	0
9588	-0.5160442278649667	0
9589	0.11254947870598346	0
9590	-0.5605367753452861	0
9591	0.05817626850571408	0
9592	0.13487779393693833	0
9593	0.005973376654236851	0
9594	-0.16058266603711377	0
9595	0.24587758405278493	0
9596	-0.39995441428136547	0
9597	-0.008142836771444945	0
9598	-0.36373263465609346	0
9599	-0.3343377258043716	0
9600	-0.15801323972497178	0
9601	0.7878092260313407	1
9602	-0.29261951942800274	0
9603	0.05107161510889506	0
9604	-0.21985828169720564	0
9605	0.49076640116564907	0
9606	0.14018159511348932	0
9607	-0.3802395033343857	0
9608	0.271923997114751	0
9609	0.18891803878794422	0
9610	-0.08627582065720998	0
9611	-0.14653413271380966	0
9612	0.5261262386760006	0
9613	-0.1606073828469971	0
9614	-0.45302988960499185	0
9615	-0.181013761884365	0
9616	0.23301934128213092	0
9617	-0.13342987686491906	0
9618	-0.024129128398303296	0
9619	0.053345451699829946	0
9620	-0.46474230835051533	0
9621	0.15589890356875302	0
9622	0.19446944003244512	0
9623	0.3157063498527829	0
9624	-0.288934668072231	0
9625	0.003708083744866295	0
9626	0.10429657962127589	0
9627	0.35808177520381956	0
9628	0.16911256505377056	0
9629	0.02926121241947361	0
9630	0.09504907803324464	0
9631	0.25925309529079793	0
9632	-0.11398414768470333	0
9633	-0.17849052867255316	0
9634	0.7077250111380113	1
9635	-0.014758165163081184	0
9636	-0.3946243559621462	0
9637	0.27669748657433874	0
9638	0.10462662772333291	0
9639	-0.18342000037862508	0
9640	-0.4319491658047059	0
9641	0.22709637946184516	0
9642	-0.11277113195051901	0
9643	0.00037217823552639117	0
9644	0.045639024653768	0
9645	-0.08300143402279815	0
9646	-0.035320802017077234	0
9647	-0.15117990218828953	0
9648	0.5747144479662818	0
9649	0.48404955079493484	0
9650	0.3489262953191665	0
9651	0.2909294718801059	0
9652	-0.0436340147543586	0
9653	0.2948217597141132	0
9654	0.17373520889260075	0
9655	-0.23865152538699796	0
9656	-0.09223868334288754	0
9657	-0.14226678443675705	0
9658	-0.2945351005845753	0
9659	-0.15693261712118864	0
9660	-0.3738993670511668	0
9661	0.22023718839405795	0
9662	-0.2489790556413092	0
9663	0.22361255547851833	0
9664	-0.4200245517018455	0
9665	-0.29743910209906543	0
9666	0.1712868635388773	0
9667	-0.07642847378332945	0
9668	-0.09861999266271	0
9669	0.2789210682511714	0
9670	0.37011416360191896	0
9671	0.06085693138605731	0
9672	0.6012631148340827	1
9673	0.16731682623485228	0
9674	-0.24200614639511275	0
9675	-0.01752555247742047	0
9676	0.05158758658388691	0
9677	0.5025602405659709	0
9678	-0.2959477865355681	0
9679	-0.008985706176592126	0
9680	-0.25184039550919896	0
9681	0.10946491407886094	0
9682	-0.24334564628996885	0
9683	0.06967301718360411	0
9684	0.2758725269011415	0
9685	-0.15718531032644803	0
9686	-0.022264812647114454	0
9687	-0.30674039326885805	0
9688	0.3125216802672083	0
9689	0.4079841801584231	0
9690	-0.07746363330878504	0
9691	0.35771476818846815	0
9692	-0.23220840663474465	0
9693	0.29249265769434263	0
9694	0.42551418011016073	0
9695	0.028283255196391723	0
9696	-0.2182150099940305	0
9697	-0.15584350304671568	0
9698	0.12393863278410633	0
9699	-0.13999821813553762	0
9700	-0.3422665053986967	0
9701	0.16367426279793937	0
9702	0.04049820450202277	0
9703	0.001707112337464197	0
9704	-0.20432242145546373	0
9705	0.06474571819336797	0
9706	0.40390955287985697	0
9707	0.06694404241433127	0
9708	-0.382258813081332	0
9709	0.06176972511410547	0
9710	0.15070495816790186	0
9711	0.0970377557294001	0
9712	-0.3027227120747683	0
9713	-0.11683947563096708	0
9714	-0.1581794936496512	0
9715	-0.05692386473321881	0
9716	-0.09843837759872932	0
9717	0.0218545332402623	0
9718	-0.027016547382459018	0
9719	-0.6517466327406538	0
9720	-0.14193398995369863	0
9721	0.29776401953009046	0
9722	-0.021663462113162134	0
9723	-0.007203629006560275	0
9724	-0.16780764138729054	0
9725	0.19038147271708997	0
9726	0.2725109306500972	0
9727	-0.014859607553501611	0
9728	0.21365144813226244	0
9729	-0.4543145309942006	0
9730	-0.07806052062652151	0
9731	-0.05045212527843068	0
9732	-0.254424323919212	0
9733	-0.16219558375662235	0
9734	-0.302421639338806	0
9735	-0.1954612695495195	0
9736	0.5161989295503174	0
9737	-0.07097237906593062	0
9738	0.1744026893523422	0
9739	0.19468607699188167	0
9740	-0.324305147885905	0
9741	0.0009775326620932495	0
9742	-0.14262412081389916	0
9743	-0.24235410894045192	0
9744	0.05706888165262962	0
9745	-0.39572351401966055	0
9746	-0.47768921443990287	0
9747	0.17794482930279	0
9748	-0.007379176809857375	0
9749	-0.36391240448615325	0
9750	0.25443620231226693	0
9751	-0.16890078598492714	0
9752	-0.32420613610958116	0
9753	-0.051575796131952775	0
9754	0.42662414687315375	0
9755	-0.44989301594304043	0
9756	-0.3748062994085996	0
9757	0.44884669944981703	0
9758	0.10342410636817179	0
9759	0.013756800558299918	0
9760	-0.16823808547464617	0
9761	0.10641194341023139	0
9762	0.08377436160654649	0
9763	-0.13936633504506152	0
9764	-0.442825273504027	0
9765	0.16394531628419368	0
9766	-0.011080543434623252	0
9767	0.020081718521573727	0
9768	-0.18550001241156333	0
9769	0.0635448196299159	0
9770	0.2562875898201994	0
9771	0.41005795117237753	0
9772	0.4170181804782731	0
9773	0.39892032618097384	0
9774	-0.024996529366525105	0
9775	0.5515124967427675	0
9776	-0.05656503669754216	0
9777	-0.09515717319771547	0
9778	-0.025280790757383417	0
9779	0.44886506159750394	0
9780	0.3601405856220563	0
9781	-0.012970070674413171	0
9782	-0.033904045739102724	0
9783	-0.2541085915018777	0
9784	0.1733803154812193	0
9785	-0.021199566252064043	0
9786	0.04019448437986177	0
9787	0.5259876963959772	0
9788	-0.17079416818206095	0
9789	-0.042950732232643216	0
9790	-0.14319505483742948	0
9791	-0.25069359538282066	0
9792	0.15661514650810926	0
9793	0.4525208911476949	0
9794	-0.12837411370679014	0
9795	0.32103331377484434	0
9796	-0.021495516700731118	0
9797	-0.18619609362798256	0
9798	-0.02949337847041974	0
9799	-0.17698405129881858	0
9800	-0.10197568593520781	0
9801	0.5484910695381634	0
9802	-0.14517533110997524	0
9803	0.022328961263623905	0
9804	-0.1615211331022252	0
9805	0.10114029416275461	0
9806	0.15846500918992557	0
9807	-0.031343423391351675	0
9808	-0.36521531874784136	0
9809	-0.08333776555533676	0
9810	0.34771946245297514	0
9811	0.33103584083292226	0
9812	-0.33829006932288336	0
9813	-0.10593761806860333	0
9814	0.03390108801689801	0
9815	-0.021099990289194	0
9816	-0.1682688728868425	0
9817	-0.03601639535239545	0
9818	0.22389602252932572	0
9819	-0.04203986515956565	0
9820	-0.39935996749633695	0
9821	-0.08913380268484519	0
9822	-0.1672151344145795	0
9823	0.17637485220236904	0
9824	0.05642678735255492	0
9825	-0.12698333628598643	0
9826	0.18562187284110676	0
9827	0.16585140184071256	0
9828	-0.09697507109334597	0
9829	-0.24871628612430266	0
9830	0.3822169059062015	0
9831	-0.018869664025622537	0
9832	0.19253381889032045	0
9833	0.021528843096416336	0
9834	0.25339480225152483	0
9835	0.32822059608960363	0
9836	-0.25277154992662476	0
9837	0.3786886100149831	0
9838	0.00928678427345349	0
9839	-0.47681203097313674	0
9840	-0.045932189158164854	0
9841	0.2297305053581909	0
9842	0.17972803038605173	0
9843	0.09359809304156341	0
9844	-0.2822077670737672	0
9845	0.4133250354876393	0
9846	0.04222397311107892	0
9847	0.1724702014128148	0
9848	-0.49805244103826873	0
9849	-0.3077570281602	0
9850	0.4848540100048554	0
9851	0.019336974763788296	0
9852	-0.1094705948294592	0
9853	0.18831226040323545	0
9854	-0.1799172005254882	0
9855	-0.41273157692105533	0
9856	-0.1600469199836747	0
9857	0.06748794739343916	0
9858	0.05052462467204716	0
9859	-0.07116778841144841	0
9860	-0.5106855645893659	0
9861	0.16614784732627083	0
9862	-0.19020858384629594	0
9863	-0.4319904432468159	0
9864	-0.0534563304147798	0
9865	-0.09873037302016147	0
9866	-0.22766033706079442	0
9867	-0.13279043540464108	0
9868	-0.46633069744450184	0
9869	0.28751048432813164	0
9870	0.042588292627146376	0
9871	0.22796171645093216	0
9872	-0.18922684717510233	0
9873	0.1846470997895805	0
9874	0.24237283977567267	0
9875	0.10437673694892258	0
9876	0.17460236402603047	0
9877	-0.06527436775258834	0
9878	-0.45407394369637816	0
9879	0.15078115111245852	0
9880	0.019331916257095426	0
9881	0.15570937438799207	0
9882	-0.08972455811710267	0
9883	-0.2745050444523266	0
9884	0.2490823818024866	0
9885	0.13747829105053094	0
9886	0.14829186033480624	0
9887	-0.16040176698301023	0
9888	-0.18452291999992915	0
9889	0.34305805287748226	0
9890	-0.08756787514012071	0
9891	0.22365821730340263	0
9892	0.2913468932577229	0
9893	0.041761530902691184	0
9894	-0.11842068115019262	0
9895	0.290874352885218	0
9896	0.1398275777866816	0
9897	-0.6138951576203606	0
9898	-0.3384980388885695	0
9899	-0.2855346797560312	0
9900	-0.12054659162137954	0
9901	0.34167239913981207	0
9902	0.2550619784857436	0
9903	-0.12156386995374285	0
9904	-0.01505493644534335	0
9905	0.28453071819063436	0
9906	0.07676848755694105	0
9907	-0.6510874178318922	0
9908	0.13007962984094917	0
9909	0.22798953291312837	0
9910	0.30539156326049915	0
9911	0.3057770818528828	0
9912	0.13715773908325424	0
9913	-0.058371816088709824	0
9914	-0.01727760338837525	0
9915	0.25995276964875147	0
9916	-0.057800321991710424	0
9917	-0.07361962870356073	0
9918	0.26637783229031414	0
9919	-0.2225115613403193	0
9920	-0.35715855521459783	0
9921	-0.22969536944517283	0
9922	-0.36077465496376554	0
9923	0.05539854376180697	0
9924	0.11995946080770656	0
9925	-0.012910992467374132	0
9926	-0.16312550771198353	0
9927	-0.09219910599032044	0
9928	0.13883288415193723	0
9929	0.10831418335657823	0
9930	0.2811376069778937	0
9931	0.49236344337668037	0
9932	-0.6885978702156275	0
9933	-0.2261926245094023	0
9934	0.011233976127519118	0
9935	0.22989882999538686	0
9936	-0.34375225177069535	0
9937	0.12541242338119563	0
9938	0.035433732642073903	0
9939	-0.49757509158952384	0
9940	-0.32125426869691565	0
9941	0.0983868994450349	0
9942	0.48693057097806747	0
9943	-0.4496830784100449	0
9944	0.07344931452156533	0
9945	-0.4758218935575865	0
9946	-0.7456843628559099	0
9947	0.13233219141584243	0
9948	0.15819062702893344	0
9949	-0.18513637776564368	0
9950	-0.04658563840592972	0
9951	0.25594202292849344	0
9952	-0.06386367270304716	0
9953	0.06465883399850636	0
9954	-0.0787846889134737	0
9955	-0.07931457321355337	0
9956	0.24662984160993642	0
9957	0.1946078035065994	0
9958	-0.20316263874362767	0
9959	0.037918725261102085	0
9960	0.11556009580704518	0
9961	-0.0924316176317135	0
9962	0.1703404899138704	0
9963	-0.10299556994493339	0
9964	-0.130558338404209	0
9965	0.31828434178755083	0
9966	-0.07497121289484998	0
9967	0.1180039131928734	0
9968	-0.1380579844469143	0
9969	-0.1180422270337279	0
9970	-0.1327906343082551	0
9971	-0.030858970798973383	0
9972	-0.17563887001763867	0
9973	0.0121906964527103	0
9974	-0.21541286342522725	0
9975	0.0195571586711743	0
9976	0.2407850772184728	0
9977	-0.25665115031964286	0
9978	-0.006822946758323324	0
9979	-0.1026129135281918	0
9980	0.16473211661801684	0
9981	-0.3477795388183146	0
9982	-0.10031826700526184	0
9983	0.0724277131068378	0
9984	-0.06562694198176922	0
9985	-0.27646947960782475	0
9986	-0.38060112555228487	0
9987	0.7513161344542678	1
9988	0.31048735999373855	0
9989	-0.2142332209528464	0
9990	0.26890199039769913	0
9991	-0.45947343286085685	0
9992	-0.11300706658836662	0
9993	0.15337580073069657	0
9994	-0.3802776096240249	0
9995	0.10350472010791474	0
9996	-0.13930213604748934	0
9997	-0.30679860951659177	0
9998	0.10523332235813351	0
9999	0.02706612523931179	0
10000	0.16119458482034538	0
