dataset	run_accession	sample_accession	patient_id	specimen	group	outcome	severity	age	sex	bmi	assay	mapping_confidence	technical_replicate_flag	allowed_unit	note
PRJNA893348	SRR22016121	SAMN31418875	E59	rectal swab	adult ARDS	ARDS	2	27	male	29.39	16S amplicon; single-end Illumina	direct_public_label	False	patient	
PRJNA893348	SRR22016122	SAMN31418950	J20	rectal swab	control	not_applicable	not applicable	51	male	24.22	16S amplicon; single-end Illumina	direct_public_label	False	patient	
PRJNA893348	SRR22016123	SAMN31418949	J19	rectal swab	control	not_applicable	not applicable	41	male	24.47	16S amplicon; single-end Illumina	direct_public_label	False	patient	
PRJNA893348	SRR22016124	SAMN31418948	J18	rectal swab	control	not_applicable	not applicable	34	male	20.28	16S amplicon; single-end Illumina	direct_public_label	False	patient	
PRJNA893348	SRR22016125	SAMN31418947	J17	rectal swab	control	not_applicable	not applicable	29	male	27.78	16S amplicon; single-end Illumina	direct_public_label	True	patient	AP outcome label is direct; duplicated healthy J17 must be collapsed before any control comparison.
PRJNA893348	SRR22016126	SAMN31418947	J17	rectal swab	control	not_applicable	not applicable	29	male	27.78	16S amplicon; single-end Illumina	direct_public_label	True	patient	AP outcome label is direct; duplicated healthy J17 must be collapsed before any control comparison.
PRJNA893348	SRR22016127	SAMN31418874	E56	rectal swab	adult ARDS	ARDS	2	31	male	27.45	16S amplicon; single-end Illumina	direct_public_label	False	patient	
PRJNA893348	SRR22016128	SAMN31418945	J15	rectal swab	control	not_applicable	not applicable	31	male	23.18	16S amplicon; single-end Illumina	direct_public_label	False	patient	
PRJNA893348	SRR22016129	SAMN31418944	J14	rectal swab	control	not_applicable	not applicable	60	male	19.61	16S amplicon; single-end Illumina	direct_public_label	False	patient	
PRJNA893348	SRR22016130	SAMN31418943	J13	rectal swab	control	not_applicable	not applicable	53	male	27.87	16S amplicon; single-end Illumina	direct_public_label	False	patient	
PRJNA893348	SRR22016131	SAMN31418942	J12	rectal swab	control	not_applicable	not applicable	31	female	21.03	16S amplicon; single-end Illumina	direct_public_label	False	patient	
PRJNA893348	SRR22016132	SAMN31418941	J11	rectal swab	control	not_applicable	not applicable	27	female	19.31	16S amplicon; single-end Illumina	direct_public_label	False	patient	
PRJNA893348	SRR22016133	SAMN31418940	J10	rectal swab	control	not_applicable	not applicable	58	female	23.16	16S amplicon; single-end Illumina	direct_public_label	False	patient	
PRJNA893348	SRR22016134	SAMN31418939	J9	rectal swab	control	not_applicable	not applicable	58	female	24.81	16S amplicon; single-end Illumina	direct_public_label	False	patient	
PRJNA893348	SRR22016135	SAMN31418938	J8	rectal swab	control	not_applicable	not applicable	37	female	18.53	16S amplicon; single-end Illumina	direct_public_label	False	patient	
PRJNA893348	SRR22016136	SAMN31418937	J7	rectal swab	control	not_applicable	not applicable	30	male	27.04	16S amplicon; single-end Illumina	direct_public_label	False	patient	
PRJNA893348	SRR22016137	SAMN31418936	J6	rectal swab	control	not_applicable	not applicable	24	female	22.71	16S amplicon; single-end Illumina	direct_public_label	False	patient	
PRJNA893348	SRR22016138	SAMN31418873	E37	rectal swab	adult ARDS	ARDS	2	46	male	22.78	16S amplicon; single-end Illumina	direct_public_label	False	patient	
PRJNA893348	SRR22016139	SAMN31418935	J5	rectal swab	control	not_applicable	not applicable	33	female	21.04	16S amplicon; single-end Illumina	direct_public_label	False	patient	
PRJNA893348	SRR22016140	SAMN31418934	J4	rectal swab	control	not_applicable	not applicable	28	female	20.28	16S amplicon; single-end Illumina	direct_public_label	False	patient	
PRJNA893348	SRR22016141	SAMN31418933	J3	rectal swab	control	not_applicable	not applicable	28	female	19.24	16S amplicon; single-end Illumina	direct_public_label	False	patient	
PRJNA893348	SRR22016142	SAMN31418932	J2	rectal swab	control	not_applicable	not applicable	37	male	24.83	16S amplicon; single-end Illumina	direct_public_label	False	patient	
PRJNA893348	SRR22016143	SAMN31418931	J1	rectal swab	control	not_applicable	not applicable	30	male	24.81	16S amplicon; single-end Illumina	direct_public_label	False	patient	
PRJNA893348	SRR22016144	SAMN31418930	Z24	rectal swab	adult nonARDS	nonARDS	0	32	male	32.22	16S amplicon; single-end Illumina	direct_public_label	False	patient	
PRJNA893348	SRR22016145	SAMN31418929	E61	rectal swab	adult nonARDS	nonARDS	0	32	male	27.44	16S amplicon; single-end Illumina	direct_public_label	False	patient	
PRJNA893348	SRR22016146	SAMN31418928	E58	rectal swab	adult nonARDS	nonARDS	0	49	female	26.14	16S amplicon; single-end Illumina	direct_public_label	False	patient	
PRJNA893348	SRR22016147	SAMN31418927	E53	rectal swab	adult nonARDS	nonARDS	0	38	male	22.48	16S amplicon; single-end Illumina	direct_public_label	False	patient	
PRJNA893348	SRR22016148	SAMN31418926	E52	rectal swab	adult nonARDS	nonARDS	0	40	female	23.94	16S amplicon; single-end Illumina	direct_public_label	False	patient	
PRJNA893348	SRR22016149	SAMN31418872	E14	rectal swab	adult ARDS	ARDS	2	39	male	25.58	16S amplicon; single-end Illumina	direct_public_label	False	patient	
PRJNA893348	SRR22016150	SAMN31418925	E49	rectal swab	adult nonARDS	nonARDS	0	30	male	28.9	16S amplicon; single-end Illumina	direct_public_label	False	patient	
PRJNA893348	SRR22016151	SAMN31418924	E47	rectal swab	adult nonARDS	nonARDS	0	79	male	24.18	16S amplicon; single-end Illumina	direct_public_label	False	patient	
PRJNA893348	SRR22016152	SAMN31418923	E44	rectal swab	adult nonARDS	nonARDS	0	54	female	24.67	16S amplicon; single-end Illumina	direct_public_label	False	patient	
PRJNA893348	SRR22016153	SAMN31418922	E43	rectal swab	adult nonARDS	nonARDS	0	72	male	27.81	16S amplicon; single-end Illumina	direct_public_label	False	patient	
PRJNA893348	SRR22016154	SAMN31418921	E42	rectal swab	adult nonARDS	nonARDS	0	50	female	27.94	16S amplicon; single-end Illumina	direct_public_label	False	patient	
PRJNA893348	SRR22016155	SAMN31418920	E40	rectal swab	adult nonARDS	nonARDS	0	38	female	23.41	16S amplicon; single-end Illumina	direct_public_label	False	patient	
PRJNA893348	SRR22016156	SAMN31418919	E36	rectal swab	adult nonARDS	nonARDS	0	62	male	25.91	16S amplicon; single-end Illumina	direct_public_label	False	patient	
PRJNA893348	SRR22016157	SAMN31418918	E33	rectal swab	adult nonARDS	nonARDS	0	22	female	23.15	16S amplicon; single-end Illumina	direct_public_label	False	patient	
PRJNA893348	SRR22016158	SAMN31418917	E31	rectal swab	adult nonARDS	nonARDS	0	57	female	25.96	16S amplicon; single-end Illumina	direct_public_label	False	patient	
PRJNA893348	SRR22016159	SAMN31418916	E30	rectal swab	adult nonARDS	nonARDS	0	73	female	23.45	16S amplicon; single-end Illumina	direct_public_label	False	patient	
PRJNA893348	SRR22016160	SAMN31418871	E8	rectal swab	adult ARDS	ARDS	2	50	male	23.21	16S amplicon; single-end Illumina	direct_public_label	False	patient	
PRJNA893348	SRR22016161	SAMN31418915	E28	rectal swab	adult nonARDS	nonARDS	0	57	female	24.25	16S amplicon; single-end Illumina	direct_public_label	False	patient	
PRJNA893348	SRR22016162	SAMN31418914	E21	rectal swab	adult nonARDS	nonARDS	0	36	male	27.88	16S amplicon; single-end Illumina	direct_public_label	False	patient	
PRJNA893348	SRR22016163	SAMN31418913	E20	rectal swab	adult nonARDS	nonARDS	0	40	male	28.21	16S amplicon; single-end Illumina	direct_public_label	False	patient	
PRJNA893348	SRR22016164	SAMN31418912	E16	rectal swab	adult nonARDS	nonARDS	0	59	female	27.78	16S amplicon; single-end Illumina	direct_public_label	False	patient	
PRJNA893348	SRR22016165	SAMN31418911	E6	rectal swab	adult nonARDS	nonARDS	0	45	male	25.42	16S amplicon; single-end Illumina	direct_public_label	False	patient	
PRJNA893348	SRR22016166	SAMN31418910	E2	rectal swab	adult nonARDS	nonARDS	0	38	male	25.01	16S amplicon; single-end Illumina	direct_public_label	False	patient	
PRJNA893348	SRR22016167	SAMN31418909	Z44	rectal swab	adult nonARDS	nonARDS	0	28	female	18.36	16S amplicon; single-end Illumina	direct_public_label	False	patient	
PRJNA893348	SRR22016168	SAMN31418908	Z43	rectal swab	adult nonARDS	nonARDS	0	40	male	30	16S amplicon; single-end Illumina	direct_public_label	False	patient	
PRJNA893348	SRR22016169	SAMN31418907	Z41	rectal swab	adult nonARDS	nonARDS	0	26	female	25	16S amplicon; single-end Illumina	direct_public_label	False	patient	
PRJNA893348	SRR22016170	SAMN31418906	Z36	rectal swab	adult nonARDS	nonARDS	0	59	female	23.87	16S amplicon; single-end Illumina	direct_public_label	False	patient	
PRJNA893348	SRR22016171	SAMN31418870	E64	rectal swab	adult ARDS	ARDS	3	72	male	26.31	16S amplicon; single-end Illumina	direct_public_label	False	patient	
PRJNA893348	SRR22016172	SAMN31418905	Z29	rectal swab	adult nonARDS	nonARDS	0	37	male	35.51	16S amplicon; single-end Illumina	direct_public_label	False	patient	
PRJNA893348	SRR22016173	SAMN31418904	E74	rectal swab	adult nonARDS	nonARDS	0	37	female	21.74	16S amplicon; single-end Illumina	direct_public_label	False	patient	
PRJNA893348	SRR22016174	SAMN31418903	E73	rectal swab	adult nonARDS	nonARDS	0	43	female	30.86	16S amplicon; single-end Illumina	direct_public_label	False	patient	
PRJNA893348	SRR22016175	SAMN31418902	E69	rectal swab	adult nonARDS	nonARDS	0	65	female	23.14	16S amplicon; single-end Illumina	direct_public_label	False	patient	
PRJNA893348	SRR22016176	SAMN31418901	E65	rectal swab	adult nonARDS	nonARDS	0	43	female	23.18	16S amplicon; single-end Illumina	direct_public_label	False	patient	
PRJNA893348	SRR22016177	SAMN31418900	E51	rectal swab	adult nonARDS	nonARDS	0	27	female	27.52	16S amplicon; single-end Illumina	direct_public_label	False	patient	
PRJNA893348	SRR22016178	SAMN31418899	E48	rectal swab	adult nonARDS	nonARDS	0	29	female	23.79	16S amplicon; single-end Illumina	direct_public_label	False	patient	
PRJNA893348	SRR22016179	SAMN31418898	E32	rectal swab	adult nonARDS	nonARDS	0	51	female	25.88	16S amplicon; single-end Illumina	direct_public_label	False	patient	
PRJNA893348	SRR22016180	SAMN31418897	E29	rectal swab	adult nonARDS	nonARDS	0	29	male	27.41	16S amplicon; single-end Illumina	direct_public_label	False	patient	
PRJNA893348	SRR22016181	SAMN31418896	E25	rectal swab	adult nonARDS	nonARDS	0	33	male	34.66	16S amplicon; single-end Illumina	direct_public_label	False	patient	
PRJNA893348	SRR22016182	SAMN31418869	E54	rectal swab	adult ARDS	ARDS	3	37	female	27.08	16S amplicon; single-end Illumina	direct_public_label	False	patient	
PRJNA893348	SRR22016183	SAMN31418895	E23	rectal swab	adult nonARDS	nonARDS	0	71	female	24.02	16S amplicon; single-end Illumina	direct_public_label	False	patient	
PRJNA893348	SRR22016184	SAMN31418894	E17	rectal swab	adult nonARDS	nonARDS	0	34	male	29.07	16S amplicon; single-end Illumina	direct_public_label	False	patient	
PRJNA893348	SRR22016185	SAMN31418893	E7	rectal swab	adult nonARDS	nonARDS	0	43	female	31.25	16S amplicon; single-end Illumina	direct_public_label	False	patient	
PRJNA893348	SRR22016186	SAMN31418892	E24	rectal swab	adult nonARDS	nonARDS	0	24	male	20.06	16S amplicon; single-end Illumina	direct_public_label	False	patient	
PRJNA893348	SRR22016187	SAMN31418891	E70	rectal swab	adult ARDS	ARDS	1	80	male	25.85	16S amplicon; single-end Illumina	direct_public_label	False	patient	
PRJNA893348	SRR22016188	SAMN31418890	E67	rectal swab	adult ARDS	ARDS	1	40	male	32.44	16S amplicon; single-end Illumina	direct_public_label	False	patient	
PRJNA893348	SRR22016189	SAMN31418889	E63	rectal swab	adult ARDS	ARDS	1	78	female	21.05	16S amplicon; single-end Illumina	direct_public_label	False	patient	
PRJNA893348	SRR22016190	SAMN31418888	E26	rectal swab	adult ARDS	ARDS	1	38	male	24.77	16S amplicon; single-end Illumina	direct_public_label	False	patient	
PRJNA893348	SRR22016191	SAMN31418887	Z23	rectal swab	adult ARDS	ARDS	1	41	female	27.41	16S amplicon; single-end Illumina	direct_public_label	False	patient	
PRJNA893348	SRR22016192	SAMN31418886	E72	rectal swab	adult ARDS	ARDS	1	61	female	25.31	16S amplicon; single-end Illumina	direct_public_label	False	patient	
PRJNA893348	SRR22016193	SAMN31418868	E41	rectal swab	adult ARDS	ARDS	3	47	male	26.24	16S amplicon; single-end Illumina	direct_public_label	False	patient	
PRJNA893348	SRR22016194	SAMN31418885	E60	rectal swab	adult ARDS	ARDS	1	49	female	23.61	16S amplicon; single-end Illumina	direct_public_label	False	patient	
PRJNA893348	SRR22016195	SAMN31418884	E55	rectal swab	adult ARDS	ARDS	1	31	female	28.53	16S amplicon; single-end Illumina	direct_public_label	False	patient	
PRJNA893348	SRR22016196	SAMN31418883	E38	rectal swab	adult ARDS	ARDS	1	49	male	28.34	16S amplicon; single-end Illumina	direct_public_label	False	patient	
PRJNA893348	SRR22016197	SAMN31418882	E27	rectal swab	adult ARDS	ARDS	1	48	male	28.59	16S amplicon; single-end Illumina	direct_public_label	False	patient	
PRJNA893348	SRR22016198	SAMN31418881	E12	rectal swab	adult ARDS	ARDS	1	45	male	39.15	16S amplicon; single-end Illumina	direct_public_label	False	patient	
PRJNA893348	SRR22016199	SAMN31418880	E10	rectal swab	adult ARDS	ARDS	1	42	female	22.26	16S amplicon; single-end Illumina	direct_public_label	False	patient	
PRJNA893348	SRR22016200	SAMN31418879	E66	rectal swab	adult ARDS	ARDS	2	42	male	29.68	16S amplicon; single-end Illumina	direct_public_label	False	patient	
PRJNA893348	SRR22016201	SAMN31418878	E18	rectal swab	adult ARDS	ARDS	2	63	male	28.45	16S amplicon; single-end Illumina	direct_public_label	False	patient	
PRJNA893348	SRR22016202	SAMN31418877	Z31	rectal swab	adult ARDS	ARDS	2	42	female	20.45	16S amplicon; single-end Illumina	direct_public_label	False	patient	
PRJNA893348	SRR22016203	SAMN31418876	Z26	rectal swab	adult ARDS	ARDS	2	61	female	22.22	16S amplicon; single-end Illumina	direct_public_label	False	patient	
PRJNA893348	SRR22016204	SAMN31418867	E35	rectal swab	adult ARDS	ARDS	3	43	male	24.59	16S amplicon; single-end Illumina	direct_public_label	False	patient	
PRJNA893348	SRR22016205	SAMN31418866	E1	rectal swab	adult ARDS	ARDS	3	64	male	27.55	16S amplicon; single-end Illumina	direct_public_label	False	patient	
PRJNA428535	SRR6441852	SAMN08294789	Infected-1	blood	Infected	having suspected or documented infection but without complicated organ dysfunction	severe acute pancreatitis	39	male		16S V3 357F/518R; Ion Torrent PGM	direct_alias_pair	False	patient_pair	Low-biomass module; sequenced extraction blanks are not public.
PRJNA428535	SRR6441853	SAMN08294788	Uninfected-17	blood	Uninfected	no suspected or documented infection	severe acute pancreatitis	32	male		16S V3 357F/518R; Ion Torrent PGM	direct_alias_pair	False	patient_pair	Low-biomass module; sequenced extraction blanks are not public.
PRJNA428535	SRR6441854	SAMN08294787	Uninfected-16	blood	Uninfected	no suspected or documented infection	severe acute pancreatitis	43	male		16S V3 357F/518R; Ion Torrent PGM	direct_alias_pair	False	patient_pair	Low-biomass module; sequenced extraction blanks are not public.
PRJNA428535	SRR6441855	SAMN08294786	Uninfected-15	blood	Uninfected	no suspected or documented infection	severe acute pancreatitis	46	female		16S V3 357F/518R; Ion Torrent PGM	direct_alias_pair	False	patient_pair	Low-biomass module; sequenced extraction blanks are not public.
PRJNA428535	SRR6441856	SAMN08294785	Uninfected-14	blood	Uninfected	no suspected or documented infection	severe acute pancreatitis	66	female		16S V3 357F/518R; Ion Torrent PGM	direct_alias_pair	False	patient_pair	Low-biomass module; sequenced extraction blanks are not public.
PRJNA428535	SRR6441857	SAMN08294784	Uninfected-13	blood	Uninfected	no suspected or documented infection	severe acute pancreatitis	48	male		16S V3 357F/518R; Ion Torrent PGM	direct_alias_pair	False	patient_pair	Low-biomass module; sequenced extraction blanks are not public.
PRJNA428535	SRR6441858	SAMN08294783	Uninfected-12	blood	Uninfected	no suspected or documented infection	severe acute pancreatitis	35	male		16S V3 357F/518R; Ion Torrent PGM	direct_alias_pair	False	patient_pair	Low-biomass module; sequenced extraction blanks are not public.
PRJNA428535	SRR6441859	SAMN08294782	Uninfected-11	blood	Uninfected	no suspected or documented infection	severe acute pancreatitis	22	female		16S V3 357F/518R; Ion Torrent PGM	direct_alias_pair	False	patient_pair	Low-biomass module; sequenced extraction blanks are not public.
PRJNA428535	SRR6441860	SAMN08294781	Uninfected-10	blood	Uninfected	no suspected or documented infection	severe acute pancreatitis	61	female		16S V3 357F/518R; Ion Torrent PGM	direct_alias_pair	False	patient_pair	Low-biomass module; sequenced extraction blanks are not public.
PRJNA428535	SRR6441861	SAMN08294780	Uninfected-9	blood	Uninfected	no suspected or documented infection	severe acute pancreatitis	54	female		16S V3 357F/518R; Ion Torrent PGM	direct_alias_pair	False	patient_pair	Low-biomass module; sequenced extraction blanks are not public.
PRJNA428535	SRR6441862	SAMN08294798	Infected-10	blood	Infected	having suspected or documented infection but without complicated organ dysfunction	severe acute pancreatitis	37	male		16S V3 357F/518R; Ion Torrent PGM	direct_alias_pair	False	patient_pair	Low-biomass module; sequenced extraction blanks are not public.
PRJNA428535	SRR6441863	SAMN08294799	Infected-11	blood	Infected	having suspected or documented infection but without complicated organ dysfunction	severe acute pancreatitis	61	female		16S V3 357F/518R; Ion Torrent PGM	direct_alias_pair	False	patient_pair	Low-biomass module; sequenced extraction blanks are not public.
PRJNA428535	SRR6441864	SAMN08294790	Infected-2	blood	Infected	having suspected or documented infection but without complicated organ dysfunction	severe acute pancreatitis	23	female		16S V3 357F/518R; Ion Torrent PGM	direct_alias_pair	False	patient_pair	Low-biomass module; sequenced extraction blanks are not public.
PRJNA428535	SRR6441865	SAMN08294791	Infected-3	blood	Infected	having suspected or documented infection but without complicated organ dysfunction	severe acute pancreatitis	45	male		16S V3 357F/518R; Ion Torrent PGM	direct_alias_pair	False	patient_pair	Low-biomass module; sequenced extraction blanks are not public.
PRJNA428535	SRR6441866	SAMN08294792	Infected-4	blood	Infected	having suspected or documented infection but without complicated organ dysfunction	severe acute pancreatitis	27	male		16S V3 357F/518R; Ion Torrent PGM	direct_alias_pair	False	patient_pair	Low-biomass module; sequenced extraction blanks are not public.
PRJNA428535	SRR6441867	SAMN08294793	Infected-5	blood	Infected	having suspected or documented infection but without complicated organ dysfunction	severe acute pancreatitis	63	female		16S V3 357F/518R; Ion Torrent PGM	direct_alias_pair	False	patient_pair	Low-biomass module; sequenced extraction blanks are not public.
PRJNA428535	SRR6441868	SAMN08294794	Infected-6	blood	Infected	having suspected or documented infection but without complicated organ dysfunction	severe acute pancreatitis	49	male		16S V3 357F/518R; Ion Torrent PGM	direct_alias_pair	False	patient_pair	Low-biomass module; sequenced extraction blanks are not public.
PRJNA428535	SRR6441869	SAMN08294795	Infected-7	blood	Infected	having suspected or documented infection but without complicated organ dysfunction	severe acute pancreatitis	49	male		16S V3 357F/518R; Ion Torrent PGM	direct_alias_pair	False	patient_pair	Low-biomass module; sequenced extraction blanks are not public.
PRJNA428535	SRR6441870	SAMN08294796	Infected-8	blood	Infected	having suspected or documented infection but without complicated organ dysfunction	severe acute pancreatitis	28	male		16S V3 357F/518R; Ion Torrent PGM	direct_alias_pair	False	patient_pair	Low-biomass module; sequenced extraction blanks are not public.
PRJNA428535	SRR6441871	SAMN08294797	Infected-9	blood	Infected	having suspected or documented infection but without complicated organ dysfunction	severe acute pancreatitis	30	female		16S V3 357F/518R; Ion Torrent PGM	direct_alias_pair	False	patient_pair	Low-biomass module; sequenced extraction blanks are not public.
PRJNA428535	SRR6441872	SAMN08294768	Control-9	blood	Control	healthy	healthy	35	female		16S V3 357F/518R; Ion Torrent PGM	direct_alias_pair	False	patient_pair	Low-biomass module; sequenced extraction blanks are not public.
PRJNA428535	SRR6441873	SAMN08294769	Control-10	blood	Control	healthy	healthy	50	female		16S V3 357F/518R; Ion Torrent PGM	direct_alias_pair	False	patient_pair	Low-biomass module; sequenced extraction blanks are not public.
PRJNA428535	SRR6441874	SAMN08294766	Control-7	blood	Control	healthy	healthy	51	female		16S V3 357F/518R; Ion Torrent PGM	direct_alias_pair	False	patient_pair	Low-biomass module; sequenced extraction blanks are not public.
PRJNA428535	SRR6441875	SAMN08294767	Control-8	blood	Control	healthy	healthy	38	female		16S V3 357F/518R; Ion Torrent PGM	direct_alias_pair	False	patient_pair	Low-biomass module; sequenced extraction blanks are not public.
PRJNA428535	SRR6441876	SAMN08294764	Control-5	blood	Control	healthy	healthy	37	male		16S V3 357F/518R; Ion Torrent PGM	direct_alias_pair	False	patient_pair	Low-biomass module; sequenced extraction blanks are not public.
PRJNA428535	SRR6441877	SAMN08294765	Control-6	blood	Control	healthy	healthy	60	female		16S V3 357F/518R; Ion Torrent PGM	direct_alias_pair	False	patient_pair	Low-biomass module; sequenced extraction blanks are not public.
PRJNA428535	SRR6441878	SAMN08294762	Control-3	blood	Control	healthy	healthy	42	male		16S V3 357F/518R; Ion Torrent PGM	direct_alias_pair	False	patient_pair	Low-biomass module; sequenced extraction blanks are not public.
PRJNA428535	SRR6441879	SAMN08294763	Control-4	blood	Control	healthy	healthy	35	female		16S V3 357F/518R; Ion Torrent PGM	direct_alias_pair	False	patient_pair	Low-biomass module; sequenced extraction blanks are not public.
PRJNA428535	SRR6441880	SAMN08294760	Control-1	blood	Control	healthy	healthy	28	male		16S V3 357F/518R; Ion Torrent PGM	direct_alias_pair	False	patient_pair	Low-biomass module; sequenced extraction blanks are not public.
PRJNA428535	SRR6441881	SAMN08294761	Control-2	blood	Control	healthy	healthy	27	male		16S V3 357F/518R; Ion Torrent PGM	direct_alias_pair	False	patient_pair	Low-biomass module; sequenced extraction blanks are not public.
PRJNA428535	SRR6441882	SAMN08294776	Uninfected-5	blood	Uninfected	no suspected or documented infection	severe acute pancreatitis	28	male		16S V3 357F/518R; Ion Torrent PGM	direct_alias_pair	False	patient_pair	Low-biomass module; sequenced extraction blanks are not public.
PRJNA428535	SRR6441883	SAMN08294777	Uninfected-6	blood	Uninfected	no suspected or documented infection	severe acute pancreatitis	36	male		16S V3 357F/518R; Ion Torrent PGM	direct_alias_pair	False	patient_pair	Low-biomass module; sequenced extraction blanks are not public.
PRJNA428535	SRR6441884	SAMN08294774	Uninfected-3	blood	Uninfected	no suspected or documented infection	severe acute pancreatitis	42	female		16S V3 357F/518R; Ion Torrent PGM	direct_alias_pair	False	patient_pair	Low-biomass module; sequenced extraction blanks are not public.
PRJNA428535	SRR6441885	SAMN08294775	Uninfected-4	blood	Uninfected	no suspected or documented infection	severe acute pancreatitis	49	male		16S V3 357F/518R; Ion Torrent PGM	direct_alias_pair	False	patient_pair	Low-biomass module; sequenced extraction blanks are not public.
PRJNA428535	SRR6441886	SAMN08294772	Uninfected-1	blood	Uninfected	no suspected or documented infection	severe acute pancreatitis	36	male		16S V3 357F/518R; Ion Torrent PGM	direct_alias_pair	False	patient_pair	Low-biomass module; sequenced extraction blanks are not public.
PRJNA428535	SRR6441887	SAMN08294773	Uninfected-2	blood	Uninfected	no suspected or documented infection	severe acute pancreatitis	42	female		16S V3 357F/518R; Ion Torrent PGM	direct_alias_pair	False	patient_pair	Low-biomass module; sequenced extraction blanks are not public.
PRJNA428535	SRR6441888	SAMN08294770	Control-11	blood	Control	healthy	healthy	68	male		16S V3 357F/518R; Ion Torrent PGM	direct_alias_pair	False	patient_pair	Low-biomass module; sequenced extraction blanks are not public.
PRJNA428535	SRR6441889	SAMN08294771	Control-12	blood	Control	healthy	healthy	49	male		16S V3 357F/518R; Ion Torrent PGM	direct_alias_pair	False	patient_pair	Low-biomass module; sequenced extraction blanks are not public.
PRJNA428535	SRR6441890	SAMN08294778	Uninfected-7	blood	Uninfected	no suspected or documented infection	severe acute pancreatitis	54	female		16S V3 357F/518R; Ion Torrent PGM	direct_alias_pair	False	patient_pair	Low-biomass module; sequenced extraction blanks are not public.
PRJNA428535	SRR6441891	SAMN08294779	Uninfected-8	blood	Uninfected	no suspected or documented infection	severe acute pancreatitis	39	male		16S V3 357F/518R; Ion Torrent PGM	direct_alias_pair	False	patient_pair	Low-biomass module; sequenced extraction blanks are not public.
PRJNA428535	SRR6441892	SAMN08294849	Uninfected-16	neutrophils	Uninfected	no suspected or documented infection	severe acute pancreatitis	43	male		16S V3 357F/518R; Ion Torrent PGM	direct_alias_pair	False	patient_pair	Low-biomass module; sequenced extraction blanks are not public.
PRJNA428535	SRR6441893	SAMN08294848	Uninfected-15	neutrophils	Uninfected	no suspected or documented infection	severe acute pancreatitis	46	female		16S V3 357F/518R; Ion Torrent PGM	direct_alias_pair	False	patient_pair	Low-biomass module; sequenced extraction blanks are not public.
PRJNA428535	SRR6441894	SAMN08294845	Uninfected-12	neutrophils	Uninfected	no suspected or documented infection	severe acute pancreatitis	35	male		16S V3 357F/518R; Ion Torrent PGM	direct_alias_pair	False	patient_pair	Low-biomass module; sequenced extraction blanks are not public.
PRJNA428535	SRR6441895	SAMN08294844	Uninfected-11	neutrophils	Uninfected	no suspected or documented infection	severe acute pancreatitis	22	female		16S V3 357F/518R; Ion Torrent PGM	direct_alias_pair	False	patient_pair	Low-biomass module; sequenced extraction blanks are not public.
PRJNA428535	SRR6441896	SAMN08294847	Uninfected-14	neutrophils	Uninfected	no suspected or documented infection	severe acute pancreatitis	66	female		16S V3 357F/518R; Ion Torrent PGM	direct_alias_pair	False	patient_pair	Low-biomass module; sequenced extraction blanks are not public.
PRJNA428535	SRR6441897	SAMN08294846	Uninfected-13	neutrophils	Uninfected	no suspected or documented infection	severe acute pancreatitis	48	male		16S V3 357F/518R; Ion Torrent PGM	direct_alias_pair	False	patient_pair	Low-biomass module; sequenced extraction blanks are not public.
PRJNA428535	SRR6441898	SAMN08294841	Uninfected-8	neutrophils	Uninfected	no suspected or documented infection	severe acute pancreatitis	39	male		16S V3 357F/518R; Ion Torrent PGM	direct_alias_pair	False	patient_pair	Low-biomass module; sequenced extraction blanks are not public.
PRJNA428535	SRR6441899	SAMN08294840	Uninfected-7	neutrophils	Uninfected	no suspected or documented infection	severe acute pancreatitis	54	female		16S V3 357F/518R; Ion Torrent PGM	direct_alias_pair	False	patient_pair	Low-biomass module; sequenced extraction blanks are not public.
PRJNA428535	SRR6441900	SAMN08294843	Uninfected-10	neutrophils	Uninfected	no suspected or documented infection	severe acute pancreatitis	61	female		16S V3 357F/518R; Ion Torrent PGM	direct_alias_pair	False	patient_pair	Low-biomass module; sequenced extraction blanks are not public.
PRJNA428535	SRR6441901	SAMN08294842	Uninfected-9	neutrophils	Uninfected	no suspected or documented infection	severe acute pancreatitis	54	female		16S V3 357F/518R; Ion Torrent PGM	direct_alias_pair	False	patient_pair	Low-biomass module; sequenced extraction blanks are not public.
PRJNA428535	SRR6441902	SAMN08294823	Control-2	neutrophils	Control	healthy	healthy	27	male		16S V3 357F/518R; Ion Torrent PGM	direct_alias_pair	False	patient_pair	Low-biomass module; sequenced extraction blanks are not public.
PRJNA428535	SRR6441903	SAMN08294822	Control-1	neutrophils	Control	healthy	healthy	28	male		16S V3 357F/518R; Ion Torrent PGM	direct_alias_pair	False	patient_pair	Low-biomass module; sequenced extraction blanks are not public.
PRJNA428535	SRR6441904	SAMN08294821	Septic-17	blood	Septic	sepsis	severe acute pancreatitis	45	male		16S V3 357F/518R; Ion Torrent PGM	direct_alias_pair	False	patient_pair	Low-biomass module; sequenced extraction blanks are not public.
PRJNA428535	SRR6441905	SAMN08294820	Septic-16	blood	Septic	sepsis	severe acute pancreatitis	49	male		16S V3 357F/518R; Ion Torrent PGM	direct_alias_pair	False	patient_pair	Low-biomass module; sequenced extraction blanks are not public.
PRJNA428535	SRR6441906	SAMN08294827	Control-6	neutrophils	Control	healthy	healthy	60	female		16S V3 357F/518R; Ion Torrent PGM	direct_alias_pair	False	patient_pair	Low-biomass module; sequenced extraction blanks are not public.
PRJNA428535	SRR6441907	SAMN08294826	Control-5	neutrophils	Control	healthy	healthy	37	male		16S V3 357F/518R; Ion Torrent PGM	direct_alias_pair	False	patient_pair	Low-biomass module; sequenced extraction blanks are not public.
PRJNA428535	SRR6441908	SAMN08294825	Control-4	neutrophils	Control	healthy	healthy	35	female		16S V3 357F/518R; Ion Torrent PGM	direct_alias_pair	False	patient_pair	Low-biomass module; sequenced extraction blanks are not public.
PRJNA428535	SRR6441909	SAMN08294824	Control-3	neutrophils	Control	healthy	healthy	42	male		16S V3 357F/518R; Ion Torrent PGM	direct_alias_pair	False	patient_pair	Low-biomass module; sequenced extraction blanks are not public.
PRJNA428535	SRR6441910	SAMN08294829	Control-8	neutrophils	Control	healthy	healthy	38	female		16S V3 357F/518R; Ion Torrent PGM	direct_alias_pair	False	patient_pair	Low-biomass module; sequenced extraction blanks are not public.
PRJNA428535	SRR6441911	SAMN08294828	Control-7	neutrophils	Control	healthy	healthy	51	female		16S V3 357F/518R; Ion Torrent PGM	direct_alias_pair	False	patient_pair	Low-biomass module; sequenced extraction blanks are not public.
PRJNA428535	SRR6441912	SAMN08294883	Septic-17	neutrophils	Septic	sepsis	severe acute pancreatitis	45	male		16S V3 357F/518R; Ion Torrent PGM	direct_alias_pair	False	patient_pair	Low-biomass module; sequenced extraction blanks are not public.
PRJNA428535	SRR6441913	SAMN08294882	Septic-16	neutrophils	Septic	sepsis	severe acute pancreatitis	49	male		16S V3 357F/518R; Ion Torrent PGM	direct_alias_pair	False	patient_pair	Low-biomass module; sequenced extraction blanks are not public.
PRJNA428535	SRR6441914	SAMN08294881	Septic-15	neutrophils	Septic	sepsis	severe acute pancreatitis	46	female		16S V3 357F/518R; Ion Torrent PGM	direct_alias_pair	False	patient_pair	Low-biomass module; sequenced extraction blanks are not public.
PRJNA428535	SRR6441915	SAMN08294880	Septic-14	neutrophils	Septic	sepsis	severe acute pancreatitis	41	female		16S V3 357F/518R; Ion Torrent PGM	direct_alias_pair	False	patient_pair	Low-biomass module; sequenced extraction blanks are not public.
PRJNA428535	SRR6441916	SAMN08294858	Infected-8	neutrophils	Infected	having suspected or documented infection but without complicated organ dysfunction	severe acute pancreatitis	28	male		16S V3 357F/518R; Ion Torrent PGM	direct_alias_pair	False	patient_pair	Low-biomass module; sequenced extraction blanks are not public.
PRJNA428535	SRR6441917	SAMN08294859	Infected-9	neutrophils	Infected	having suspected or documented infection but without complicated organ dysfunction	severe acute pancreatitis	30	female		16S V3 357F/518R; Ion Torrent PGM	direct_alias_pair	False	patient_pair	Low-biomass module; sequenced extraction blanks are not public.
PRJNA428535	SRR6441918	SAMN08294856	Infected-6	neutrophils	Infected	having suspected or documented infection but without complicated organ dysfunction	severe acute pancreatitis	49	male		16S V3 357F/518R; Ion Torrent PGM	direct_alias_pair	False	patient_pair	Low-biomass module; sequenced extraction blanks are not public.
PRJNA428535	SRR6441919	SAMN08294857	Infected-7	neutrophils	Infected	having suspected or documented infection but without complicated organ dysfunction	severe acute pancreatitis	49	male		16S V3 357F/518R; Ion Torrent PGM	direct_alias_pair	False	patient_pair	Low-biomass module; sequenced extraction blanks are not public.
PRJNA428535	SRR6441920	SAMN08294854	Infected-4	neutrophils	Infected	having suspected or documented infection but without complicated organ dysfunction	severe acute pancreatitis	27	male		16S V3 357F/518R; Ion Torrent PGM	direct_alias_pair	False	patient_pair	Low-biomass module; sequenced extraction blanks are not public.
PRJNA428535	SRR6441921	SAMN08294855	Infected-5	neutrophils	Infected	having suspected or documented infection but without complicated organ dysfunction	severe acute pancreatitis	63	female		16S V3 357F/518R; Ion Torrent PGM	direct_alias_pair	False	patient_pair	Low-biomass module; sequenced extraction blanks are not public.
PRJNA428535	SRR6441922	SAMN08294852	Infected-2	neutrophils	Infected	having suspected or documented infection but without complicated organ dysfunction	severe acute pancreatitis	23	female		16S V3 357F/518R; Ion Torrent PGM	direct_alias_pair	False	patient_pair	Low-biomass module; sequenced extraction blanks are not public.
PRJNA428535	SRR6441923	SAMN08294853	Infected-3	neutrophils	Infected	having suspected or documented infection but without complicated organ dysfunction	severe acute pancreatitis	45	male		16S V3 357F/518R; Ion Torrent PGM	direct_alias_pair	False	patient_pair	Low-biomass module; sequenced extraction blanks are not public.
PRJNA428535	SRR6441924	SAMN08294850	Uninfected-17	neutrophils	Uninfected	no suspected or documented infection	severe acute pancreatitis	32	male		16S V3 357F/518R; Ion Torrent PGM	direct_alias_pair	False	patient_pair	Low-biomass module; sequenced extraction blanks are not public.
PRJNA428535	SRR6441925	SAMN08294851	Infected-1	neutrophils	Infected	having suspected or documented infection but without complicated organ dysfunction	severe acute pancreatitis	39	male		16S V3 357F/518R; Ion Torrent PGM	direct_alias_pair	False	patient_pair	Low-biomass module; sequenced extraction blanks are not public.
PRJNA428535	SRR6441926	SAMN08294838	Uninfected-5	neutrophils	Uninfected	no suspected or documented infection	severe acute pancreatitis	28	male		16S V3 357F/518R; Ion Torrent PGM	direct_alias_pair	False	patient_pair	Low-biomass module; sequenced extraction blanks are not public.
PRJNA428535	SRR6441927	SAMN08294839	Uninfected-6	neutrophils	Uninfected	no suspected or documented infection	severe acute pancreatitis	36	male		16S V3 357F/518R; Ion Torrent PGM	direct_alias_pair	False	patient_pair	Low-biomass module; sequenced extraction blanks are not public.
PRJNA428535	SRR6441928	SAMN08294834	Uninfected-1	neutrophils	Uninfected	no suspected or documented infection	severe acute pancreatitis	36	male		16S V3 357F/518R; Ion Torrent PGM	direct_alias_pair	False	patient_pair	Low-biomass module; sequenced extraction blanks are not public.
PRJNA428535	SRR6441929	SAMN08294835	Uninfected-2	neutrophils	Uninfected	no suspected or documented infection	severe acute pancreatitis	42	female		16S V3 357F/518R; Ion Torrent PGM	direct_alias_pair	False	patient_pair	Low-biomass module; sequenced extraction blanks are not public.
PRJNA428535	SRR6441930	SAMN08294836	Uninfected-3	neutrophils	Uninfected	no suspected or documented infection	severe acute pancreatitis	42	female		16S V3 357F/518R; Ion Torrent PGM	direct_alias_pair	False	patient_pair	Low-biomass module; sequenced extraction blanks are not public.
PRJNA428535	SRR6441931	SAMN08294837	Uninfected-4	neutrophils	Uninfected	no suspected or documented infection	severe acute pancreatitis	49	male		16S V3 357F/518R; Ion Torrent PGM	direct_alias_pair	False	patient_pair	Low-biomass module; sequenced extraction blanks are not public.
PRJNA428535	SRR6441932	SAMN08294830	Control-9	neutrophils	Control	healthy	healthy	35	female		16S V3 357F/518R; Ion Torrent PGM	direct_alias_pair	False	patient_pair	Low-biomass module; sequenced extraction blanks are not public.
PRJNA428535	SRR6441933	SAMN08294831	Control-10	neutrophils	Control	healthy	healthy	50	female		16S V3 357F/518R; Ion Torrent PGM	direct_alias_pair	False	patient_pair	Low-biomass module; sequenced extraction blanks are not public.
PRJNA428535	SRR6441934	SAMN08294832	Control-11	neutrophils	Control	healthy	healthy	68	male		16S V3 357F/518R; Ion Torrent PGM	direct_alias_pair	False	patient_pair	Low-biomass module; sequenced extraction blanks are not public.
PRJNA428535	SRR6441935	SAMN08294833	Control-12	neutrophils	Control	healthy	healthy	49	male		16S V3 357F/518R; Ion Torrent PGM	direct_alias_pair	False	patient_pair	Low-biomass module; sequenced extraction blanks are not public.
PRJNA428535	SRR6441936	SAMN08294878	Septic-12	neutrophils	Septic	sepsis	severe acute pancreatitis	57	female		16S V3 357F/518R; Ion Torrent PGM	direct_alias_pair	False	patient_pair	Low-biomass module; sequenced extraction blanks are not public.
PRJNA428535	SRR6441937	SAMN08294879	Septic-13	neutrophils	Septic	sepsis	severe acute pancreatitis	40	male		16S V3 357F/518R; Ion Torrent PGM	direct_alias_pair	False	patient_pair	Low-biomass module; sequenced extraction blanks are not public.
PRJNA428535	SRR6441938	SAMN08294876	Septic-10	neutrophils	Septic	sepsis	severe acute pancreatitis	45	female		16S V3 357F/518R; Ion Torrent PGM	direct_alias_pair	False	patient_pair	Low-biomass module; sequenced extraction blanks are not public.
PRJNA428535	SRR6441939	SAMN08294877	Septic-11	neutrophils	Septic	sepsis	severe acute pancreatitis	56	male		16S V3 357F/518R; Ion Torrent PGM	direct_alias_pair	False	patient_pair	Low-biomass module; sequenced extraction blanks are not public.
PRJNA428535	SRR6441940	SAMN08294874	Septic-8	neutrophils	Septic	sepsis	severe acute pancreatitis	63	female		16S V3 357F/518R; Ion Torrent PGM	direct_alias_pair	False	patient_pair	Low-biomass module; sequenced extraction blanks are not public.
PRJNA428535	SRR6441941	SAMN08294875	Septic-9	neutrophils	Septic	sepsis	severe acute pancreatitis	60	male		16S V3 357F/518R; Ion Torrent PGM	direct_alias_pair	False	patient_pair	Low-biomass module; sequenced extraction blanks are not public.
PRJNA428535	SRR6441942	SAMN08294872	Septic-6	neutrophils	Septic	sepsis	severe acute pancreatitis	45	male		16S V3 357F/518R; Ion Torrent PGM	direct_alias_pair	False	patient_pair	Low-biomass module; sequenced extraction blanks are not public.
PRJNA428535	SRR6441943	SAMN08294873	Septic-7	neutrophils	Septic	sepsis	severe acute pancreatitis	62	male		16S V3 357F/518R; Ion Torrent PGM	direct_alias_pair	False	patient_pair	Low-biomass module; sequenced extraction blanks are not public.
PRJNA428535	SRR6441944	SAMN08294870	Septic-4	neutrophils	Septic	sepsis	severe acute pancreatitis	46	male		16S V3 357F/518R; Ion Torrent PGM	direct_alias_pair	False	patient_pair	Low-biomass module; sequenced extraction blanks are not public.
PRJNA428535	SRR6441945	SAMN08294871	Septic-5	neutrophils	Septic	sepsis	severe acute pancreatitis	23	female		16S V3 357F/518R; Ion Torrent PGM	direct_alias_pair	False	patient_pair	Low-biomass module; sequenced extraction blanks are not public.
PRJNA428535	SRR6441946	SAMN08294809	Septic-5	blood	Septic	sepsis	severe acute pancreatitis	23	female		16S V3 357F/518R; Ion Torrent PGM	direct_alias_pair	False	patient_pair	Low-biomass module; sequenced extraction blanks are not public.
PRJNA428535	SRR6441947	SAMN08294808	Septic-4	blood	Septic	sepsis	severe acute pancreatitis	46	male		16S V3 357F/518R; Ion Torrent PGM	direct_alias_pair	False	patient_pair	Low-biomass module; sequenced extraction blanks are not public.
PRJNA428535	SRR6441948	SAMN08294801	Infected-13	blood	Infected	having suspected or documented infection but without complicated organ dysfunction	severe acute pancreatitis	32	male		16S V3 357F/518R; Ion Torrent PGM	direct_alias_pair	False	patient_pair	Low-biomass module; sequenced extraction blanks are not public.
PRJNA428535	SRR6441949	SAMN08294800	Infected-12	blood	Infected	having suspected or documented infection but without complicated organ dysfunction	severe acute pancreatitis	44	female		16S V3 357F/518R; Ion Torrent PGM	direct_alias_pair	False	patient_pair	Low-biomass module; sequenced extraction blanks are not public.
PRJNA428535	SRR6441950	SAMN08294803	Infected-15	blood	Infected	having suspected or documented infection but without complicated organ dysfunction	severe acute pancreatitis	43	female		16S V3 357F/518R; Ion Torrent PGM	direct_alias_pair	False	patient_pair	Low-biomass module; sequenced extraction blanks are not public.
PRJNA428535	SRR6441951	SAMN08294802	Infected-14	blood	Infected	having suspected or documented infection but without complicated organ dysfunction	severe acute pancreatitis	28	male		16S V3 357F/518R; Ion Torrent PGM	direct_alias_pair	False	patient_pair	Low-biomass module; sequenced extraction blanks are not public.
PRJNA428535	SRR6441952	SAMN08294805	Septic-1	blood	Septic	sepsis	severe acute pancreatitis	29	male		16S V3 357F/518R; Ion Torrent PGM	direct_alias_pair	False	patient_pair	Low-biomass module; sequenced extraction blanks are not public.
PRJNA428535	SRR6441953	SAMN08294804	Infected-16	blood	Infected	having suspected or documented infection but without complicated organ dysfunction	severe acute pancreatitis	49	male		16S V3 357F/518R; Ion Torrent PGM	direct_alias_pair	False	patient_pair	Low-biomass module; sequenced extraction blanks are not public.
PRJNA428535	SRR6441954	SAMN08294807	Septic-3	blood	Septic	sepsis	severe acute pancreatitis	49	male		16S V3 357F/518R; Ion Torrent PGM	direct_alias_pair	False	patient_pair	Low-biomass module; sequenced extraction blanks are not public.
PRJNA428535	SRR6441955	SAMN08294806	Septic-2	blood	Septic	sepsis	severe acute pancreatitis	48	male		16S V3 357F/518R; Ion Torrent PGM	direct_alias_pair	False	patient_pair	Low-biomass module; sequenced extraction blanks are not public.
PRJNA428535	SRR6441956	SAMN08294869	Septic-3	neutrophils	Septic	sepsis	severe acute pancreatitis	49	male		16S V3 357F/518R; Ion Torrent PGM	direct_alias_pair	False	patient_pair	Low-biomass module; sequenced extraction blanks are not public.
PRJNA428535	SRR6441957	SAMN08294868	Septic-2	neutrophils	Septic	sepsis	severe acute pancreatitis	48	male		16S V3 357F/518R; Ion Torrent PGM	direct_alias_pair	False	patient_pair	Low-biomass module; sequenced extraction blanks are not public.
PRJNA428535	SRR6441958	SAMN08294865	Infected-15	neutrophils	Infected	having suspected or documented infection but without complicated organ dysfunction	severe acute pancreatitis	43	female		16S V3 357F/518R; Ion Torrent PGM	direct_alias_pair	False	patient_pair	Low-biomass module; sequenced extraction blanks are not public.
PRJNA428535	SRR6441959	SAMN08294864	Infected-14	neutrophils	Infected	having suspected or documented infection but without complicated organ dysfunction	severe acute pancreatitis	28	male		16S V3 357F/518R; Ion Torrent PGM	direct_alias_pair	False	patient_pair	Low-biomass module; sequenced extraction blanks are not public.
PRJNA428535	SRR6441960	SAMN08294867	Septic-1	neutrophils	Septic	sepsis	severe acute pancreatitis	29	male		16S V3 357F/518R; Ion Torrent PGM	direct_alias_pair	False	patient_pair	Low-biomass module; sequenced extraction blanks are not public.
PRJNA428535	SRR6441961	SAMN08294866	Infected-16	neutrophils	Infected	having suspected or documented infection but without complicated organ dysfunction	severe acute pancreatitis	49	male		16S V3 357F/518R; Ion Torrent PGM	direct_alias_pair	False	patient_pair	Low-biomass module; sequenced extraction blanks are not public.
PRJNA428535	SRR6441962	SAMN08294861	Infected-11	neutrophils	Infected	having suspected or documented infection but without complicated organ dysfunction	severe acute pancreatitis	61	female		16S V3 357F/518R; Ion Torrent PGM	direct_alias_pair	False	patient_pair	Low-biomass module; sequenced extraction blanks are not public.
PRJNA428535	SRR6441963	SAMN08294860	Infected-10	neutrophils	Infected	having suspected or documented infection but without complicated organ dysfunction	severe acute pancreatitis	37	male		16S V3 357F/518R; Ion Torrent PGM	direct_alias_pair	False	patient_pair	Low-biomass module; sequenced extraction blanks are not public.
PRJNA428535	SRR6441964	SAMN08294863	Infected-13	neutrophils	Infected	having suspected or documented infection but without complicated organ dysfunction	severe acute pancreatitis	32	male		16S V3 357F/518R; Ion Torrent PGM	direct_alias_pair	False	patient_pair	Low-biomass module; sequenced extraction blanks are not public.
PRJNA428535	SRR6441965	SAMN08294862	Infected-12	neutrophils	Infected	having suspected or documented infection but without complicated organ dysfunction	severe acute pancreatitis	44	female		16S V3 357F/518R; Ion Torrent PGM	direct_alias_pair	False	patient_pair	Low-biomass module; sequenced extraction blanks are not public.
PRJNA428535	SRR6441966	SAMN08294818	Septic-14	blood	Septic	sepsis	severe acute pancreatitis	41	female		16S V3 357F/518R; Ion Torrent PGM	direct_alias_pair	False	patient_pair	Low-biomass module; sequenced extraction blanks are not public.
PRJNA428535	SRR6441967	SAMN08294819	Septic-15	blood	Septic	sepsis	severe acute pancreatitis	46	female		16S V3 357F/518R; Ion Torrent PGM	direct_alias_pair	False	patient_pair	Low-biomass module; sequenced extraction blanks are not public.
PRJNA428535	SRR6441968	SAMN08294812	Septic-8	blood	Septic	sepsis	severe acute pancreatitis	63	female		16S V3 357F/518R; Ion Torrent PGM	direct_alias_pair	False	patient_pair	Low-biomass module; sequenced extraction blanks are not public.
PRJNA428535	SRR6441969	SAMN08294813	Septic-9	blood	Septic	sepsis	severe acute pancreatitis	60	male		16S V3 357F/518R; Ion Torrent PGM	direct_alias_pair	False	patient_pair	Low-biomass module; sequenced extraction blanks are not public.
PRJNA428535	SRR6441970	SAMN08294810	Septic-6	blood	Septic	sepsis	severe acute pancreatitis	45	male		16S V3 357F/518R; Ion Torrent PGM	direct_alias_pair	False	patient_pair	Low-biomass module; sequenced extraction blanks are not public.
PRJNA428535	SRR6441971	SAMN08294811	Septic-7	blood	Septic	sepsis	severe acute pancreatitis	62	male		16S V3 357F/518R; Ion Torrent PGM	direct_alias_pair	False	patient_pair	Low-biomass module; sequenced extraction blanks are not public.
PRJNA428535	SRR6441972	SAMN08294816	Septic-12	blood	Septic	sepsis	severe acute pancreatitis	57	female		16S V3 357F/518R; Ion Torrent PGM	direct_alias_pair	False	patient_pair	Low-biomass module; sequenced extraction blanks are not public.
PRJNA428535	SRR6441973	SAMN08294817	Septic-13	blood	Septic	sepsis	severe acute pancreatitis	40	male		16S V3 357F/518R; Ion Torrent PGM	direct_alias_pair	False	patient_pair	Low-biomass module; sequenced extraction blanks are not public.
PRJNA428535	SRR6441974	SAMN08294814	Septic-10	blood	Septic	sepsis	severe acute pancreatitis	45	female		16S V3 357F/518R; Ion Torrent PGM	direct_alias_pair	False	patient_pair	Low-biomass module; sequenced extraction blanks are not public.
PRJNA428535	SRR6441975	SAMN08294815	Septic-11	blood	Septic	sepsis	severe acute pancreatitis	56	male		16S V3 357F/518R; Ion Torrent PGM	direct_alias_pair	False	patient_pair	Low-biomass module; sequenced extraction blanks are not public.
GSE194331/PRJNA800337	SRR17734493	SAMN25242448	HC-078	whole blood	Healthy control	not_applicable	Healthy control				poly(A) whole-blood RNA-seq; Illumina HiSeq 2500	direct_GEO_SRA_link	False	patient	Public labels support cross-cohort pathway validation, not patient-level microbiome integration.
GSE194331/PRJNA800337	SRR17734494	SAMN25242449	HC-077	whole blood	Healthy control	not_applicable	Healthy control				poly(A) whole-blood RNA-seq; Illumina HiSeq 2500	direct_GEO_SRA_link	False	patient	Public labels support cross-cohort pathway validation, not patient-level microbiome integration.
GSE194331/PRJNA800337	SRR17734495	SAMN25242450	HC-076	whole blood	Healthy control	not_applicable	Healthy control				poly(A) whole-blood RNA-seq; Illumina HiSeq 2500	direct_GEO_SRA_link	False	patient	Public labels support cross-cohort pathway validation, not patient-level microbiome integration.
GSE194331/PRJNA800337	SRR17734496	SAMN25242451	HC-075	whole blood	Healthy control	not_applicable	Healthy control				poly(A) whole-blood RNA-seq; Illumina HiSeq 2500	direct_GEO_SRA_link	False	patient	Public labels support cross-cohort pathway validation, not patient-level microbiome integration.
GSE194331/PRJNA800337	SRR17734497	SAMN25242452	HC-074	whole blood	Healthy control	not_applicable	Healthy control				poly(A) whole-blood RNA-seq; Illumina HiSeq 2500	direct_GEO_SRA_link	False	patient	Public labels support cross-cohort pathway validation, not patient-level microbiome integration.
GSE194331/PRJNA800337	SRR17734498	SAMN25242501	PANNE075	whole blood	Severe AP	severity_group	Severe AP				poly(A) whole-blood RNA-seq; Illumina HiSeq 2500	direct_GEO_SRA_link	False	patient	Public labels support cross-cohort pathway validation, not patient-level microbiome integration.
GSE194331/PRJNA800337	SRR17734499	SAMN25242502	PANNE074	whole blood	Mild AP	severity_group	Mild AP				poly(A) whole-blood RNA-seq; Illumina HiSeq 2500	direct_GEO_SRA_link	False	patient	Public labels support cross-cohort pathway validation, not patient-level microbiome integration.
GSE194331/PRJNA800337	SRR17734500	SAMN25242503	PANNE073	whole blood	Mild AP	severity_group	Mild AP				poly(A) whole-blood RNA-seq; Illumina HiSeq 2500	direct_GEO_SRA_link	False	patient	Public labels support cross-cohort pathway validation, not patient-level microbiome integration.
GSE194331/PRJNA800337	SRR17734501	SAMN25242504	PANNE072	whole blood	Mild AP	severity_group	Mild AP				poly(A) whole-blood RNA-seq; Illumina HiSeq 2500	direct_GEO_SRA_link	False	patient	Public labels support cross-cohort pathway validation, not patient-level microbiome integration.
GSE194331/PRJNA800337	SRR17734502	SAMN25242505	PANNE071	whole blood	Mild AP	severity_group	Mild AP				poly(A) whole-blood RNA-seq; Illumina HiSeq 2500	direct_GEO_SRA_link	False	patient	Public labels support cross-cohort pathway validation, not patient-level microbiome integration.
GSE194331/PRJNA800337	SRR17734503	SAMN25242506	PANNE070	whole blood	Mild AP	severity_group	Mild AP				poly(A) whole-blood RNA-seq; Illumina HiSeq 2500	direct_GEO_SRA_link	False	patient	Public labels support cross-cohort pathway validation, not patient-level microbiome integration.
GSE194331/PRJNA800337	SRR17734504	SAMN25242507	PANNE069	whole blood	Mild AP	severity_group	Mild AP				poly(A) whole-blood RNA-seq; Illumina HiSeq 2500	direct_GEO_SRA_link	False	patient	Public labels support cross-cohort pathway validation, not patient-level microbiome integration.
GSE194331/PRJNA800337	SRR17734505	SAMN25242508	PANNE068	whole blood	Mild AP	severity_group	Mild AP				poly(A) whole-blood RNA-seq; Illumina HiSeq 2500	direct_GEO_SRA_link	False	patient	Public labels support cross-cohort pathway validation, not patient-level microbiome integration.
GSE194331/PRJNA800337	SRR17734506	SAMN25242509	PANNE066	whole blood	Severe AP	severity_group	Severe AP				poly(A) whole-blood RNA-seq; Illumina HiSeq 2500	direct_GEO_SRA_link	False	patient	Public labels support cross-cohort pathway validation, not patient-level microbiome integration.
GSE194331/PRJNA800337	SRR17734507	SAMN25242510	PANNE065	whole blood	Mild AP	severity_group	Mild AP				poly(A) whole-blood RNA-seq; Illumina HiSeq 2500	direct_GEO_SRA_link	False	patient	Public labels support cross-cohort pathway validation, not patient-level microbiome integration.
GSE194331/PRJNA800337	SRR17734508	SAMN25242511	PANNE064	whole blood	Mild AP	severity_group	Mild AP				poly(A) whole-blood RNA-seq; Illumina HiSeq 2500	direct_GEO_SRA_link	False	patient	Public labels support cross-cohort pathway validation, not patient-level microbiome integration.
GSE194331/PRJNA800337	SRR17734509	SAMN25242512	PANNE063	whole blood	Mild AP	severity_group	Mild AP				poly(A) whole-blood RNA-seq; Illumina HiSeq 2500	direct_GEO_SRA_link	False	patient	Public labels support cross-cohort pathway validation, not patient-level microbiome integration.
GSE194331/PRJNA800337	SRR17734510	SAMN25242513	PANNE062	whole blood	Mild AP	severity_group	Mild AP				poly(A) whole-blood RNA-seq; Illumina HiSeq 2500	direct_GEO_SRA_link	False	patient	Public labels support cross-cohort pathway validation, not patient-level microbiome integration.
GSE194331/PRJNA800337	SRR17734511	SAMN25242514	PANNE060	whole blood	Mild AP	severity_group	Mild AP				poly(A) whole-blood RNA-seq; Illumina HiSeq 2500	direct_GEO_SRA_link	False	patient	Public labels support cross-cohort pathway validation, not patient-level microbiome integration.
GSE194331/PRJNA800337	SRR17734512	SAMN25242515	PANNE059	whole blood	Moderately-severe AP	severity_group	Moderately-severe AP				poly(A) whole-blood RNA-seq; Illumina HiSeq 2500	direct_GEO_SRA_link	False	patient	Public labels support cross-cohort pathway validation, not patient-level microbiome integration.
GSE194331/PRJNA800337	SRR17734513	SAMN25242516	PANNE058	whole blood	Mild AP	severity_group	Mild AP				poly(A) whole-blood RNA-seq; Illumina HiSeq 2500	direct_GEO_SRA_link	False	patient	Public labels support cross-cohort pathway validation, not patient-level microbiome integration.
GSE194331/PRJNA800337	SRR17734514	SAMN25242453	HC-073	whole blood	Healthy control	not_applicable	Healthy control				poly(A) whole-blood RNA-seq; Illumina HiSeq 2500	direct_GEO_SRA_link	False	patient	Public labels support cross-cohort pathway validation, not patient-level microbiome integration.
GSE194331/PRJNA800337	SRR17734515	SAMN25242454	HC-072	whole blood	Healthy control	not_applicable	Healthy control				poly(A) whole-blood RNA-seq; Illumina HiSeq 2500	direct_GEO_SRA_link	False	patient	Public labels support cross-cohort pathway validation, not patient-level microbiome integration.
GSE194331/PRJNA800337	SRR17734516	SAMN25242455	HC-067	whole blood	Healthy control	not_applicable	Healthy control				poly(A) whole-blood RNA-seq; Illumina HiSeq 2500	direct_GEO_SRA_link	False	patient	Public labels support cross-cohort pathway validation, not patient-level microbiome integration.
GSE194331/PRJNA800337	SRR17734517	SAMN25242456	HC-066	whole blood	Healthy control	not_applicable	Healthy control				poly(A) whole-blood RNA-seq; Illumina HiSeq 2500	direct_GEO_SRA_link	False	patient	Public labels support cross-cohort pathway validation, not patient-level microbiome integration.
GSE194331/PRJNA800337	SRR17734518	SAMN25242457	HC-064	whole blood	Healthy control	not_applicable	Healthy control				poly(A) whole-blood RNA-seq; Illumina HiSeq 2500	direct_GEO_SRA_link	False	patient	Public labels support cross-cohort pathway validation, not patient-level microbiome integration.
GSE194331/PRJNA800337	SRR17734519	SAMN25242458	HC-063	whole blood	Healthy control	not_applicable	Healthy control				poly(A) whole-blood RNA-seq; Illumina HiSeq 2500	direct_GEO_SRA_link	False	patient	Public labels support cross-cohort pathway validation, not patient-level microbiome integration.
GSE194331/PRJNA800337	SRR17734520	SAMN25242459	HC-062	whole blood	Healthy control	not_applicable	Healthy control				poly(A) whole-blood RNA-seq; Illumina HiSeq 2500	direct_GEO_SRA_link	False	patient	Public labels support cross-cohort pathway validation, not patient-level microbiome integration.
GSE194331/PRJNA800337	SRR17734521	SAMN25242460	HC-061	whole blood	Healthy control	not_applicable	Healthy control				poly(A) whole-blood RNA-seq; Illumina HiSeq 2500	direct_GEO_SRA_link	False	patient	Public labels support cross-cohort pathway validation, not patient-level microbiome integration.
GSE194331/PRJNA800337	SRR17734522	SAMN25242461	HC-060	whole blood	Healthy control	not_applicable	Healthy control				poly(A) whole-blood RNA-seq; Illumina HiSeq 2500	direct_GEO_SRA_link	False	patient	Public labels support cross-cohort pathway validation, not patient-level microbiome integration.
GSE194331/PRJNA800337	SRR17734523	SAMN25242462	HC-059	whole blood	Healthy control	not_applicable	Healthy control				poly(A) whole-blood RNA-seq; Illumina HiSeq 2500	direct_GEO_SRA_link	False	patient	Public labels support cross-cohort pathway validation, not patient-level microbiome integration.
GSE194331/PRJNA800337	SRR17734524	SAMN25242463	HC-058	whole blood	Healthy control	not_applicable	Healthy control				poly(A) whole-blood RNA-seq; Illumina HiSeq 2500	direct_GEO_SRA_link	False	patient	Public labels support cross-cohort pathway validation, not patient-level microbiome integration.
GSE194331/PRJNA800337	SRR17734525	SAMN25242464	HC-057	whole blood	Healthy control	not_applicable	Healthy control				poly(A) whole-blood RNA-seq; Illumina HiSeq 2500	direct_GEO_SRA_link	False	patient	Public labels support cross-cohort pathway validation, not patient-level microbiome integration.
GSE194331/PRJNA800337	SRR17734526	SAMN25242465	HC-056	whole blood	Healthy control	not_applicable	Healthy control				poly(A) whole-blood RNA-seq; Illumina HiSeq 2500	direct_GEO_SRA_link	False	patient	Public labels support cross-cohort pathway validation, not patient-level microbiome integration.
GSE194331/PRJNA800337	SRR17734527	SAMN25242466	HC-055	whole blood	Healthy control	not_applicable	Healthy control				poly(A) whole-blood RNA-seq; Illumina HiSeq 2500	direct_GEO_SRA_link	False	patient	Public labels support cross-cohort pathway validation, not patient-level microbiome integration.
GSE194331/PRJNA800337	SRR17734528	SAMN25242467	HC-054	whole blood	Healthy control	not_applicable	Healthy control				poly(A) whole-blood RNA-seq; Illumina HiSeq 2500	direct_GEO_SRA_link	False	patient	Public labels support cross-cohort pathway validation, not patient-level microbiome integration.
GSE194331/PRJNA800337	SRR17734529	SAMN25242468	HC-053	whole blood	Healthy control	not_applicable	Healthy control				poly(A) whole-blood RNA-seq; Illumina HiSeq 2500	direct_GEO_SRA_link	False	patient	Public labels support cross-cohort pathway validation, not patient-level microbiome integration.
GSE194331/PRJNA800337	SRR17734530	SAMN25242517	PANNE057	whole blood	Mild AP	severity_group	Mild AP				poly(A) whole-blood RNA-seq; Illumina HiSeq 2500	direct_GEO_SRA_link	False	patient	Public labels support cross-cohort pathway validation, not patient-level microbiome integration.
GSE194331/PRJNA800337	SRR17734531	SAMN25242518	PANNE056	whole blood	Mild AP	severity_group	Mild AP				poly(A) whole-blood RNA-seq; Illumina HiSeq 2500	direct_GEO_SRA_link	False	patient	Public labels support cross-cohort pathway validation, not patient-level microbiome integration.
GSE194331/PRJNA800337	SRR17734532	SAMN25242519	PANNE055	whole blood	Moderately-severe AP	severity_group	Moderately-severe AP				poly(A) whole-blood RNA-seq; Illumina HiSeq 2500	direct_GEO_SRA_link	False	patient	Public labels support cross-cohort pathway validation, not patient-level microbiome integration.
GSE194331/PRJNA800337	SRR17734533	SAMN25242520	PANNE054	whole blood	Mild AP	severity_group	Mild AP				poly(A) whole-blood RNA-seq; Illumina HiSeq 2500	direct_GEO_SRA_link	False	patient	Public labels support cross-cohort pathway validation, not patient-level microbiome integration.
GSE194331/PRJNA800337	SRR17734534	SAMN25242521	PANNE053	whole blood	Mild AP	severity_group	Mild AP				poly(A) whole-blood RNA-seq; Illumina HiSeq 2500	direct_GEO_SRA_link	False	patient	Public labels support cross-cohort pathway validation, not patient-level microbiome integration.
GSE194331/PRJNA800337	SRR17734535	SAMN25242522	PANNE052	whole blood	Mild AP	severity_group	Mild AP				poly(A) whole-blood RNA-seq; Illumina HiSeq 2500	direct_GEO_SRA_link	False	patient	Public labels support cross-cohort pathway validation, not patient-level microbiome integration.
GSE194331/PRJNA800337	SRR17734536	SAMN25242523	PANNE051	whole blood	Mild AP	severity_group	Mild AP				poly(A) whole-blood RNA-seq; Illumina HiSeq 2500	direct_GEO_SRA_link	False	patient	Public labels support cross-cohort pathway validation, not patient-level microbiome integration.
GSE194331/PRJNA800337	SRR17734537	SAMN25242524	PANNE050	whole blood	Moderately-severe AP	severity_group	Moderately-severe AP				poly(A) whole-blood RNA-seq; Illumina HiSeq 2500	direct_GEO_SRA_link	False	patient	Public labels support cross-cohort pathway validation, not patient-level microbiome integration.
GSE194331/PRJNA800337	SRR17734538	SAMN25242525	PANNE049	whole blood	Mild AP	severity_group	Mild AP				poly(A) whole-blood RNA-seq; Illumina HiSeq 2500	direct_GEO_SRA_link	False	patient	Public labels support cross-cohort pathway validation, not patient-level microbiome integration.
GSE194331/PRJNA800337	SRR17734539	SAMN25242526	PANNE048	whole blood	Mild AP	severity_group	Mild AP				poly(A) whole-blood RNA-seq; Illumina HiSeq 2500	direct_GEO_SRA_link	False	patient	Public labels support cross-cohort pathway validation, not patient-level microbiome integration.
GSE194331/PRJNA800337	SRR17734540	SAMN25242527	PANNE047	whole blood	Mild AP	severity_group	Mild AP				poly(A) whole-blood RNA-seq; Illumina HiSeq 2500	direct_GEO_SRA_link	False	patient	Public labels support cross-cohort pathway validation, not patient-level microbiome integration.
GSE194331/PRJNA800337	SRR17734541	SAMN25242528	PANNE045	whole blood	Mild AP	severity_group	Mild AP				poly(A) whole-blood RNA-seq; Illumina HiSeq 2500	direct_GEO_SRA_link	False	patient	Public labels support cross-cohort pathway validation, not patient-level microbiome integration.
GSE194331/PRJNA800337	SRR17734542	SAMN25242529	PANNE044	whole blood	Moderately-severe AP	severity_group	Moderately-severe AP				poly(A) whole-blood RNA-seq; Illumina HiSeq 2500	direct_GEO_SRA_link	False	patient	Public labels support cross-cohort pathway validation, not patient-level microbiome integration.
GSE194331/PRJNA800337	SRR17734543	SAMN25242530	PANNE043	whole blood	Mild AP	severity_group	Mild AP				poly(A) whole-blood RNA-seq; Illumina HiSeq 2500	direct_GEO_SRA_link	False	patient	Public labels support cross-cohort pathway validation, not patient-level microbiome integration.
GSE194331/PRJNA800337	SRR17734544	SAMN25242531	PANNE042	whole blood	Moderately-severe AP	severity_group	Moderately-severe AP				poly(A) whole-blood RNA-seq; Illumina HiSeq 2500	direct_GEO_SRA_link	False	patient	Public labels support cross-cohort pathway validation, not patient-level microbiome integration.
GSE194331/PRJNA800337	SRR17734545	SAMN25242532	PANNE041	whole blood	Mild AP	severity_group	Mild AP				poly(A) whole-blood RNA-seq; Illumina HiSeq 2500	direct_GEO_SRA_link	False	patient	Public labels support cross-cohort pathway validation, not patient-level microbiome integration.
GSE194331/PRJNA800337	SRR17734546	SAMN25242533	PANNE040	whole blood	Moderately-severe AP	severity_group	Moderately-severe AP				poly(A) whole-blood RNA-seq; Illumina HiSeq 2500	direct_GEO_SRA_link	False	patient	Public labels support cross-cohort pathway validation, not patient-level microbiome integration.
GSE194331/PRJNA800337	SRR17734547	SAMN25242534	PANNE039	whole blood	Mild AP	severity_group	Mild AP				poly(A) whole-blood RNA-seq; Illumina HiSeq 2500	direct_GEO_SRA_link	False	patient	Public labels support cross-cohort pathway validation, not patient-level microbiome integration.
GSE194331/PRJNA800337	SRR17734548	SAMN25242535	PANNE038	whole blood	Mild AP	severity_group	Mild AP				poly(A) whole-blood RNA-seq; Illumina HiSeq 2500	direct_GEO_SRA_link	False	patient	Public labels support cross-cohort pathway validation, not patient-level microbiome integration.
GSE194331/PRJNA800337	SRR17734549	SAMN25242536	PANNE036	whole blood	Mild AP	severity_group	Mild AP				poly(A) whole-blood RNA-seq; Illumina HiSeq 2500	direct_GEO_SRA_link	False	patient	Public labels support cross-cohort pathway validation, not patient-level microbiome integration.
GSE194331/PRJNA800337	SRR17734550	SAMN25242537	PANNE035	whole blood	Moderately-severe AP	severity_group	Moderately-severe AP				poly(A) whole-blood RNA-seq; Illumina HiSeq 2500	direct_GEO_SRA_link	False	patient	Public labels support cross-cohort pathway validation, not patient-level microbiome integration.
GSE194331/PRJNA800337	SRR17734551	SAMN25242538	PANNE034	whole blood	Mild AP	severity_group	Mild AP				poly(A) whole-blood RNA-seq; Illumina HiSeq 2500	direct_GEO_SRA_link	False	patient	Public labels support cross-cohort pathway validation, not patient-level microbiome integration.
GSE194331/PRJNA800337	SRR17734552	SAMN25242539	PANNE033	whole blood	Mild AP	severity_group	Mild AP				poly(A) whole-blood RNA-seq; Illumina HiSeq 2500	direct_GEO_SRA_link	False	patient	Public labels support cross-cohort pathway validation, not patient-level microbiome integration.
GSE194331/PRJNA800337	SRR17734553	SAMN25242540	PANNE032	whole blood	Mild AP	severity_group	Mild AP				poly(A) whole-blood RNA-seq; Illumina HiSeq 2500	direct_GEO_SRA_link	False	patient	Public labels support cross-cohort pathway validation, not patient-level microbiome integration.
GSE194331/PRJNA800337	SRR17734554	SAMN25242541	PANNE031	whole blood	Mild AP	severity_group	Mild AP				poly(A) whole-blood RNA-seq; Illumina HiSeq 2500	direct_GEO_SRA_link	False	patient	Public labels support cross-cohort pathway validation, not patient-level microbiome integration.
GSE194331/PRJNA800337	SRR17734555	SAMN25242542	PANNE030	whole blood	Moderately-severe AP	severity_group	Moderately-severe AP				poly(A) whole-blood RNA-seq; Illumina HiSeq 2500	direct_GEO_SRA_link	False	patient	Public labels support cross-cohort pathway validation, not patient-level microbiome integration.
GSE194331/PRJNA800337	SRR17734556	SAMN25242543	PANNE029	whole blood	Mild AP	severity_group	Mild AP				poly(A) whole-blood RNA-seq; Illumina HiSeq 2500	direct_GEO_SRA_link	False	patient	Public labels support cross-cohort pathway validation, not patient-level microbiome integration.
GSE194331/PRJNA800337	SRR17734557	SAMN25242544	PANNE028	whole blood	Mild AP	severity_group	Mild AP				poly(A) whole-blood RNA-seq; Illumina HiSeq 2500	direct_GEO_SRA_link	False	patient	Public labels support cross-cohort pathway validation, not patient-level microbiome integration.
GSE194331/PRJNA800337	SRR17734558	SAMN25242545	PANNE026	whole blood	Mild AP	severity_group	Mild AP				poly(A) whole-blood RNA-seq; Illumina HiSeq 2500	direct_GEO_SRA_link	False	patient	Public labels support cross-cohort pathway validation, not patient-level microbiome integration.
GSE194331/PRJNA800337	SRR17734559	SAMN25242546	PANNE025	whole blood	Mild AP	severity_group	Mild AP				poly(A) whole-blood RNA-seq; Illumina HiSeq 2500	direct_GEO_SRA_link	False	patient	Public labels support cross-cohort pathway validation, not patient-level microbiome integration.
GSE194331/PRJNA800337	SRR17734560	SAMN25242547	PANNE024	whole blood	Severe AP	severity_group	Severe AP				poly(A) whole-blood RNA-seq; Illumina HiSeq 2500	direct_GEO_SRA_link	False	patient	Public labels support cross-cohort pathway validation, not patient-level microbiome integration.
GSE194331/PRJNA800337	SRR17734561	SAMN25242548	PANNE023	whole blood	Mild AP	severity_group	Mild AP				poly(A) whole-blood RNA-seq; Illumina HiSeq 2500	direct_GEO_SRA_link	False	patient	Public labels support cross-cohort pathway validation, not patient-level microbiome integration.
GSE194331/PRJNA800337	SRR17734562	SAMN25242469	HC-052	whole blood	Healthy control	not_applicable	Healthy control				poly(A) whole-blood RNA-seq; Illumina HiSeq 2500	direct_GEO_SRA_link	False	patient	Public labels support cross-cohort pathway validation, not patient-level microbiome integration.
GSE194331/PRJNA800337	SRR17734563	SAMN25242470	HC-051	whole blood	Healthy control	not_applicable	Healthy control				poly(A) whole-blood RNA-seq; Illumina HiSeq 2500	direct_GEO_SRA_link	False	patient	Public labels support cross-cohort pathway validation, not patient-level microbiome integration.
GSE194331/PRJNA800337	SRR17734564	SAMN25242471	HC-050	whole blood	Healthy control	not_applicable	Healthy control				poly(A) whole-blood RNA-seq; Illumina HiSeq 2500	direct_GEO_SRA_link	False	patient	Public labels support cross-cohort pathway validation, not patient-level microbiome integration.
GSE194331/PRJNA800337	SRR17734565	SAMN25242472	HC-040	whole blood	Healthy control	not_applicable	Healthy control				poly(A) whole-blood RNA-seq; Illumina HiSeq 2500	direct_GEO_SRA_link	False	patient	Public labels support cross-cohort pathway validation, not patient-level microbiome integration.
GSE194331/PRJNA800337	SRR17734566	SAMN25242473	HC-039	whole blood	Healthy control	not_applicable	Healthy control				poly(A) whole-blood RNA-seq; Illumina HiSeq 2500	direct_GEO_SRA_link	False	patient	Public labels support cross-cohort pathway validation, not patient-level microbiome integration.
GSE194331/PRJNA800337	SRR17734567	SAMN25242474	HC-038	whole blood	Healthy control	not_applicable	Healthy control				poly(A) whole-blood RNA-seq; Illumina HiSeq 2500	direct_GEO_SRA_link	False	patient	Public labels support cross-cohort pathway validation, not patient-level microbiome integration.
GSE194331/PRJNA800337	SRR17734568	SAMN25242475	HC-037	whole blood	Healthy control	not_applicable	Healthy control				poly(A) whole-blood RNA-seq; Illumina HiSeq 2500	direct_GEO_SRA_link	False	patient	Public labels support cross-cohort pathway validation, not patient-level microbiome integration.
GSE194331/PRJNA800337	SRR17734569	SAMN25242476	HC-036	whole blood	Healthy control	not_applicable	Healthy control				poly(A) whole-blood RNA-seq; Illumina HiSeq 2500	direct_GEO_SRA_link	False	patient	Public labels support cross-cohort pathway validation, not patient-level microbiome integration.
GSE194331/PRJNA800337	SRR17734570	SAMN25242477	HC-028	whole blood	Healthy control	not_applicable	Healthy control				poly(A) whole-blood RNA-seq; Illumina HiSeq 2500	direct_GEO_SRA_link	False	patient	Public labels support cross-cohort pathway validation, not patient-level microbiome integration.
GSE194331/PRJNA800337	SRR17734571	SAMN25242478	HC-027	whole blood	Healthy control	not_applicable	Healthy control				poly(A) whole-blood RNA-seq; Illumina HiSeq 2500	direct_GEO_SRA_link	False	patient	Public labels support cross-cohort pathway validation, not patient-level microbiome integration.
GSE194331/PRJNA800337	SRR17734572	SAMN25242479	HC-025	whole blood	Healthy control	not_applicable	Healthy control				poly(A) whole-blood RNA-seq; Illumina HiSeq 2500	direct_GEO_SRA_link	False	patient	Public labels support cross-cohort pathway validation, not patient-level microbiome integration.
GSE194331/PRJNA800337	SRR17734573	SAMN25242480	PANWES006	whole blood	Mild AP	severity_group	Mild AP				poly(A) whole-blood RNA-seq; Illumina HiSeq 2500	direct_GEO_SRA_link	False	patient	Public labels support cross-cohort pathway validation, not patient-level microbiome integration.
GSE194331/PRJNA800337	SRR17734574	SAMN25242481	PANWES005	whole blood	Mild AP	severity_group	Mild AP				poly(A) whole-blood RNA-seq; Illumina HiSeq 2500	direct_GEO_SRA_link	False	patient	Public labels support cross-cohort pathway validation, not patient-level microbiome integration.
GSE194331/PRJNA800337	SRR17734575	SAMN25242482	PANWES004	whole blood	Severe AP	severity_group	Severe AP				poly(A) whole-blood RNA-seq; Illumina HiSeq 2500	direct_GEO_SRA_link	False	patient	Public labels support cross-cohort pathway validation, not patient-level microbiome integration.
GSE194331/PRJNA800337	SRR17734576	SAMN25242483	PANWES003	whole blood	Mild AP	severity_group	Mild AP				poly(A) whole-blood RNA-seq; Illumina HiSeq 2500	direct_GEO_SRA_link	False	patient	Public labels support cross-cohort pathway validation, not patient-level microbiome integration.
GSE194331/PRJNA800337	SRR17734577	SAMN25242484	PANWES002	whole blood	Mild AP	severity_group	Mild AP				poly(A) whole-blood RNA-seq; Illumina HiSeq 2500	direct_GEO_SRA_link	False	patient	Public labels support cross-cohort pathway validation, not patient-level microbiome integration.
GSE194331/PRJNA800337	SRR17734578	SAMN25242549	PANNE021	whole blood	Severe AP	severity_group	Severe AP				poly(A) whole-blood RNA-seq; Illumina HiSeq 2500	direct_GEO_SRA_link	False	patient	Public labels support cross-cohort pathway validation, not patient-level microbiome integration.
GSE194331/PRJNA800337	SRR17734579	SAMN25242550	PANNE020	whole blood	Mild AP	severity_group	Mild AP				poly(A) whole-blood RNA-seq; Illumina HiSeq 2500	direct_GEO_SRA_link	False	patient	Public labels support cross-cohort pathway validation, not patient-level microbiome integration.
GSE194331/PRJNA800337	SRR17734580	SAMN25242551	PANNE019	whole blood	Severe AP	severity_group	Severe AP				poly(A) whole-blood RNA-seq; Illumina HiSeq 2500	direct_GEO_SRA_link	False	patient	Public labels support cross-cohort pathway validation, not patient-level microbiome integration.
GSE194331/PRJNA800337	SRR17734581	SAMN25242552	PANNE018	whole blood	Mild AP	severity_group	Mild AP				poly(A) whole-blood RNA-seq; Illumina HiSeq 2500	direct_GEO_SRA_link	False	patient	Public labels support cross-cohort pathway validation, not patient-level microbiome integration.
GSE194331/PRJNA800337	SRR17734582	SAMN25242553	PANNE017	whole blood	Mild AP	severity_group	Mild AP				poly(A) whole-blood RNA-seq; Illumina HiSeq 2500	direct_GEO_SRA_link	False	patient	Public labels support cross-cohort pathway validation, not patient-level microbiome integration.
GSE194331/PRJNA800337	SRR17734583	SAMN25242554	PANNE016	whole blood	Mild AP	severity_group	Mild AP				poly(A) whole-blood RNA-seq; Illumina HiSeq 2500	direct_GEO_SRA_link	False	patient	Public labels support cross-cohort pathway validation, not patient-level microbiome integration.
GSE194331/PRJNA800337	SRR17734584	SAMN25242555	PANNE015	whole blood	Mild AP	severity_group	Mild AP				poly(A) whole-blood RNA-seq; Illumina HiSeq 2500	direct_GEO_SRA_link	False	patient	Public labels support cross-cohort pathway validation, not patient-level microbiome integration.
GSE194331/PRJNA800337	SRR17734585	SAMN25242556	PANNE014	whole blood	Mild AP	severity_group	Mild AP				poly(A) whole-blood RNA-seq; Illumina HiSeq 2500	direct_GEO_SRA_link	False	patient	Public labels support cross-cohort pathway validation, not patient-level microbiome integration.
GSE194331/PRJNA800337	SRR17734586	SAMN25242557	PANNE013	whole blood	Severe AP	severity_group	Severe AP				poly(A) whole-blood RNA-seq; Illumina HiSeq 2500	direct_GEO_SRA_link	False	patient	Public labels support cross-cohort pathway validation, not patient-level microbiome integration.
GSE194331/PRJNA800337	SRR17734587	SAMN25242558	PANNE011	whole blood	Moderately-severe AP	severity_group	Moderately-severe AP				poly(A) whole-blood RNA-seq; Illumina HiSeq 2500	direct_GEO_SRA_link	False	patient	Public labels support cross-cohort pathway validation, not patient-level microbiome integration.
GSE194331/PRJNA800337	SRR17734588	SAMN25242559	PANNE010	whole blood	Moderately-severe AP	severity_group	Moderately-severe AP				poly(A) whole-blood RNA-seq; Illumina HiSeq 2500	direct_GEO_SRA_link	False	patient	Public labels support cross-cohort pathway validation, not patient-level microbiome integration.
GSE194331/PRJNA800337	SRR17734589	SAMN25242560	PANNE009	whole blood	Mild AP	severity_group	Mild AP				poly(A) whole-blood RNA-seq; Illumina HiSeq 2500	direct_GEO_SRA_link	False	patient	Public labels support cross-cohort pathway validation, not patient-level microbiome integration.
GSE194331/PRJNA800337	SRR17734590	SAMN25242561	PANNE008	whole blood	Mild AP	severity_group	Mild AP				poly(A) whole-blood RNA-seq; Illumina HiSeq 2500	direct_GEO_SRA_link	False	patient	Public labels support cross-cohort pathway validation, not patient-level microbiome integration.
GSE194331/PRJNA800337	SRR17734591	SAMN25242562	PANNE006	whole blood	Moderately-severe AP	severity_group	Moderately-severe AP				poly(A) whole-blood RNA-seq; Illumina HiSeq 2500	direct_GEO_SRA_link	False	patient	Public labels support cross-cohort pathway validation, not patient-level microbiome integration.
GSE194331/PRJNA800337	SRR17734592	SAMN25242563	PANNE005	whole blood	Moderately-severe AP	severity_group	Moderately-severe AP				poly(A) whole-blood RNA-seq; Illumina HiSeq 2500	direct_GEO_SRA_link	False	patient	Public labels support cross-cohort pathway validation, not patient-level microbiome integration.
GSE194331/PRJNA800337	SRR17734593	SAMN25242564	PANNE004	whole blood	Mild AP	severity_group	Mild AP				poly(A) whole-blood RNA-seq; Illumina HiSeq 2500	direct_GEO_SRA_link	False	patient	Public labels support cross-cohort pathway validation, not patient-level microbiome integration.
GSE194331/PRJNA800337	SRR17734594	SAMN25242485	PANSEP008	whole blood	Severe AP	severity_group	Severe AP				poly(A) whole-blood RNA-seq; Illumina HiSeq 2500	direct_GEO_SRA_link	False	patient	Public labels support cross-cohort pathway validation, not patient-level microbiome integration.
GSE194331/PRJNA800337	SRR17734595	SAMN25242486	PANSEP007	whole blood	Moderately-severe AP	severity_group	Moderately-severe AP				poly(A) whole-blood RNA-seq; Illumina HiSeq 2500	direct_GEO_SRA_link	False	patient	Public labels support cross-cohort pathway validation, not patient-level microbiome integration.
GSE194331/PRJNA800337	SRR17734596	SAMN25242487	PANSEP006	whole blood	Severe AP	severity_group	Severe AP				poly(A) whole-blood RNA-seq; Illumina HiSeq 2500	direct_GEO_SRA_link	False	patient	Public labels support cross-cohort pathway validation, not patient-level microbiome integration.
GSE194331/PRJNA800337	SRR17734597	SAMN25242488	PANSEP005	whole blood	Moderately-severe AP	severity_group	Moderately-severe AP				poly(A) whole-blood RNA-seq; Illumina HiSeq 2500	direct_GEO_SRA_link	False	patient	Public labels support cross-cohort pathway validation, not patient-level microbiome integration.
GSE194331/PRJNA800337	SRR17734598	SAMN25242489	PANSEP004	whole blood	Moderately-severe AP	severity_group	Moderately-severe AP				poly(A) whole-blood RNA-seq; Illumina HiSeq 2500	direct_GEO_SRA_link	False	patient	Public labels support cross-cohort pathway validation, not patient-level microbiome integration.
GSE194331/PRJNA800337	SRR17734599	SAMN25242490	PANSEP003	whole blood	Severe AP	severity_group	Severe AP				poly(A) whole-blood RNA-seq; Illumina HiSeq 2500	direct_GEO_SRA_link	False	patient	Public labels support cross-cohort pathway validation, not patient-level microbiome integration.
GSE194331/PRJNA800337	SRR17734600	SAMN25242491	PANSEP002	whole blood	Moderately-severe AP	severity_group	Moderately-severe AP				poly(A) whole-blood RNA-seq; Illumina HiSeq 2500	direct_GEO_SRA_link	False	patient	Public labels support cross-cohort pathway validation, not patient-level microbiome integration.
GSE194331/PRJNA800337	SRR17734601	SAMN25242492	PANSEP001	whole blood	Moderately-severe AP	severity_group	Moderately-severe AP				poly(A) whole-blood RNA-seq; Illumina HiSeq 2500	direct_GEO_SRA_link	False	patient	Public labels support cross-cohort pathway validation, not patient-level microbiome integration.
GSE194331/PRJNA800337	SRR17734602	SAMN25242493	PANNE085	whole blood	Moderately-severe AP	severity_group	Moderately-severe AP				poly(A) whole-blood RNA-seq; Illumina HiSeq 2500	direct_GEO_SRA_link	False	patient	Public labels support cross-cohort pathway validation, not patient-level microbiome integration.
GSE194331/PRJNA800337	SRR17734603	SAMN25242494	PANNE082	whole blood	Moderately-severe AP	severity_group	Moderately-severe AP				poly(A) whole-blood RNA-seq; Illumina HiSeq 2500	direct_GEO_SRA_link	False	patient	Public labels support cross-cohort pathway validation, not patient-level microbiome integration.
GSE194331/PRJNA800337	SRR17734604	SAMN25242495	PANNE081	whole blood	Mild AP	severity_group	Mild AP				poly(A) whole-blood RNA-seq; Illumina HiSeq 2500	direct_GEO_SRA_link	False	patient	Public labels support cross-cohort pathway validation, not patient-level microbiome integration.
GSE194331/PRJNA800337	SRR17734605	SAMN25242496	PANNE080	whole blood	Mild AP	severity_group	Mild AP				poly(A) whole-blood RNA-seq; Illumina HiSeq 2500	direct_GEO_SRA_link	False	patient	Public labels support cross-cohort pathway validation, not patient-level microbiome integration.
GSE194331/PRJNA800337	SRR17734606	SAMN25242497	PANNE079	whole blood	Mild AP	severity_group	Mild AP				poly(A) whole-blood RNA-seq; Illumina HiSeq 2500	direct_GEO_SRA_link	False	patient	Public labels support cross-cohort pathway validation, not patient-level microbiome integration.
GSE194331/PRJNA800337	SRR17734607	SAMN25242498	PANNE078	whole blood	Mild AP	severity_group	Mild AP				poly(A) whole-blood RNA-seq; Illumina HiSeq 2500	direct_GEO_SRA_link	False	patient	Public labels support cross-cohort pathway validation, not patient-level microbiome integration.
GSE194331/PRJNA800337	SRR17734608	SAMN25242499	PANNE077	whole blood	Mild AP	severity_group	Mild AP				poly(A) whole-blood RNA-seq; Illumina HiSeq 2500	direct_GEO_SRA_link	False	patient	Public labels support cross-cohort pathway validation, not patient-level microbiome integration.
GSE194331/PRJNA800337	SRR17734609	SAMN25242500	PANNE076	whole blood	Moderately-severe AP	severity_group	Moderately-severe AP				poly(A) whole-blood RNA-seq; Illumina HiSeq 2500	direct_GEO_SRA_link	False	patient	Public labels support cross-cohort pathway validation, not patient-level microbiome integration.
GSE194331/PRJNA800337	SRR17734610	SAMN25242565	PANNE003	whole blood	Mild AP	severity_group	Mild AP				poly(A) whole-blood RNA-seq; Illumina HiSeq 2500	direct_GEO_SRA_link	False	patient	Public labels support cross-cohort pathway validation, not patient-level microbiome integration.
GSE194331/PRJNA800337	SRR17734611	SAMN25242566	PANNE002	whole blood	Mild AP	severity_group	Mild AP				poly(A) whole-blood RNA-seq; Illumina HiSeq 2500	direct_GEO_SRA_link	False	patient	Public labels support cross-cohort pathway validation, not patient-level microbiome integration.
ST004767		SA578921	AP001	Blood plasma	acute pancreatitis	cross_sectional_disease_group					untargeted HILIC LC-MS, positive and negative Orbitrap	direct_Metabolomics_Workbench_factor	False	human_sample	No public AP severity, etiology, organ-failure or collection-time label.
ST004767		SA578923	AP002	Blood plasma	acute pancreatitis	cross_sectional_disease_group					untargeted HILIC LC-MS, positive and negative Orbitrap	direct_Metabolomics_Workbench_factor	False	human_sample	No public AP severity, etiology, organ-failure or collection-time label.
ST004767		SA578924	AP003	Blood plasma	acute pancreatitis	cross_sectional_disease_group					untargeted HILIC LC-MS, positive and negative Orbitrap	direct_Metabolomics_Workbench_factor	False	human_sample	No public AP severity, etiology, organ-failure or collection-time label.
ST004767		SA578907	AP004	Blood plasma	acute pancreatitis	cross_sectional_disease_group					untargeted HILIC LC-MS, positive and negative Orbitrap	direct_Metabolomics_Workbench_factor	False	human_sample	No public AP severity, etiology, organ-failure or collection-time label.
ST004767		SA578895	AP005	Blood plasma	acute pancreatitis	cross_sectional_disease_group					untargeted HILIC LC-MS, positive and negative Orbitrap	direct_Metabolomics_Workbench_factor	False	human_sample	No public AP severity, etiology, organ-failure or collection-time label.
ST004767		SA578896	AP006	Blood plasma	acute pancreatitis	cross_sectional_disease_group					untargeted HILIC LC-MS, positive and negative Orbitrap	direct_Metabolomics_Workbench_factor	False	human_sample	No public AP severity, etiology, organ-failure or collection-time label.
ST004767		SA578918	AP007	Blood plasma	acute pancreatitis	cross_sectional_disease_group					untargeted HILIC LC-MS, positive and negative Orbitrap	direct_Metabolomics_Workbench_factor	False	human_sample	No public AP severity, etiology, organ-failure or collection-time label.
ST004767		SA578917	AP008	Blood plasma	acute pancreatitis	cross_sectional_disease_group					untargeted HILIC LC-MS, positive and negative Orbitrap	direct_Metabolomics_Workbench_factor	False	human_sample	No public AP severity, etiology, organ-failure or collection-time label.
ST004767		SA578916	AP009	Blood plasma	acute pancreatitis	cross_sectional_disease_group					untargeted HILIC LC-MS, positive and negative Orbitrap	direct_Metabolomics_Workbench_factor	False	human_sample	No public AP severity, etiology, organ-failure or collection-time label.
ST004767		SA578915	AP010	Blood plasma	acute pancreatitis	cross_sectional_disease_group					untargeted HILIC LC-MS, positive and negative Orbitrap	direct_Metabolomics_Workbench_factor	False	human_sample	No public AP severity, etiology, organ-failure or collection-time label.
ST004767		SA578914	AP011	Blood plasma	acute pancreatitis	cross_sectional_disease_group					untargeted HILIC LC-MS, positive and negative Orbitrap	direct_Metabolomics_Workbench_factor	False	human_sample	No public AP severity, etiology, organ-failure or collection-time label.
ST004767		SA578913	AP012	Blood plasma	acute pancreatitis	cross_sectional_disease_group					untargeted HILIC LC-MS, positive and negative Orbitrap	direct_Metabolomics_Workbench_factor	False	human_sample	No public AP severity, etiology, organ-failure or collection-time label.
ST004767		SA578912	AP013	Blood plasma	acute pancreatitis	cross_sectional_disease_group					untargeted HILIC LC-MS, positive and negative Orbitrap	direct_Metabolomics_Workbench_factor	False	human_sample	No public AP severity, etiology, organ-failure or collection-time label.
ST004767		SA578911	AP014	Blood plasma	acute pancreatitis	cross_sectional_disease_group					untargeted HILIC LC-MS, positive and negative Orbitrap	direct_Metabolomics_Workbench_factor	False	human_sample	No public AP severity, etiology, organ-failure or collection-time label.
ST004767		SA578910	AP015	Blood plasma	acute pancreatitis	cross_sectional_disease_group					untargeted HILIC LC-MS, positive and negative Orbitrap	direct_Metabolomics_Workbench_factor	False	human_sample	No public AP severity, etiology, organ-failure or collection-time label.
ST004767		SA578909	AP016	Blood plasma	acute pancreatitis	cross_sectional_disease_group					untargeted HILIC LC-MS, positive and negative Orbitrap	direct_Metabolomics_Workbench_factor	False	human_sample	No public AP severity, etiology, organ-failure or collection-time label.
ST004767		SA578944	AP017	Blood plasma	acute pancreatitis	cross_sectional_disease_group					untargeted HILIC LC-MS, positive and negative Orbitrap	direct_Metabolomics_Workbench_factor	False	human_sample	No public AP severity, etiology, organ-failure or collection-time label.
ST004767		SA578897	AP018	Blood plasma	acute pancreatitis	cross_sectional_disease_group					untargeted HILIC LC-MS, positive and negative Orbitrap	direct_Metabolomics_Workbench_factor	False	human_sample	No public AP severity, etiology, organ-failure or collection-time label.
ST004767		SA578906	AP019	Blood plasma	acute pancreatitis	cross_sectional_disease_group					untargeted HILIC LC-MS, positive and negative Orbitrap	direct_Metabolomics_Workbench_factor	False	human_sample	No public AP severity, etiology, organ-failure or collection-time label.
ST004767		SA578905	AP020	Blood plasma	acute pancreatitis	cross_sectional_disease_group					untargeted HILIC LC-MS, positive and negative Orbitrap	direct_Metabolomics_Workbench_factor	False	human_sample	No public AP severity, etiology, organ-failure or collection-time label.
ST004767		SA578904	AP021	Blood plasma	acute pancreatitis	cross_sectional_disease_group					untargeted HILIC LC-MS, positive and negative Orbitrap	direct_Metabolomics_Workbench_factor	False	human_sample	No public AP severity, etiology, organ-failure or collection-time label.
ST004767		SA578903	AP022	Blood plasma	acute pancreatitis	cross_sectional_disease_group					untargeted HILIC LC-MS, positive and negative Orbitrap	direct_Metabolomics_Workbench_factor	False	human_sample	No public AP severity, etiology, organ-failure or collection-time label.
ST004767		SA578902	AP023	Blood plasma	acute pancreatitis	cross_sectional_disease_group					untargeted HILIC LC-MS, positive and negative Orbitrap	direct_Metabolomics_Workbench_factor	False	human_sample	No public AP severity, etiology, organ-failure or collection-time label.
ST004767		SA578901	AP024	Blood plasma	acute pancreatitis	cross_sectional_disease_group					untargeted HILIC LC-MS, positive and negative Orbitrap	direct_Metabolomics_Workbench_factor	False	human_sample	No public AP severity, etiology, organ-failure or collection-time label.
ST004767		SA578900	AP025	Blood plasma	acute pancreatitis	cross_sectional_disease_group					untargeted HILIC LC-MS, positive and negative Orbitrap	direct_Metabolomics_Workbench_factor	False	human_sample	No public AP severity, etiology, organ-failure or collection-time label.
ST004767		SA578899	AP026	Blood plasma	acute pancreatitis	cross_sectional_disease_group					untargeted HILIC LC-MS, positive and negative Orbitrap	direct_Metabolomics_Workbench_factor	False	human_sample	No public AP severity, etiology, organ-failure or collection-time label.
ST004767		SA578898	AP027	Blood plasma	acute pancreatitis	cross_sectional_disease_group					untargeted HILIC LC-MS, positive and negative Orbitrap	direct_Metabolomics_Workbench_factor	False	human_sample	No public AP severity, etiology, organ-failure or collection-time label.
ST004767		SA578919	AP028	Blood plasma	acute pancreatitis	cross_sectional_disease_group					untargeted HILIC LC-MS, positive and negative Orbitrap	direct_Metabolomics_Workbench_factor	False	human_sample	No public AP severity, etiology, organ-failure or collection-time label.
ST004767		SA578908	AP029	Blood plasma	acute pancreatitis	cross_sectional_disease_group					untargeted HILIC LC-MS, positive and negative Orbitrap	direct_Metabolomics_Workbench_factor	False	human_sample	No public AP severity, etiology, organ-failure or collection-time label.
ST004767		SA578920	AP030	Blood plasma	acute pancreatitis	cross_sectional_disease_group					untargeted HILIC LC-MS, positive and negative Orbitrap	direct_Metabolomics_Workbench_factor	False	human_sample	No public AP severity, etiology, organ-failure or collection-time label.
ST004767		SA578933	AP031	Blood plasma	acute pancreatitis	cross_sectional_disease_group					untargeted HILIC LC-MS, positive and negative Orbitrap	direct_Metabolomics_Workbench_factor	False	human_sample	No public AP severity, etiology, organ-failure or collection-time label.
ST004767		SA578943	AP032	Blood plasma	acute pancreatitis	cross_sectional_disease_group					untargeted HILIC LC-MS, positive and negative Orbitrap	direct_Metabolomics_Workbench_factor	False	human_sample	No public AP severity, etiology, organ-failure or collection-time label.
ST004767		SA578942	AP033	Blood plasma	acute pancreatitis	cross_sectional_disease_group					untargeted HILIC LC-MS, positive and negative Orbitrap	direct_Metabolomics_Workbench_factor	False	human_sample	No public AP severity, etiology, organ-failure or collection-time label.
ST004767		SA578941	AP034	Blood plasma	acute pancreatitis	cross_sectional_disease_group					untargeted HILIC LC-MS, positive and negative Orbitrap	direct_Metabolomics_Workbench_factor	False	human_sample	No public AP severity, etiology, organ-failure or collection-time label.
ST004767		SA578940	AP035	Blood plasma	acute pancreatitis	cross_sectional_disease_group					untargeted HILIC LC-MS, positive and negative Orbitrap	direct_Metabolomics_Workbench_factor	False	human_sample	No public AP severity, etiology, organ-failure or collection-time label.
ST004767		SA578939	AP036	Blood plasma	acute pancreatitis	cross_sectional_disease_group					untargeted HILIC LC-MS, positive and negative Orbitrap	direct_Metabolomics_Workbench_factor	False	human_sample	No public AP severity, etiology, organ-failure or collection-time label.
ST004767		SA578938	AP037	Blood plasma	acute pancreatitis	cross_sectional_disease_group					untargeted HILIC LC-MS, positive and negative Orbitrap	direct_Metabolomics_Workbench_factor	False	human_sample	No public AP severity, etiology, organ-failure or collection-time label.
ST004767		SA578937	AP038	Blood plasma	acute pancreatitis	cross_sectional_disease_group					untargeted HILIC LC-MS, positive and negative Orbitrap	direct_Metabolomics_Workbench_factor	False	human_sample	No public AP severity, etiology, organ-failure or collection-time label.
ST004767		SA578936	AP039	Blood plasma	acute pancreatitis	cross_sectional_disease_group					untargeted HILIC LC-MS, positive and negative Orbitrap	direct_Metabolomics_Workbench_factor	False	human_sample	No public AP severity, etiology, organ-failure or collection-time label.
ST004767		SA578935	AP040	Blood plasma	acute pancreatitis	cross_sectional_disease_group					untargeted HILIC LC-MS, positive and negative Orbitrap	direct_Metabolomics_Workbench_factor	False	human_sample	No public AP severity, etiology, organ-failure or collection-time label.
ST004767		SA578934	AP041	Blood plasma	acute pancreatitis	cross_sectional_disease_group					untargeted HILIC LC-MS, positive and negative Orbitrap	direct_Metabolomics_Workbench_factor	False	human_sample	No public AP severity, etiology, organ-failure or collection-time label.
ST004767		SA578932	AP042	Blood plasma	acute pancreatitis	cross_sectional_disease_group					untargeted HILIC LC-MS, positive and negative Orbitrap	direct_Metabolomics_Workbench_factor	False	human_sample	No public AP severity, etiology, organ-failure or collection-time label.
ST004767		SA578922	AP043	Blood plasma	acute pancreatitis	cross_sectional_disease_group					untargeted HILIC LC-MS, positive and negative Orbitrap	direct_Metabolomics_Workbench_factor	False	human_sample	No public AP severity, etiology, organ-failure or collection-time label.
ST004767		SA578931	AP044	Blood plasma	acute pancreatitis	cross_sectional_disease_group					untargeted HILIC LC-MS, positive and negative Orbitrap	direct_Metabolomics_Workbench_factor	False	human_sample	No public AP severity, etiology, organ-failure or collection-time label.
ST004767		SA578930	AP045	Blood plasma	acute pancreatitis	cross_sectional_disease_group					untargeted HILIC LC-MS, positive and negative Orbitrap	direct_Metabolomics_Workbench_factor	False	human_sample	No public AP severity, etiology, organ-failure or collection-time label.
ST004767		SA578929	AP046	Blood plasma	acute pancreatitis	cross_sectional_disease_group					untargeted HILIC LC-MS, positive and negative Orbitrap	direct_Metabolomics_Workbench_factor	False	human_sample	No public AP severity, etiology, organ-failure or collection-time label.
ST004767		SA578928	AP047	Blood plasma	acute pancreatitis	cross_sectional_disease_group					untargeted HILIC LC-MS, positive and negative Orbitrap	direct_Metabolomics_Workbench_factor	False	human_sample	No public AP severity, etiology, organ-failure or collection-time label.
ST004767		SA578927	AP048	Blood plasma	acute pancreatitis	cross_sectional_disease_group					untargeted HILIC LC-MS, positive and negative Orbitrap	direct_Metabolomics_Workbench_factor	False	human_sample	No public AP severity, etiology, organ-failure or collection-time label.
ST004767		SA578926	AP049	Blood plasma	acute pancreatitis	cross_sectional_disease_group					untargeted HILIC LC-MS, positive and negative Orbitrap	direct_Metabolomics_Workbench_factor	False	human_sample	No public AP severity, etiology, organ-failure or collection-time label.
ST004767		SA578925	AP050	Blood plasma	acute pancreatitis	cross_sectional_disease_group					untargeted HILIC LC-MS, positive and negative Orbitrap	direct_Metabolomics_Workbench_factor	False	human_sample	No public AP severity, etiology, organ-failure or collection-time label.
ST004767		SA578807	CP001	Blood plasma	Chronic Pancreatitis	cross_sectional_disease_group					untargeted HILIC LC-MS, positive and negative Orbitrap	direct_Metabolomics_Workbench_factor	False	human_sample	No public AP severity, etiology, organ-failure or collection-time label.
ST004767		SA578808	CP002	Blood plasma	Chronic Pancreatitis	cross_sectional_disease_group					untargeted HILIC LC-MS, positive and negative Orbitrap	direct_Metabolomics_Workbench_factor	False	human_sample	No public AP severity, etiology, organ-failure or collection-time label.
ST004767		SA578809	CP003	Blood plasma	Chronic Pancreatitis	cross_sectional_disease_group					untargeted HILIC LC-MS, positive and negative Orbitrap	direct_Metabolomics_Workbench_factor	False	human_sample	No public AP severity, etiology, organ-failure or collection-time label.
ST004767		SA578810	CP004	Blood plasma	Chronic Pancreatitis	cross_sectional_disease_group					untargeted HILIC LC-MS, positive and negative Orbitrap	direct_Metabolomics_Workbench_factor	False	human_sample	No public AP severity, etiology, organ-failure or collection-time label.
ST004767		SA578811	CP005	Blood plasma	Chronic Pancreatitis	cross_sectional_disease_group					untargeted HILIC LC-MS, positive and negative Orbitrap	direct_Metabolomics_Workbench_factor	False	human_sample	No public AP severity, etiology, organ-failure or collection-time label.
ST004767		SA578812	CP006	Blood plasma	Chronic Pancreatitis	cross_sectional_disease_group					untargeted HILIC LC-MS, positive and negative Orbitrap	direct_Metabolomics_Workbench_factor	False	human_sample	No public AP severity, etiology, organ-failure or collection-time label.
ST004767		SA578813	CP007	Blood plasma	Chronic Pancreatitis	cross_sectional_disease_group					untargeted HILIC LC-MS, positive and negative Orbitrap	direct_Metabolomics_Workbench_factor	False	human_sample	No public AP severity, etiology, organ-failure or collection-time label.
ST004767		SA578806	CP008	Blood plasma	Chronic Pancreatitis	cross_sectional_disease_group					untargeted HILIC LC-MS, positive and negative Orbitrap	direct_Metabolomics_Workbench_factor	False	human_sample	No public AP severity, etiology, organ-failure or collection-time label.
ST004767		SA578814	CP009	Blood plasma	Chronic Pancreatitis	cross_sectional_disease_group					untargeted HILIC LC-MS, positive and negative Orbitrap	direct_Metabolomics_Workbench_factor	False	human_sample	No public AP severity, etiology, organ-failure or collection-time label.
ST004767		SA578824	CP010	Blood plasma	Chronic Pancreatitis	cross_sectional_disease_group					untargeted HILIC LC-MS, positive and negative Orbitrap	direct_Metabolomics_Workbench_factor	False	human_sample	No public AP severity, etiology, organ-failure or collection-time label.
ST004767		SA578816	CP011	Blood plasma	Chronic Pancreatitis	cross_sectional_disease_group					untargeted HILIC LC-MS, positive and negative Orbitrap	direct_Metabolomics_Workbench_factor	False	human_sample	No public AP severity, etiology, organ-failure or collection-time label.
ST004767		SA578817	CP012	Blood plasma	Chronic Pancreatitis	cross_sectional_disease_group					untargeted HILIC LC-MS, positive and negative Orbitrap	direct_Metabolomics_Workbench_factor	False	human_sample	No public AP severity, etiology, organ-failure or collection-time label.
ST004767		SA578818	CP013	Blood plasma	Chronic Pancreatitis	cross_sectional_disease_group					untargeted HILIC LC-MS, positive and negative Orbitrap	direct_Metabolomics_Workbench_factor	False	human_sample	No public AP severity, etiology, organ-failure or collection-time label.
ST004767		SA578819	CP014	Blood plasma	Chronic Pancreatitis	cross_sectional_disease_group					untargeted HILIC LC-MS, positive and negative Orbitrap	direct_Metabolomics_Workbench_factor	False	human_sample	No public AP severity, etiology, organ-failure or collection-time label.
ST004767		SA578820	CP015	Blood plasma	Chronic Pancreatitis	cross_sectional_disease_group					untargeted HILIC LC-MS, positive and negative Orbitrap	direct_Metabolomics_Workbench_factor	False	human_sample	No public AP severity, etiology, organ-failure or collection-time label.
ST004767		SA578821	CP016	Blood plasma	Chronic Pancreatitis	cross_sectional_disease_group					untargeted HILIC LC-MS, positive and negative Orbitrap	direct_Metabolomics_Workbench_factor	False	human_sample	No public AP severity, etiology, organ-failure or collection-time label.
ST004767		SA578804	CP017	Blood plasma	Chronic Pancreatitis	cross_sectional_disease_group					untargeted HILIC LC-MS, positive and negative Orbitrap	direct_Metabolomics_Workbench_factor	False	human_sample	No public AP severity, etiology, organ-failure or collection-time label.
ST004767		SA578822	CP018	Blood plasma	Chronic Pancreatitis	cross_sectional_disease_group					untargeted HILIC LC-MS, positive and negative Orbitrap	direct_Metabolomics_Workbench_factor	False	human_sample	No public AP severity, etiology, organ-failure or collection-time label.
ST004767		SA578823	CP019	Blood plasma	Chronic Pancreatitis	cross_sectional_disease_group					untargeted HILIC LC-MS, positive and negative Orbitrap	direct_Metabolomics_Workbench_factor	False	human_sample	No public AP severity, etiology, organ-failure or collection-time label.
ST004767		SA578815	CP020	Blood plasma	Chronic Pancreatitis	cross_sectional_disease_group					untargeted HILIC LC-MS, positive and negative Orbitrap	direct_Metabolomics_Workbench_factor	False	human_sample	No public AP severity, etiology, organ-failure or collection-time label.
ST004767		SA578805	CP021	Blood plasma	Chronic Pancreatitis	cross_sectional_disease_group					untargeted HILIC LC-MS, positive and negative Orbitrap	direct_Metabolomics_Workbench_factor	False	human_sample	No public AP severity, etiology, organ-failure or collection-time label.
ST004767		SA578798	CP022	Blood plasma	Chronic Pancreatitis	cross_sectional_disease_group					untargeted HILIC LC-MS, positive and negative Orbitrap	direct_Metabolomics_Workbench_factor	False	human_sample	No public AP severity, etiology, organ-failure or collection-time label.
ST004767		SA578803	CP023	Blood plasma	Chronic Pancreatitis	cross_sectional_disease_group					untargeted HILIC LC-MS, positive and negative Orbitrap	direct_Metabolomics_Workbench_factor	False	human_sample	No public AP severity, etiology, organ-failure or collection-time label.
ST004767		SA578786	CP024	Blood plasma	Chronic Pancreatitis	cross_sectional_disease_group					untargeted HILIC LC-MS, positive and negative Orbitrap	direct_Metabolomics_Workbench_factor	False	human_sample	No public AP severity, etiology, organ-failure or collection-time label.
ST004767		SA578787	CP025	Blood plasma	Chronic Pancreatitis	cross_sectional_disease_group					untargeted HILIC LC-MS, positive and negative Orbitrap	direct_Metabolomics_Workbench_factor	False	human_sample	No public AP severity, etiology, organ-failure or collection-time label.
ST004767		SA578788	CP026	Blood plasma	Chronic Pancreatitis	cross_sectional_disease_group					untargeted HILIC LC-MS, positive and negative Orbitrap	direct_Metabolomics_Workbench_factor	False	human_sample	No public AP severity, etiology, organ-failure or collection-time label.
ST004767		SA578789	CP027	Blood plasma	Chronic Pancreatitis	cross_sectional_disease_group					untargeted HILIC LC-MS, positive and negative Orbitrap	direct_Metabolomics_Workbench_factor	False	human_sample	No public AP severity, etiology, organ-failure or collection-time label.
ST004767		SA578790	CP028	Blood plasma	Chronic Pancreatitis	cross_sectional_disease_group					untargeted HILIC LC-MS, positive and negative Orbitrap	direct_Metabolomics_Workbench_factor	False	human_sample	No public AP severity, etiology, organ-failure or collection-time label.
ST004767		SA578791	CP029	Blood plasma	Chronic Pancreatitis	cross_sectional_disease_group					untargeted HILIC LC-MS, positive and negative Orbitrap	direct_Metabolomics_Workbench_factor	False	human_sample	No public AP severity, etiology, organ-failure or collection-time label.
ST004767		SA578792	CP030	Blood plasma	Chronic Pancreatitis	cross_sectional_disease_group					untargeted HILIC LC-MS, positive and negative Orbitrap	direct_Metabolomics_Workbench_factor	False	human_sample	No public AP severity, etiology, organ-failure or collection-time label.
ST004767		SA578794	CP031	Blood plasma	Chronic Pancreatitis	cross_sectional_disease_group					untargeted HILIC LC-MS, positive and negative Orbitrap	direct_Metabolomics_Workbench_factor	False	human_sample	No public AP severity, etiology, organ-failure or collection-time label.
ST004767		SA578795	CP032	Blood plasma	Chronic Pancreatitis	cross_sectional_disease_group					untargeted HILIC LC-MS, positive and negative Orbitrap	direct_Metabolomics_Workbench_factor	False	human_sample	No public AP severity, etiology, organ-failure or collection-time label.
ST004767		SA578796	CP033	Blood plasma	Chronic Pancreatitis	cross_sectional_disease_group					untargeted HILIC LC-MS, positive and negative Orbitrap	direct_Metabolomics_Workbench_factor	False	human_sample	No public AP severity, etiology, organ-failure or collection-time label.
ST004767		SA578797	CP034	Blood plasma	Chronic Pancreatitis	cross_sectional_disease_group					untargeted HILIC LC-MS, positive and negative Orbitrap	direct_Metabolomics_Workbench_factor	False	human_sample	No public AP severity, etiology, organ-failure or collection-time label.
ST004767		SA578793	CP035	Blood plasma	Chronic Pancreatitis	cross_sectional_disease_group					untargeted HILIC LC-MS, positive and negative Orbitrap	direct_Metabolomics_Workbench_factor	False	human_sample	No public AP severity, etiology, organ-failure or collection-time label.
ST004767		SA578799	CP036	Blood plasma	Chronic Pancreatitis	cross_sectional_disease_group					untargeted HILIC LC-MS, positive and negative Orbitrap	direct_Metabolomics_Workbench_factor	False	human_sample	No public AP severity, etiology, organ-failure or collection-time label.
ST004767		SA578800	CP037	Blood plasma	Chronic Pancreatitis	cross_sectional_disease_group					untargeted HILIC LC-MS, positive and negative Orbitrap	direct_Metabolomics_Workbench_factor	False	human_sample	No public AP severity, etiology, organ-failure or collection-time label.
ST004767		SA578801	CP038	Blood plasma	Chronic Pancreatitis	cross_sectional_disease_group					untargeted HILIC LC-MS, positive and negative Orbitrap	direct_Metabolomics_Workbench_factor	False	human_sample	No public AP severity, etiology, organ-failure or collection-time label.
ST004767		SA578802	CP039	Blood plasma	Chronic Pancreatitis	cross_sectional_disease_group					untargeted HILIC LC-MS, positive and negative Orbitrap	direct_Metabolomics_Workbench_factor	False	human_sample	No public AP severity, etiology, organ-failure or collection-time label.
ST004767		SA578773	C001	Blood plasma	CONTROL	cross_sectional_disease_group					untargeted HILIC LC-MS, positive and negative Orbitrap	direct_Metabolomics_Workbench_factor	False	human_sample	No public AP severity, etiology, organ-failure or collection-time label.
ST004767		SA578757	C002	Blood plasma	CONTROL	cross_sectional_disease_group					untargeted HILIC LC-MS, positive and negative Orbitrap	direct_Metabolomics_Workbench_factor	False	human_sample	No public AP severity, etiology, organ-failure or collection-time label.
ST004767		SA578756	C003	Blood plasma	CONTROL	cross_sectional_disease_group					untargeted HILIC LC-MS, positive and negative Orbitrap	direct_Metabolomics_Workbench_factor	False	human_sample	No public AP severity, etiology, organ-failure or collection-time label.
ST004767		SA578755	C004	Blood plasma	CONTROL	cross_sectional_disease_group					untargeted HILIC LC-MS, positive and negative Orbitrap	direct_Metabolomics_Workbench_factor	False	human_sample	No public AP severity, etiology, organ-failure or collection-time label.
ST004767		SA578754	C005	Blood plasma	CONTROL	cross_sectional_disease_group					untargeted HILIC LC-MS, positive and negative Orbitrap	direct_Metabolomics_Workbench_factor	False	human_sample	No public AP severity, etiology, organ-failure or collection-time label.
ST004767		SA578753	C006	Blood plasma	CONTROL	cross_sectional_disease_group					untargeted HILIC LC-MS, positive and negative Orbitrap	direct_Metabolomics_Workbench_factor	False	human_sample	No public AP severity, etiology, organ-failure or collection-time label.
ST004767		SA578759	C007	Blood plasma	CONTROL	cross_sectional_disease_group					untargeted HILIC LC-MS, positive and negative Orbitrap	direct_Metabolomics_Workbench_factor	False	human_sample	No public AP severity, etiology, organ-failure or collection-time label.
ST004767		SA578752	C008	Blood plasma	CONTROL	cross_sectional_disease_group					untargeted HILIC LC-MS, positive and negative Orbitrap	direct_Metabolomics_Workbench_factor	False	human_sample	No public AP severity, etiology, organ-failure or collection-time label.
ST004767		SA578751	C009	Blood plasma	CONTROL	cross_sectional_disease_group					untargeted HILIC LC-MS, positive and negative Orbitrap	direct_Metabolomics_Workbench_factor	False	human_sample	No public AP severity, etiology, organ-failure or collection-time label.
ST004767		SA578750	C010	Blood plasma	CONTROL	cross_sectional_disease_group					untargeted HILIC LC-MS, positive and negative Orbitrap	direct_Metabolomics_Workbench_factor	False	human_sample	No public AP severity, etiology, organ-failure or collection-time label.
ST004767		SA578749	C011	Blood plasma	CONTROL	cross_sectional_disease_group					untargeted HILIC LC-MS, positive and negative Orbitrap	direct_Metabolomics_Workbench_factor	False	human_sample	No public AP severity, etiology, organ-failure or collection-time label.
ST004767		SA578748	C012	Blood plasma	CONTROL	cross_sectional_disease_group					untargeted HILIC LC-MS, positive and negative Orbitrap	direct_Metabolomics_Workbench_factor	False	human_sample	No public AP severity, etiology, organ-failure or collection-time label.
ST004767		SA578746	C013	Blood plasma	CONTROL	cross_sectional_disease_group					untargeted HILIC LC-MS, positive and negative Orbitrap	direct_Metabolomics_Workbench_factor	False	human_sample	No public AP severity, etiology, organ-failure or collection-time label.
ST004767		SA578735	C014	Blood plasma	CONTROL	cross_sectional_disease_group					untargeted HILIC LC-MS, positive and negative Orbitrap	direct_Metabolomics_Workbench_factor	False	human_sample	No public AP severity, etiology, organ-failure or collection-time label.
ST004767		SA578745	C015	Blood plasma	CONTROL	cross_sectional_disease_group					untargeted HILIC LC-MS, positive and negative Orbitrap	direct_Metabolomics_Workbench_factor	False	human_sample	No public AP severity, etiology, organ-failure or collection-time label.
ST004767		SA578744	C016	Blood plasma	CONTROL	cross_sectional_disease_group					untargeted HILIC LC-MS, positive and negative Orbitrap	direct_Metabolomics_Workbench_factor	False	human_sample	No public AP severity, etiology, organ-failure or collection-time label.
ST004767		SA578743	C017	Blood plasma	CONTROL	cross_sectional_disease_group					untargeted HILIC LC-MS, positive and negative Orbitrap	direct_Metabolomics_Workbench_factor	False	human_sample	No public AP severity, etiology, organ-failure or collection-time label.
ST004767		SA578742	C018	Blood plasma	CONTROL	cross_sectional_disease_group					untargeted HILIC LC-MS, positive and negative Orbitrap	direct_Metabolomics_Workbench_factor	False	human_sample	No public AP severity, etiology, organ-failure or collection-time label.
ST004767		SA578741	C019	Blood plasma	CONTROL	cross_sectional_disease_group					untargeted HILIC LC-MS, positive and negative Orbitrap	direct_Metabolomics_Workbench_factor	False	human_sample	No public AP severity, etiology, organ-failure or collection-time label.
ST004767		SA578740	C020	Blood plasma	CONTROL	cross_sectional_disease_group					untargeted HILIC LC-MS, positive and negative Orbitrap	direct_Metabolomics_Workbench_factor	False	human_sample	No public AP severity, etiology, organ-failure or collection-time label.
ST004767		SA578739	C021	Blood plasma	CONTROL	cross_sectional_disease_group					untargeted HILIC LC-MS, positive and negative Orbitrap	direct_Metabolomics_Workbench_factor	False	human_sample	No public AP severity, etiology, organ-failure or collection-time label.
ST004767		SA578738	C022	Blood plasma	CONTROL	cross_sectional_disease_group					untargeted HILIC LC-MS, positive and negative Orbitrap	direct_Metabolomics_Workbench_factor	False	human_sample	No public AP severity, etiology, organ-failure or collection-time label.
ST004767		SA578737	C023	Blood plasma	CONTROL	cross_sectional_disease_group					untargeted HILIC LC-MS, positive and negative Orbitrap	direct_Metabolomics_Workbench_factor	False	human_sample	No public AP severity, etiology, organ-failure or collection-time label.
ST004767		SA578736	C024	Blood plasma	CONTROL	cross_sectional_disease_group					untargeted HILIC LC-MS, positive and negative Orbitrap	direct_Metabolomics_Workbench_factor	False	human_sample	No public AP severity, etiology, organ-failure or collection-time label.
ST004767		SA578758	C025	Blood plasma	CONTROL	cross_sectional_disease_group					untargeted HILIC LC-MS, positive and negative Orbitrap	direct_Metabolomics_Workbench_factor	False	human_sample	No public AP severity, etiology, organ-failure or collection-time label.
ST004767		SA578747	C026	Blood plasma	CONTROL	cross_sectional_disease_group					untargeted HILIC LC-MS, positive and negative Orbitrap	direct_Metabolomics_Workbench_factor	False	human_sample	No public AP severity, etiology, organ-failure or collection-time label.
ST004767		SA578760	C027	Blood plasma	CONTROL	cross_sectional_disease_group					untargeted HILIC LC-MS, positive and negative Orbitrap	direct_Metabolomics_Workbench_factor	False	human_sample	No public AP severity, etiology, organ-failure or collection-time label.
ST004767		SA578764	C028	Blood plasma	CONTROL	cross_sectional_disease_group					untargeted HILIC LC-MS, positive and negative Orbitrap	direct_Metabolomics_Workbench_factor	False	human_sample	No public AP severity, etiology, organ-failure or collection-time label.
ST004767		SA578781	C029	Blood plasma	CONTROL	cross_sectional_disease_group					untargeted HILIC LC-MS, positive and negative Orbitrap	direct_Metabolomics_Workbench_factor	False	human_sample	No public AP severity, etiology, organ-failure or collection-time label.
ST004767		SA578777	C030	Blood plasma	CONTROL	cross_sectional_disease_group					untargeted HILIC LC-MS, positive and negative Orbitrap	direct_Metabolomics_Workbench_factor	False	human_sample	No public AP severity, etiology, organ-failure or collection-time label.
ST004767		SA578778	C031	Blood plasma	CONTROL	cross_sectional_disease_group					untargeted HILIC LC-MS, positive and negative Orbitrap	direct_Metabolomics_Workbench_factor	False	human_sample	No public AP severity, etiology, organ-failure or collection-time label.
ST004767		SA578780	C032	Blood plasma	CONTROL	cross_sectional_disease_group					untargeted HILIC LC-MS, positive and negative Orbitrap	direct_Metabolomics_Workbench_factor	False	human_sample	No public AP severity, etiology, organ-failure or collection-time label.
ST004767		SA578779	C033	Blood plasma	CONTROL	cross_sectional_disease_group					untargeted HILIC LC-MS, positive and negative Orbitrap	direct_Metabolomics_Workbench_factor	False	human_sample	No public AP severity, etiology, organ-failure or collection-time label.
ST004767		SA578775	C034	Blood plasma	CONTROL	cross_sectional_disease_group					untargeted HILIC LC-MS, positive and negative Orbitrap	direct_Metabolomics_Workbench_factor	False	human_sample	No public AP severity, etiology, organ-failure or collection-time label.
ST004767		SA578782	C035	Blood plasma	CONTROL	cross_sectional_disease_group					untargeted HILIC LC-MS, positive and negative Orbitrap	direct_Metabolomics_Workbench_factor	False	human_sample	No public AP severity, etiology, organ-failure or collection-time label.
ST004767		SA578783	C036	Blood plasma	CONTROL	cross_sectional_disease_group					untargeted HILIC LC-MS, positive and negative Orbitrap	direct_Metabolomics_Workbench_factor	False	human_sample	No public AP severity, etiology, organ-failure or collection-time label.
ST004767		SA578784	C037	Blood plasma	CONTROL	cross_sectional_disease_group					untargeted HILIC LC-MS, positive and negative Orbitrap	direct_Metabolomics_Workbench_factor	False	human_sample	No public AP severity, etiology, organ-failure or collection-time label.
ST004767		SA578785	C038	Blood plasma	CONTROL	cross_sectional_disease_group					untargeted HILIC LC-MS, positive and negative Orbitrap	direct_Metabolomics_Workbench_factor	False	human_sample	No public AP severity, etiology, organ-failure or collection-time label.
ST004767		SA578776	C039	Blood plasma	CONTROL	cross_sectional_disease_group					untargeted HILIC LC-MS, positive and negative Orbitrap	direct_Metabolomics_Workbench_factor	False	human_sample	No public AP severity, etiology, organ-failure or collection-time label.
ST004767		SA578774	C040	Blood plasma	CONTROL	cross_sectional_disease_group					untargeted HILIC LC-MS, positive and negative Orbitrap	direct_Metabolomics_Workbench_factor	False	human_sample	No public AP severity, etiology, organ-failure or collection-time label.
ST004767		SA578761	C041	Blood plasma	CONTROL	cross_sectional_disease_group					untargeted HILIC LC-MS, positive and negative Orbitrap	direct_Metabolomics_Workbench_factor	False	human_sample	No public AP severity, etiology, organ-failure or collection-time label.
ST004767		SA578772	C042	Blood plasma	CONTROL	cross_sectional_disease_group					untargeted HILIC LC-MS, positive and negative Orbitrap	direct_Metabolomics_Workbench_factor	False	human_sample	No public AP severity, etiology, organ-failure or collection-time label.
ST004767		SA578771	C043	Blood plasma	CONTROL	cross_sectional_disease_group					untargeted HILIC LC-MS, positive and negative Orbitrap	direct_Metabolomics_Workbench_factor	False	human_sample	No public AP severity, etiology, organ-failure or collection-time label.
ST004767		SA578770	C044	Blood plasma	CONTROL	cross_sectional_disease_group					untargeted HILIC LC-MS, positive and negative Orbitrap	direct_Metabolomics_Workbench_factor	False	human_sample	No public AP severity, etiology, organ-failure or collection-time label.
ST004767		SA578769	C045	Blood plasma	CONTROL	cross_sectional_disease_group					untargeted HILIC LC-MS, positive and negative Orbitrap	direct_Metabolomics_Workbench_factor	False	human_sample	No public AP severity, etiology, organ-failure or collection-time label.
ST004767		SA578768	C046	Blood plasma	CONTROL	cross_sectional_disease_group					untargeted HILIC LC-MS, positive and negative Orbitrap	direct_Metabolomics_Workbench_factor	False	human_sample	No public AP severity, etiology, organ-failure or collection-time label.
ST004767		SA578767	C047	Blood plasma	CONTROL	cross_sectional_disease_group					untargeted HILIC LC-MS, positive and negative Orbitrap	direct_Metabolomics_Workbench_factor	False	human_sample	No public AP severity, etiology, organ-failure or collection-time label.
ST004767		SA578766	C048	Blood plasma	CONTROL	cross_sectional_disease_group					untargeted HILIC LC-MS, positive and negative Orbitrap	direct_Metabolomics_Workbench_factor	False	human_sample	No public AP severity, etiology, organ-failure or collection-time label.
ST004767		SA578765	C049	Blood plasma	CONTROL	cross_sectional_disease_group					untargeted HILIC LC-MS, positive and negative Orbitrap	direct_Metabolomics_Workbench_factor	False	human_sample	No public AP severity, etiology, organ-failure or collection-time label.
ST004767		SA578763	C050	Blood plasma	CONTROL	cross_sectional_disease_group					untargeted HILIC LC-MS, positive and negative Orbitrap	direct_Metabolomics_Workbench_factor	False	human_sample	No public AP severity, etiology, organ-failure or collection-time label.
ST004767		SA578762	C051	Blood plasma	CONTROL	cross_sectional_disease_group					untargeted HILIC LC-MS, positive and negative Orbitrap	direct_Metabolomics_Workbench_factor	False	human_sample	No public AP severity, etiology, organ-failure or collection-time label.
ST004767		SA578826	PA001	Blood plasma	Pancreatic adenocarcinoma	cross_sectional_disease_group					untargeted HILIC LC-MS, positive and negative Orbitrap	direct_Metabolomics_Workbench_factor	False	human_sample	No public AP severity, etiology, organ-failure or collection-time label.
ST004767		SA578825	PA002	Blood plasma	Pancreatic adenocarcinoma	cross_sectional_disease_group					untargeted HILIC LC-MS, positive and negative Orbitrap	direct_Metabolomics_Workbench_factor	False	human_sample	No public AP severity, etiology, organ-failure or collection-time label.
ST004767		SA578864	PA003	Blood plasma	Pancreatic adenocarcinoma	cross_sectional_disease_group					untargeted HILIC LC-MS, positive and negative Orbitrap	direct_Metabolomics_Workbench_factor	False	human_sample	No public AP severity, etiology, organ-failure or collection-time label.
ST004767		SA578865	PA004	Blood plasma	Pancreatic adenocarcinoma	cross_sectional_disease_group					untargeted HILIC LC-MS, positive and negative Orbitrap	direct_Metabolomics_Workbench_factor	False	human_sample	No public AP severity, etiology, organ-failure or collection-time label.
ST004767		SA578866	PA005	Blood plasma	Pancreatic adenocarcinoma	cross_sectional_disease_group					untargeted HILIC LC-MS, positive and negative Orbitrap	direct_Metabolomics_Workbench_factor	False	human_sample	No public AP severity, etiology, organ-failure or collection-time label.
ST004767		SA578867	PA006	Blood plasma	Pancreatic adenocarcinoma	cross_sectional_disease_group					untargeted HILIC LC-MS, positive and negative Orbitrap	direct_Metabolomics_Workbench_factor	False	human_sample	No public AP severity, etiology, organ-failure or collection-time label.
ST004767		SA578862	PA007	Blood plasma	Pancreatic adenocarcinoma	cross_sectional_disease_group					untargeted HILIC LC-MS, positive and negative Orbitrap	direct_Metabolomics_Workbench_factor	False	human_sample	No public AP severity, etiology, organ-failure or collection-time label.
ST004767		SA578869	PA008	Blood plasma	Pancreatic adenocarcinoma	cross_sectional_disease_group					untargeted HILIC LC-MS, positive and negative Orbitrap	direct_Metabolomics_Workbench_factor	False	human_sample	No public AP severity, etiology, organ-failure or collection-time label.
ST004767		SA578874	PA009	Blood plasma	Pancreatic adenocarcinoma	cross_sectional_disease_group					untargeted HILIC LC-MS, positive and negative Orbitrap	direct_Metabolomics_Workbench_factor	False	human_sample	No public AP severity, etiology, organ-failure or collection-time label.
ST004767		SA578870	PA010	Blood plasma	Pancreatic adenocarcinoma	cross_sectional_disease_group					untargeted HILIC LC-MS, positive and negative Orbitrap	direct_Metabolomics_Workbench_factor	False	human_sample	No public AP severity, etiology, organ-failure or collection-time label.
ST004767		SA578871	PA011	Blood plasma	Pancreatic adenocarcinoma	cross_sectional_disease_group					untargeted HILIC LC-MS, positive and negative Orbitrap	direct_Metabolomics_Workbench_factor	False	human_sample	No public AP severity, etiology, organ-failure or collection-time label.
ST004767		SA578872	PA012	Blood plasma	Pancreatic adenocarcinoma	cross_sectional_disease_group					untargeted HILIC LC-MS, positive and negative Orbitrap	direct_Metabolomics_Workbench_factor	False	human_sample	No public AP severity, etiology, organ-failure or collection-time label.
ST004767		SA578873	PA013	Blood plasma	Pancreatic adenocarcinoma	cross_sectional_disease_group					untargeted HILIC LC-MS, positive and negative Orbitrap	direct_Metabolomics_Workbench_factor	False	human_sample	No public AP severity, etiology, organ-failure or collection-time label.
ST004767		SA578863	PA014	Blood plasma	Pancreatic adenocarcinoma	cross_sectional_disease_group					untargeted HILIC LC-MS, positive and negative Orbitrap	direct_Metabolomics_Workbench_factor	False	human_sample	No public AP severity, etiology, organ-failure or collection-time label.
ST004767		SA578860	PA015	Blood plasma	Pancreatic adenocarcinoma	cross_sectional_disease_group					untargeted HILIC LC-MS, positive and negative Orbitrap	direct_Metabolomics_Workbench_factor	False	human_sample	No public AP severity, etiology, organ-failure or collection-time label.
ST004767		SA578844	PA016	Blood plasma	Pancreatic adenocarcinoma	cross_sectional_disease_group					untargeted HILIC LC-MS, positive and negative Orbitrap	direct_Metabolomics_Workbench_factor	False	human_sample	No public AP severity, etiology, organ-failure or collection-time label.
ST004767		SA578859	PA017	Blood plasma	Pancreatic adenocarcinoma	cross_sectional_disease_group					untargeted HILIC LC-MS, positive and negative Orbitrap	direct_Metabolomics_Workbench_factor	False	human_sample	No public AP severity, etiology, organ-failure or collection-time label.
ST004767		SA578829	PA018	Blood plasma	Pancreatic adenocarcinoma	cross_sectional_disease_group					untargeted HILIC LC-MS, positive and negative Orbitrap	direct_Metabolomics_Workbench_factor	False	human_sample	No public AP severity, etiology, organ-failure or collection-time label.
ST004767		SA578830	PA019	Blood plasma	Pancreatic adenocarcinoma	cross_sectional_disease_group					untargeted HILIC LC-MS, positive and negative Orbitrap	direct_Metabolomics_Workbench_factor	False	human_sample	No public AP severity, etiology, organ-failure or collection-time label.
ST004767		SA578831	PA020	Blood plasma	Pancreatic adenocarcinoma	cross_sectional_disease_group					untargeted HILIC LC-MS, positive and negative Orbitrap	direct_Metabolomics_Workbench_factor	False	human_sample	No public AP severity, etiology, organ-failure or collection-time label.
ST004767		SA578832	PA021	Blood plasma	Pancreatic adenocarcinoma	cross_sectional_disease_group					untargeted HILIC LC-MS, positive and negative Orbitrap	direct_Metabolomics_Workbench_factor	False	human_sample	No public AP severity, etiology, organ-failure or collection-time label.
ST004767		SA578833	PA022	Blood plasma	Pancreatic adenocarcinoma	cross_sectional_disease_group					untargeted HILIC LC-MS, positive and negative Orbitrap	direct_Metabolomics_Workbench_factor	False	human_sample	No public AP severity, etiology, organ-failure or collection-time label.
ST004767		SA578834	PA023	Blood plasma	Pancreatic adenocarcinoma	cross_sectional_disease_group					untargeted HILIC LC-MS, positive and negative Orbitrap	direct_Metabolomics_Workbench_factor	False	human_sample	No public AP severity, etiology, organ-failure or collection-time label.
ST004767		SA578835	PA024	Blood plasma	Pancreatic adenocarcinoma	cross_sectional_disease_group					untargeted HILIC LC-MS, positive and negative Orbitrap	direct_Metabolomics_Workbench_factor	False	human_sample	No public AP severity, etiology, organ-failure or collection-time label.
ST004767		SA578836	PA025	Blood plasma	Pancreatic adenocarcinoma	cross_sectional_disease_group					untargeted HILIC LC-MS, positive and negative Orbitrap	direct_Metabolomics_Workbench_factor	False	human_sample	No public AP severity, etiology, organ-failure or collection-time label.
ST004767		SA578837	PA026	Blood plasma	Pancreatic adenocarcinoma	cross_sectional_disease_group					untargeted HILIC LC-MS, positive and negative Orbitrap	direct_Metabolomics_Workbench_factor	False	human_sample	No public AP severity, etiology, organ-failure or collection-time label.
ST004767		SA578838	PA027	Blood plasma	Pancreatic adenocarcinoma	cross_sectional_disease_group					untargeted HILIC LC-MS, positive and negative Orbitrap	direct_Metabolomics_Workbench_factor	False	human_sample	No public AP severity, etiology, organ-failure or collection-time label.
ST004767		SA578839	PA028	Blood plasma	Pancreatic adenocarcinoma	cross_sectional_disease_group					untargeted HILIC LC-MS, positive and negative Orbitrap	direct_Metabolomics_Workbench_factor	False	human_sample	No public AP severity, etiology, organ-failure or collection-time label.
ST004767		SA578840	PA029	Blood plasma	Pancreatic adenocarcinoma	cross_sectional_disease_group					untargeted HILIC LC-MS, positive and negative Orbitrap	direct_Metabolomics_Workbench_factor	False	human_sample	No public AP severity, etiology, organ-failure or collection-time label.
ST004767		SA578851	PA030	Blood plasma	Pancreatic adenocarcinoma	cross_sectional_disease_group					untargeted HILIC LC-MS, positive and negative Orbitrap	direct_Metabolomics_Workbench_factor	False	human_sample	No public AP severity, etiology, organ-failure or collection-time label.
ST004767		SA578861	PA031	Blood plasma	Pancreatic adenocarcinoma	cross_sectional_disease_group					untargeted HILIC LC-MS, positive and negative Orbitrap	direct_Metabolomics_Workbench_factor	False	human_sample	No public AP severity, etiology, organ-failure or collection-time label.
ST004767		SA578868	PA032	Blood plasma	Pancreatic adenocarcinoma	cross_sectional_disease_group					untargeted HILIC LC-MS, positive and negative Orbitrap	direct_Metabolomics_Workbench_factor	False	human_sample	No public AP severity, etiology, organ-failure or collection-time label.
ST004767		SA578858	PA033	Blood plasma	Pancreatic adenocarcinoma	cross_sectional_disease_group					untargeted HILIC LC-MS, positive and negative Orbitrap	direct_Metabolomics_Workbench_factor	False	human_sample	No public AP severity, etiology, organ-failure or collection-time label.
ST004767		SA578857	PA034	Blood plasma	Pancreatic adenocarcinoma	cross_sectional_disease_group					untargeted HILIC LC-MS, positive and negative Orbitrap	direct_Metabolomics_Workbench_factor	False	human_sample	No public AP severity, etiology, organ-failure or collection-time label.
ST004767		SA578856	PA035	Blood plasma	Pancreatic adenocarcinoma	cross_sectional_disease_group					untargeted HILIC LC-MS, positive and negative Orbitrap	direct_Metabolomics_Workbench_factor	False	human_sample	No public AP severity, etiology, organ-failure or collection-time label.
ST004767		SA578855	PA036	Blood plasma	Pancreatic adenocarcinoma	cross_sectional_disease_group					untargeted HILIC LC-MS, positive and negative Orbitrap	direct_Metabolomics_Workbench_factor	False	human_sample	No public AP severity, etiology, organ-failure or collection-time label.
ST004767		SA578854	PA037	Blood plasma	Pancreatic adenocarcinoma	cross_sectional_disease_group					untargeted HILIC LC-MS, positive and negative Orbitrap	direct_Metabolomics_Workbench_factor	False	human_sample	No public AP severity, etiology, organ-failure or collection-time label.
ST004767		SA578853	PA038	Blood plasma	Pancreatic adenocarcinoma	cross_sectional_disease_group					untargeted HILIC LC-MS, positive and negative Orbitrap	direct_Metabolomics_Workbench_factor	False	human_sample	No public AP severity, etiology, organ-failure or collection-time label.
ST004767		SA578852	PA039	Blood plasma	Pancreatic adenocarcinoma	cross_sectional_disease_group					untargeted HILIC LC-MS, positive and negative Orbitrap	direct_Metabolomics_Workbench_factor	False	human_sample	No public AP severity, etiology, organ-failure or collection-time label.
ST004767		SA578827	PA040	Blood plasma	Pancreatic adenocarcinoma	cross_sectional_disease_group					untargeted HILIC LC-MS, positive and negative Orbitrap	direct_Metabolomics_Workbench_factor	False	human_sample	No public AP severity, etiology, organ-failure or collection-time label.
ST004767		SA578850	PA041	Blood plasma	Pancreatic adenocarcinoma	cross_sectional_disease_group					untargeted HILIC LC-MS, positive and negative Orbitrap	direct_Metabolomics_Workbench_factor	False	human_sample	No public AP severity, etiology, organ-failure or collection-time label.
ST004767		SA578849	PA042	Blood plasma	Pancreatic adenocarcinoma	cross_sectional_disease_group					untargeted HILIC LC-MS, positive and negative Orbitrap	direct_Metabolomics_Workbench_factor	False	human_sample	No public AP severity, etiology, organ-failure or collection-time label.
ST004767		SA578848	PA043	Blood plasma	Pancreatic adenocarcinoma	cross_sectional_disease_group					untargeted HILIC LC-MS, positive and negative Orbitrap	direct_Metabolomics_Workbench_factor	False	human_sample	No public AP severity, etiology, organ-failure or collection-time label.
ST004767		SA578847	PA044	Blood plasma	Pancreatic adenocarcinoma	cross_sectional_disease_group					untargeted HILIC LC-MS, positive and negative Orbitrap	direct_Metabolomics_Workbench_factor	False	human_sample	No public AP severity, etiology, organ-failure or collection-time label.
ST004767		SA578846	PA045	Blood plasma	Pancreatic adenocarcinoma	cross_sectional_disease_group					untargeted HILIC LC-MS, positive and negative Orbitrap	direct_Metabolomics_Workbench_factor	False	human_sample	No public AP severity, etiology, organ-failure or collection-time label.
ST004767		SA578845	PA046	Blood plasma	Pancreatic adenocarcinoma	cross_sectional_disease_group					untargeted HILIC LC-MS, positive and negative Orbitrap	direct_Metabolomics_Workbench_factor	False	human_sample	No public AP severity, etiology, organ-failure or collection-time label.
ST004767		SA578843	PA047	Blood plasma	Pancreatic adenocarcinoma	cross_sectional_disease_group					untargeted HILIC LC-MS, positive and negative Orbitrap	direct_Metabolomics_Workbench_factor	False	human_sample	No public AP severity, etiology, organ-failure or collection-time label.
ST004767		SA578828	PA048	Blood plasma	Pancreatic adenocarcinoma	cross_sectional_disease_group					untargeted HILIC LC-MS, positive and negative Orbitrap	direct_Metabolomics_Workbench_factor	False	human_sample	No public AP severity, etiology, organ-failure or collection-time label.
ST004767		SA578842	PA049	Blood plasma	Pancreatic adenocarcinoma	cross_sectional_disease_group					untargeted HILIC LC-MS, positive and negative Orbitrap	direct_Metabolomics_Workbench_factor	False	human_sample	No public AP severity, etiology, organ-failure or collection-time label.
ST004767		SA578841	PA050	Blood plasma	Pancreatic adenocarcinoma	cross_sectional_disease_group					untargeted HILIC LC-MS, positive and negative Orbitrap	direct_Metabolomics_Workbench_factor	False	human_sample	No public AP severity, etiology, organ-failure or collection-time label.
ST004767		SA578893	QC01	_QC_	QC	cross_sectional_disease_group					untargeted HILIC LC-MS, positive and negative Orbitrap	direct_Metabolomics_Workbench_factor	True	QC_sample	No public AP severity, etiology, organ-failure or collection-time label.
ST004767		SA578892	QC02	_QC_	QC	cross_sectional_disease_group					untargeted HILIC LC-MS, positive and negative Orbitrap	direct_Metabolomics_Workbench_factor	True	QC_sample	No public AP severity, etiology, organ-failure or collection-time label.
ST004767		SA578891	QC03	_QC_	QC	cross_sectional_disease_group					untargeted HILIC LC-MS, positive and negative Orbitrap	direct_Metabolomics_Workbench_factor	True	QC_sample	No public AP severity, etiology, organ-failure or collection-time label.
ST004767		SA578890	QC04	_QC_	QC	cross_sectional_disease_group					untargeted HILIC LC-MS, positive and negative Orbitrap	direct_Metabolomics_Workbench_factor	True	QC_sample	No public AP severity, etiology, organ-failure or collection-time label.
ST004767		SA578894	QC05	_QC_	QC	cross_sectional_disease_group					untargeted HILIC LC-MS, positive and negative Orbitrap	direct_Metabolomics_Workbench_factor	True	QC_sample	No public AP severity, etiology, organ-failure or collection-time label.
ST004767		SA578889	QC06	_QC_	QC	cross_sectional_disease_group					untargeted HILIC LC-MS, positive and negative Orbitrap	direct_Metabolomics_Workbench_factor	True	QC_sample	No public AP severity, etiology, organ-failure or collection-time label.
ST004767		SA578888	QC07	_QC_	QC	cross_sectional_disease_group					untargeted HILIC LC-MS, positive and negative Orbitrap	direct_Metabolomics_Workbench_factor	True	QC_sample	No public AP severity, etiology, organ-failure or collection-time label.
ST004767		SA578887	QC08	_QC_	QC	cross_sectional_disease_group					untargeted HILIC LC-MS, positive and negative Orbitrap	direct_Metabolomics_Workbench_factor	True	QC_sample	No public AP severity, etiology, organ-failure or collection-time label.
ST004767		SA578884	QC09	_QC_	QC	cross_sectional_disease_group					untargeted HILIC LC-MS, positive and negative Orbitrap	direct_Metabolomics_Workbench_factor	True	QC_sample	No public AP severity, etiology, organ-failure or collection-time label.
ST004767		SA578886	QC10	_QC_	QC	cross_sectional_disease_group					untargeted HILIC LC-MS, positive and negative Orbitrap	direct_Metabolomics_Workbench_factor	True	QC_sample	No public AP severity, etiology, organ-failure or collection-time label.
ST004767		SA578885	QC11	_QC_	QC	cross_sectional_disease_group					untargeted HILIC LC-MS, positive and negative Orbitrap	direct_Metabolomics_Workbench_factor	True	QC_sample	No public AP severity, etiology, organ-failure or collection-time label.
ST004767		SA578875	QC12	_QC_	QC	cross_sectional_disease_group					untargeted HILIC LC-MS, positive and negative Orbitrap	direct_Metabolomics_Workbench_factor	True	QC_sample	No public AP severity, etiology, organ-failure or collection-time label.
ST004767		SA578883	QC13	_QC_	QC	cross_sectional_disease_group					untargeted HILIC LC-MS, positive and negative Orbitrap	direct_Metabolomics_Workbench_factor	True	QC_sample	No public AP severity, etiology, organ-failure or collection-time label.
ST004767		SA578882	QC14	_QC_	QC	cross_sectional_disease_group					untargeted HILIC LC-MS, positive and negative Orbitrap	direct_Metabolomics_Workbench_factor	True	QC_sample	No public AP severity, etiology, organ-failure or collection-time label.
ST004767		SA578881	QC15	_QC_	QC	cross_sectional_disease_group					untargeted HILIC LC-MS, positive and negative Orbitrap	direct_Metabolomics_Workbench_factor	True	QC_sample	No public AP severity, etiology, organ-failure or collection-time label.
ST004767		SA578880	QC16	_QC_	QC	cross_sectional_disease_group					untargeted HILIC LC-MS, positive and negative Orbitrap	direct_Metabolomics_Workbench_factor	True	QC_sample	No public AP severity, etiology, organ-failure or collection-time label.
ST004767		SA578879	QC17	_QC_	QC	cross_sectional_disease_group					untargeted HILIC LC-MS, positive and negative Orbitrap	direct_Metabolomics_Workbench_factor	True	QC_sample	No public AP severity, etiology, organ-failure or collection-time label.
ST004767		SA578878	QC18	_QC_	QC	cross_sectional_disease_group					untargeted HILIC LC-MS, positive and negative Orbitrap	direct_Metabolomics_Workbench_factor	True	QC_sample	No public AP severity, etiology, organ-failure or collection-time label.
ST004767		SA578877	QC19	_QC_	QC	cross_sectional_disease_group					untargeted HILIC LC-MS, positive and negative Orbitrap	direct_Metabolomics_Workbench_factor	True	QC_sample	No public AP severity, etiology, organ-failure or collection-time label.
ST004767		SA578876	QC20	_QC_	QC	cross_sectional_disease_group					untargeted HILIC LC-MS, positive and negative Orbitrap	direct_Metabolomics_Workbench_factor	True	QC_sample	No public AP severity, etiology, organ-failure or collection-time label.
